{"type": "FeatureCollection", "features": [{"type": "Feature", "id": "obs-ANDHERI-SEG-001-0", "properties": {"roadId": "ANDHERI-SEG-001", "roadName": "Swami Vivekanand Road", "condition": "HEALTHY", "color": "#10b981", "score": 88}, "geometry": {"type": "Point", "coordinates": [72.8441185, 19.1165909]}}, {"type": "Feature", "id": "obs-ANDHERI-SEG-001-1", "properties": {"roadId": "ANDHERI-SEG-001", "roadName": "Swami Vivekanand Road", "condition": "HEALTHY", "color": "#10b981", "score": 88}, "geometry": {"type": "Point", "coordinates": [72.844392, 19.116841]}}, {"type": "Feature", "id": "obs-ANDHERI-SEG-001-2", "properties": {"roadId": "ANDHERI-SEG-001", "roadName": "Swami Vivekanand Road", "condition": "HEALTHY", "color": "#10b981", "score": 88}, "geometry": {"type": "Point", "coordinates": [72.844545, 19.117168]}}, {"type": "Feature", "id": "obs-ANDHERI-SEG-001-3", "properties": {"roadId": "ANDHERI-SEG-001", "roadName": "Swami Vivekanand Road", "condition": "HEALTHY", "color": "#10b981", "score": 88}, "geometry": {"type": "Point", "coordinates": [72.844655, 19.117512]}}, {"type": "Feature", "id": "obs-ANDHERI-SEG-001-4", "properties": {"roadId": "ANDHERI-SEG-001", "roadName": "Swami Vivekanand Road", "condition": "HEALTHY", "color": "#10b981", "score": 88}, "geometry": {"type": "Point", "coordinates": [72.844765, 19.117857]}}, {"type": "Feature", "id": "obs-ANDHERI-SEG-001-5", "properties": {"roadId": "ANDHERI-SEG-001", "roadName": "Swami Vivekanand Road", "condition": "HEALTHY", "color": "#10b981", "score": 88}, "geometry": {"type": "Point", "coordinates": [72.844875, 19.118201]}}, {"type": "Feature", "id": "obs-ANDHERI-SEG-001-6", "properties": {"roadId": "ANDHERI-SEG-001", "roadName": "Swami Vivekanand Road", "condition": "HEALTHY", "color": "#10b981", "score": 88}, "geometry": {"type": "Point", "coordinates": [72.844984, 19.118545]}}, {"type": "Feature", "id": "obs-ANDHERI-SEG-001-7", "properties": {"roadId": "ANDHERI-SEG-001", "roadName": "Swami Vivekanand Road", "condition": "HEALTHY", "color": "#10b981", "score": 88}, "geometry": {"type": "Point", "coordinates": [72.845103, 19.118887]}}, {"type": "Feature", "id": "obs-ANDHERI-SEG-001-8", "properties": {"roadId": "ANDHERI-SEG-001", "roadName": "Swami Vivekanand Road", "condition": "HEALTHY", "color": "#10b981", "score": 88}, "geometry": {"type": "Point", "coordinates": [72.845231, 19.119226]}}, {"type": "Feature", "id": "obs-ANDHERI-SEG-001-9", "properties": {"roadId": "ANDHERI-SEG-001", "roadName": "Swami Vivekanand Road", "condition": "HEALTHY", "color": "#10b981", "score": 88}, "geometry": {"type": "Point", "coordinates": [72.845359, 19.119565]}}, {"type": "Feature", "id": "obs-ANDHERI-SEG-001-10", "properties": {"roadId": "ANDHERI-SEG-001", "roadName": "Swami Vivekanand Road", "condition": "HEALTHY", "color": "#10b981", "score": 88}, "geometry": {"type": "Point", "coordinates": [72.845485, 19.119904]}}, {"type": "Feature", "id": "obs-ANDHERI-SEG-001-11", "properties": {"roadId": "ANDHERI-SEG-001", "roadName": "Swami Vivekanand Road", "condition": "HEALTHY", "color": "#10b981", "score": 88}, "geometry": {"type": "Point", "coordinates": [72.8455023, 19.1199519]}}, {"type": "Feature", "id": "obs-ANDHERI-SEG-002-0", "properties": {"roadId": "ANDHERI-SEG-002", "roadName": "Link Road", "condition": "HEALTHY", "color": "#10b981", "score": 82}, "geometry": {"type": "Point", "coordinates": [72.831029, 19.128147]}}, {"type": "Feature", "id": "obs-ANDHERI-SEG-002-1", "properties": {"roadId": "ANDHERI-SEG-002", "roadName": "Link Road", "condition": "HEALTHY", "color": "#10b981", "score": 82}, "geometry": {"type": "Point", "coordinates": [72.831116, 19.128497]}}, {"type": "Feature", "id": "obs-ANDHERI-SEG-002-2", "properties": {"roadId": "ANDHERI-SEG-002", "roadName": "Link Road", "condition": "HEALTHY", "color": "#10b981", "score": 82}, "geometry": {"type": "Point", "coordinates": [72.831203, 19.128847]}}, {"type": "Feature", "id": "obs-ANDHERI-SEG-002-3", "properties": {"roadId": "ANDHERI-SEG-002", "roadName": "Link Road", "condition": "HEALTHY", "color": "#10b981", "score": 82}, "geometry": {"type": "Point", "coordinates": [72.831289, 19.129198]}}, {"type": "Feature", "id": "obs-ANDHERI-SEG-002-4", "properties": {"roadId": "ANDHERI-SEG-002", "roadName": "Link Road", "condition": "HEALTHY", "color": "#10b981", "score": 82}, "geometry": {"type": "Point", "coordinates": [72.831374, 19.129549]}}, {"type": "Feature", "id": "obs-ANDHERI-SEG-002-5", "properties": {"roadId": "ANDHERI-SEG-002", "roadName": "Link Road", "condition": "HEALTHY", "color": "#10b981", "score": 82}, "geometry": {"type": "Point", "coordinates": [72.831462, 19.129898]}}, {"type": "Feature", "id": "obs-ANDHERI-SEG-002-6", "properties": {"roadId": "ANDHERI-SEG-002", "roadName": "Link Road", "condition": "HEALTHY", "color": "#10b981", "score": 82}, "geometry": {"type": "Point", "coordinates": [72.8315, 19.130252]}}, {"type": "Feature", "id": "obs-ANDHERI-SEG-002-7", "properties": {"roadId": "ANDHERI-SEG-002", "roadName": "Link Road", "condition": "HEALTHY", "color": "#10b981", "score": 82}, "geometry": {"type": "Point", "coordinates": [72.831419, 19.130604]}}, {"type": "Feature", "id": "obs-ANDHERI-SEG-002-8", "properties": {"roadId": "ANDHERI-SEG-002", "roadName": "Link Road", "condition": "HEALTHY", "color": "#10b981", "score": 82}, "geometry": {"type": "Point", "coordinates": [72.831346, 19.130955]}}, {"type": "Feature", "id": "obs-ANDHERI-SEG-002-9", "properties": {"roadId": "ANDHERI-SEG-002", "roadName": "Link Road", "condition": "HEALTHY", "color": "#10b981", "score": 82}, "geometry": {"type": "Point", "coordinates": [72.831386, 19.131313]}}, {"type": "Feature", "id": "obs-ANDHERI-SEG-002-10", "properties": {"roadId": "ANDHERI-SEG-002", "roadName": "Link Road", "condition": "HEALTHY", "color": "#10b981", "score": 82}, "geometry": {"type": "Point", "coordinates": [72.831445, 19.131668]}}, {"type": "Feature", "id": "obs-ANDHERI-SEG-002-11", "properties": {"roadId": "ANDHERI-SEG-002", "roadName": "Link Road", "condition": "HEALTHY", "color": "#10b981", "score": 82}, "geometry": {"type": "Point", "coordinates": [72.831506, 19.132023]}}, {"type": "Feature", "id": "obs-ANDHERI-SEG-002-12", "properties": {"roadId": "ANDHERI-SEG-002", "roadName": "Link Road", "condition": "HEALTHY", "color": "#10b981", "score": 82}, "geometry": {"type": "Point", "coordinates": [72.8315502, 19.1322263]}}, {"type": "Feature", "id": "obs-ANDHERI-SEG-003-0", "properties": {"roadId": "ANDHERI-SEG-003", "roadName": "Jai Prakash Road", "condition": "POOR", "color": "#f97316", "score": 68}, "geometry": {"type": "Point", "coordinates": [72.8396545, 19.1264983]}}, {"type": "Feature", "id": "obs-ANDHERI-SEG-003-1", "properties": {"roadId": "ANDHERI-SEG-003", "roadName": "Jai Prakash Road", "condition": "WATCH", "color": "#eab308", "score": 68}, "geometry": {"type": "Point", "coordinates": [72.84002, 19.126398]}}, {"type": "Feature", "id": "obs-ANDHERI-SEG-003-2", "properties": {"roadId": "ANDHERI-SEG-003", "roadName": "Jai Prakash Road", "condition": "WATCH", "color": "#eab308", "score": 68}, "geometry": {"type": "Point", "coordinates": [72.840384, 19.126292]}}, {"type": "Feature", "id": "obs-ANDHERI-SEG-003-3", "properties": {"roadId": "ANDHERI-SEG-003", "roadName": "Jai Prakash Road", "condition": "WATCH", "color": "#eab308", "score": 68}, "geometry": {"type": "Point", "coordinates": [72.840725, 19.126139]}}, {"type": "Feature", "id": "obs-ANDHERI-SEG-003-4", "properties": {"roadId": "ANDHERI-SEG-003", "roadName": "Jai Prakash Road", "condition": "POOR", "color": "#f97316", "score": 68}, "geometry": {"type": "Point", "coordinates": [72.841041, 19.125938]}}, {"type": "Feature", "id": "obs-ANDHERI-SEG-003-5", "properties": {"roadId": "ANDHERI-SEG-003", "roadName": "Jai Prakash Road", "condition": "WATCH", "color": "#eab308", "score": 68}, "geometry": {"type": "Point", "coordinates": [72.84132, 19.125695]}}, {"type": "Feature", "id": "obs-ANDHERI-SEG-003-6", "properties": {"roadId": "ANDHERI-SEG-003", "roadName": "Jai Prakash Road", "condition": "WATCH", "color": "#eab308", "score": 68}, "geometry": {"type": "Point", "coordinates": [72.841572, 19.125426]}}, {"type": "Feature", "id": "obs-ANDHERI-SEG-003-7", "properties": {"roadId": "ANDHERI-SEG-003", "roadName": "Jai Prakash Road", "condition": "WATCH", "color": "#eab308", "score": 68}, "geometry": {"type": "Point", "coordinates": [72.841766, 19.125118]}}, {"type": "Feature", "id": "obs-ANDHERI-SEG-003-8", "properties": {"roadId": "ANDHERI-SEG-003", "roadName": "Jai Prakash Road", "condition": "POOR", "color": "#f97316", "score": 68}, "geometry": {"type": "Point", "coordinates": [72.841887, 19.124777]}}, {"type": "Feature", "id": "obs-ANDHERI-SEG-003-9", "properties": {"roadId": "ANDHERI-SEG-003", "roadName": "Jai Prakash Road", "condition": "WATCH", "color": "#eab308", "score": 68}, "geometry": {"type": "Point", "coordinates": [72.842022, 19.124442]}}, {"type": "Feature", "id": "obs-ANDHERI-SEG-003-10", "properties": {"roadId": "ANDHERI-SEG-003", "roadName": "Jai Prakash Road", "condition": "WATCH", "color": "#eab308", "score": 68}, "geometry": {"type": "Point", "coordinates": [72.842252, 19.124159]}}, {"type": "Feature", "id": "obs-ANDHERI-SEG-003-11", "properties": {"roadId": "ANDHERI-SEG-003", "roadName": "Jai Prakash Road", "condition": "WATCH", "color": "#eab308", "score": 68}, "geometry": {"type": "Point", "coordinates": [72.842563, 19.123953]}}, {"type": "Feature", "id": "obs-ANDHERI-SEG-003-12", "properties": {"roadId": "ANDHERI-SEG-003", "roadName": "Jai Prakash Road", "condition": "POOR", "color": "#f97316", "score": 68}, "geometry": {"type": "Point", "coordinates": [72.842907, 19.123798]}}, {"type": "Feature", "id": "obs-ANDHERI-SEG-003-13", "properties": {"roadId": "ANDHERI-SEG-003", "roadName": "Jai Prakash Road", "condition": "WATCH", "color": "#eab308", "score": 68}, "geometry": {"type": "Point", "coordinates": [72.843253, 19.123648]}}, {"type": "Feature", "id": "obs-ANDHERI-SEG-003-14", "properties": {"roadId": "ANDHERI-SEG-003", "roadName": "Jai Prakash Road", "condition": "WATCH", "color": "#eab308", "score": 68}, "geometry": {"type": "Point", "coordinates": [72.843599, 19.123499]}}, {"type": "Feature", "id": "obs-ANDHERI-SEG-003-15", "properties": {"roadId": "ANDHERI-SEG-003", "roadName": "Jai Prakash Road", "condition": "WATCH", "color": "#eab308", "score": 68}, "geometry": {"type": "Point", "coordinates": [72.843943, 19.123345]}}, {"type": "Feature", "id": "obs-ANDHERI-SEG-003-16", "properties": {"roadId": "ANDHERI-SEG-003", "roadName": "Jai Prakash Road", "condition": "POOR", "color": "#f97316", "score": 68}, "geometry": {"type": "Point", "coordinates": [72.844284, 19.123184]}}, {"type": "Feature", "id": "obs-ANDHERI-SEG-003-17", "properties": {"roadId": "ANDHERI-SEG-003", "roadName": "Jai Prakash Road", "condition": "WATCH", "color": "#eab308", "score": 68}, "geometry": {"type": "Point", "coordinates": [72.8444517, 19.1231019]}}, {"type": "Feature", "id": "obs-ANDHERI-SEG-004-0", "properties": {"roadId": "ANDHERI-SEG-004", "roadName": "Achutrao Pawardhan Marg", "condition": "HEALTHY", "color": "#10b981", "score": 91}, "geometry": {"type": "Point", "coordinates": [72.8256708, 19.1293525]}}, {"type": "Feature", "id": "obs-ANDHERI-SEG-004-1", "properties": {"roadId": "ANDHERI-SEG-004", "roadName": "Achutrao Pawardhan Marg", "condition": "HEALTHY", "color": "#10b981", "score": 91}, "geometry": {"type": "Point", "coordinates": [72.82566, 19.129712]}}, {"type": "Feature", "id": "obs-ANDHERI-SEG-004-2", "properties": {"roadId": "ANDHERI-SEG-004", "roadName": "Achutrao Pawardhan Marg", "condition": "HEALTHY", "color": "#10b981", "score": 91}, "geometry": {"type": "Point", "coordinates": [72.82565, 19.130072]}}, {"type": "Feature", "id": "obs-ANDHERI-SEG-004-3", "properties": {"roadId": "ANDHERI-SEG-004", "roadName": "Achutrao Pawardhan Marg", "condition": "HEALTHY", "color": "#10b981", "score": 91}, "geometry": {"type": "Point", "coordinates": [72.825642, 19.130431]}}, {"type": "Feature", "id": "obs-ANDHERI-SEG-004-4", "properties": {"roadId": "ANDHERI-SEG-004", "roadName": "Achutrao Pawardhan Marg", "condition": "HEALTHY", "color": "#10b981", "score": 91}, "geometry": {"type": "Point", "coordinates": [72.825645, 19.130791]}}, {"type": "Feature", "id": "obs-ANDHERI-SEG-004-5", "properties": {"roadId": "ANDHERI-SEG-004", "roadName": "Achutrao Pawardhan Marg", "condition": "HEALTHY", "color": "#10b981", "score": 91}, "geometry": {"type": "Point", "coordinates": [72.825641, 19.131151]}}, {"type": "Feature", "id": "obs-ANDHERI-SEG-004-6", "properties": {"roadId": "ANDHERI-SEG-004", "roadName": "Achutrao Pawardhan Marg", "condition": "HEALTHY", "color": "#10b981", "score": 91}, "geometry": {"type": "Point", "coordinates": [72.825638, 19.13151]}}, {"type": "Feature", "id": "obs-ANDHERI-SEG-004-7", "properties": {"roadId": "ANDHERI-SEG-004", "roadName": "Achutrao Pawardhan Marg", "condition": "HEALTHY", "color": "#10b981", "score": 91}, "geometry": {"type": "Point", "coordinates": [72.825636, 19.13187]}}, {"type": "Feature", "id": "obs-ANDHERI-SEG-004-8", "properties": {"roadId": "ANDHERI-SEG-004", "roadName": "Achutrao Pawardhan Marg", "condition": "HEALTHY", "color": "#10b981", "score": 91}, "geometry": {"type": "Point", "coordinates": [72.825633, 19.13223]}}, {"type": "Feature", "id": "obs-ANDHERI-SEG-004-9", "properties": {"roadId": "ANDHERI-SEG-004", "roadName": "Achutrao Pawardhan Marg", "condition": "HEALTHY", "color": "#10b981", "score": 91}, "geometry": {"type": "Point", "coordinates": [72.825642, 19.132589]}}, {"type": "Feature", "id": "obs-ANDHERI-SEG-004-10", "properties": {"roadId": "ANDHERI-SEG-004", "roadName": "Achutrao Pawardhan Marg", "condition": "HEALTHY", "color": "#10b981", "score": 91}, "geometry": {"type": "Point", "coordinates": [72.825643, 19.132949]}}, {"type": "Feature", "id": "obs-ANDHERI-SEG-004-11", "properties": {"roadId": "ANDHERI-SEG-004", "roadName": "Achutrao Pawardhan Marg", "condition": "HEALTHY", "color": "#10b981", "score": 91}, "geometry": {"type": "Point", "coordinates": [72.825641, 19.133309]}}, {"type": "Feature", "id": "obs-ANDHERI-SEG-004-12", "properties": {"roadId": "ANDHERI-SEG-004", "roadName": "Achutrao Pawardhan Marg", "condition": "HEALTHY", "color": "#10b981", "score": 91}, "geometry": {"type": "Point", "coordinates": [72.825648, 19.133668]}}, {"type": "Feature", "id": "obs-ANDHERI-SEG-004-13", "properties": {"roadId": "ANDHERI-SEG-004", "roadName": "Achutrao Pawardhan Marg", "condition": "HEALTHY", "color": "#10b981", "score": 91}, "geometry": {"type": "Point", "coordinates": [72.825671, 19.134027]}}, {"type": "Feature", "id": "obs-ANDHERI-SEG-004-14", "properties": {"roadId": "ANDHERI-SEG-004", "roadName": "Achutrao Pawardhan Marg", "condition": "HEALTHY", "color": "#10b981", "score": 91}, "geometry": {"type": "Point", "coordinates": [72.825674, 19.134387]}}, {"type": "Feature", "id": "obs-ANDHERI-SEG-004-15", "properties": {"roadId": "ANDHERI-SEG-004", "roadName": "Achutrao Pawardhan Marg", "condition": "HEALTHY", "color": "#10b981", "score": 91}, "geometry": {"type": "Point", "coordinates": [72.8256736, 19.1343909]}}, {"type": "Feature", "id": "obs-ANDHERI-SEG-005-0", "properties": {"roadId": "ANDHERI-SEG-005", "roadName": "Balasaheb Sawant Road", "condition": "POOR", "color": "#f97316", "score": 64}, "geometry": {"type": "Point", "coordinates": [72.8220315, 19.1265356]}}, {"type": "Feature", "id": "obs-ANDHERI-SEG-005-1", "properties": {"roadId": "ANDHERI-SEG-005", "roadName": "Balasaheb Sawant Road", "condition": "WATCH", "color": "#eab308", "score": 64}, "geometry": {"type": "Point", "coordinates": [72.822173, 19.126202]}}, {"type": "Feature", "id": "obs-ANDHERI-SEG-005-2", "properties": {"roadId": "ANDHERI-SEG-005", "roadName": "Balasaheb Sawant Road", "condition": "WATCH", "color": "#eab308", "score": 64}, "geometry": {"type": "Point", "coordinates": [72.822315, 19.125868]}}, {"type": "Feature", "id": "obs-ANDHERI-SEG-005-3", "properties": {"roadId": "ANDHERI-SEG-005", "roadName": "Balasaheb Sawant Road", "condition": "WATCH", "color": "#eab308", "score": 64}, "geometry": {"type": "Point", "coordinates": [72.822488, 19.125549]}}, {"type": "Feature", "id": "obs-ANDHERI-SEG-005-4", "properties": {"roadId": "ANDHERI-SEG-005", "roadName": "Balasaheb Sawant Road", "condition": "POOR", "color": "#f97316", "score": 64}, "geometry": {"type": "Point", "coordinates": [72.822708, 19.125255]}}, {"type": "Feature", "id": "obs-ANDHERI-SEG-005-5", "properties": {"roadId": "ANDHERI-SEG-005", "roadName": "Balasaheb Sawant Road", "condition": "WATCH", "color": "#eab308", "score": 64}, "geometry": {"type": "Point", "coordinates": [72.822929, 19.124962]}}, {"type": "Feature", "id": "obs-ANDHERI-SEG-005-6", "properties": {"roadId": "ANDHERI-SEG-005", "roadName": "Balasaheb Sawant Road", "condition": "WATCH", "color": "#eab308", "score": 64}, "geometry": {"type": "Point", "coordinates": [72.823176, 19.124689]}}, {"type": "Feature", "id": "obs-ANDHERI-SEG-005-7", "properties": {"roadId": "ANDHERI-SEG-005", "roadName": "Balasaheb Sawant Road", "condition": "WATCH", "color": "#eab308", "score": 64}, "geometry": {"type": "Point", "coordinates": [72.82343, 19.124421]}}, {"type": "Feature", "id": "obs-ANDHERI-SEG-005-8", "properties": {"roadId": "ANDHERI-SEG-005", "roadName": "Balasaheb Sawant Road", "condition": "POOR", "color": "#f97316", "score": 64}, "geometry": {"type": "Point", "coordinates": [72.823683, 19.124152]}}, {"type": "Feature", "id": "obs-ANDHERI-SEG-005-9", "properties": {"roadId": "ANDHERI-SEG-005", "roadName": "Balasaheb Sawant Road", "condition": "WATCH", "color": "#eab308", "score": 64}, "geometry": {"type": "Point", "coordinates": [72.8239183, 19.1239045]}}, {"type": "Feature", "id": "obs-ANDHERI-SEG-006-0", "properties": {"roadId": "ANDHERI-SEG-006", "roadName": "Kamalakar Pant Walawalkar Marg", "condition": "CRITICAL", "color": "#ef4444", "score": 46}, "geometry": {"type": "Point", "coordinates": [72.8297958, 19.1172151]}}, {"type": "Feature", "id": "obs-ANDHERI-SEG-006-1", "properties": {"roadId": "ANDHERI-SEG-006", "roadName": "Kamalakar Pant Walawalkar Marg", "condition": "POOR", "color": "#f97316", "score": 46}, "geometry": {"type": "Point", "coordinates": [72.82979, 19.117575]}}, {"type": "Feature", "id": "obs-ANDHERI-SEG-006-2", "properties": {"roadId": "ANDHERI-SEG-006", "roadName": "Kamalakar Pant Walawalkar Marg", "condition": "POOR", "color": "#f97316", "score": 46}, "geometry": {"type": "Point", "coordinates": [72.829801, 19.117934]}}, {"type": "Feature", "id": "obs-ANDHERI-SEG-006-3", "properties": {"roadId": "ANDHERI-SEG-006", "roadName": "Kamalakar Pant Walawalkar Marg", "condition": "CRITICAL", "color": "#ef4444", "score": 46}, "geometry": {"type": "Point", "coordinates": [72.829807, 19.118294]}}, {"type": "Feature", "id": "obs-ANDHERI-SEG-006-4", "properties": {"roadId": "ANDHERI-SEG-006", "roadName": "Kamalakar Pant Walawalkar Marg", "condition": "POOR", "color": "#f97316", "score": 46}, "geometry": {"type": "Point", "coordinates": [72.829806, 19.118654]}}, {"type": "Feature", "id": "obs-ANDHERI-SEG-006-5", "properties": {"roadId": "ANDHERI-SEG-006", "roadName": "Kamalakar Pant Walawalkar Marg", "condition": "POOR", "color": "#f97316", "score": 46}, "geometry": {"type": "Point", "coordinates": [72.829806, 19.119013]}}, {"type": "Feature", "id": "obs-ANDHERI-SEG-006-6", "properties": {"roadId": "ANDHERI-SEG-006", "roadName": "Kamalakar Pant Walawalkar Marg", "condition": "CRITICAL", "color": "#ef4444", "score": 46}, "geometry": {"type": "Point", "coordinates": [72.829805, 19.119373]}}, {"type": "Feature", "id": "obs-ANDHERI-SEG-006-7", "properties": {"roadId": "ANDHERI-SEG-006", "roadName": "Kamalakar Pant Walawalkar Marg", "condition": "POOR", "color": "#f97316", "score": 46}, "geometry": {"type": "Point", "coordinates": [72.829802, 19.119733]}}, {"type": "Feature", "id": "obs-ANDHERI-SEG-006-8", "properties": {"roadId": "ANDHERI-SEG-006", "roadName": "Kamalakar Pant Walawalkar Marg", "condition": "POOR", "color": "#f97316", "score": 46}, "geometry": {"type": "Point", "coordinates": [72.829798, 19.120092]}}, {"type": "Feature", "id": "obs-ANDHERI-SEG-006-9", "properties": {"roadId": "ANDHERI-SEG-006", "roadName": "Kamalakar Pant Walawalkar Marg", "condition": "CRITICAL", "color": "#ef4444", "score": 46}, "geometry": {"type": "Point", "coordinates": [72.829791, 19.120452]}}, {"type": "Feature", "id": "obs-ANDHERI-SEG-006-10", "properties": {"roadId": "ANDHERI-SEG-006", "roadName": "Kamalakar Pant Walawalkar Marg", "condition": "POOR", "color": "#f97316", "score": 46}, "geometry": {"type": "Point", "coordinates": [72.829785, 19.120812]}}, {"type": "Feature", "id": "obs-ANDHERI-SEG-006-11", "properties": {"roadId": "ANDHERI-SEG-006", "roadName": "Kamalakar Pant Walawalkar Marg", "condition": "POOR", "color": "#f97316", "score": 46}, "geometry": {"type": "Point", "coordinates": [72.829795, 19.121171]}}, {"type": "Feature", "id": "obs-ANDHERI-SEG-006-12", "properties": {"roadId": "ANDHERI-SEG-006", "roadName": "Kamalakar Pant Walawalkar Marg", "condition": "CRITICAL", "color": "#ef4444", "score": 46}, "geometry": {"type": "Point", "coordinates": [72.829833, 19.121529]}}, {"type": "Feature", "id": "obs-ANDHERI-SEG-006-13", "properties": {"roadId": "ANDHERI-SEG-006", "roadName": "Kamalakar Pant Walawalkar Marg", "condition": "POOR", "color": "#f97316", "score": 46}, "geometry": {"type": "Point", "coordinates": [72.829909, 19.121881]}}, {"type": "Feature", "id": "obs-ANDHERI-SEG-006-14", "properties": {"roadId": "ANDHERI-SEG-006", "roadName": "Kamalakar Pant Walawalkar Marg", "condition": "POOR", "color": "#f97316", "score": 46}, "geometry": {"type": "Point", "coordinates": [72.830008, 19.122228]}}, {"type": "Feature", "id": "obs-ANDHERI-SEG-006-15", "properties": {"roadId": "ANDHERI-SEG-006", "roadName": "Kamalakar Pant Walawalkar Marg", "condition": "CRITICAL", "color": "#ef4444", "score": 46}, "geometry": {"type": "Point", "coordinates": [72.830107, 19.122575]}}, {"type": "Feature", "id": "obs-ANDHERI-SEG-006-16", "properties": {"roadId": "ANDHERI-SEG-006", "roadName": "Kamalakar Pant Walawalkar Marg", "condition": "POOR", "color": "#f97316", "score": 46}, "geometry": {"type": "Point", "coordinates": [72.8302, 19.122924]}}, {"type": "Feature", "id": "obs-ANDHERI-SEG-006-17", "properties": {"roadId": "ANDHERI-SEG-006", "roadName": "Kamalakar Pant Walawalkar Marg", "condition": "POOR", "color": "#f97316", "score": 46}, "geometry": {"type": "Point", "coordinates": [72.830275, 19.123277]}}, {"type": "Feature", "id": "obs-ANDHERI-SEG-006-18", "properties": {"roadId": "ANDHERI-SEG-006", "roadName": "Kamalakar Pant Walawalkar Marg", "condition": "CRITICAL", "color": "#ef4444", "score": 46}, "geometry": {"type": "Point", "coordinates": [72.830349, 19.12363]}}, {"type": "Feature", "id": "obs-ANDHERI-SEG-006-19", "properties": {"roadId": "ANDHERI-SEG-006", "roadName": "Kamalakar Pant Walawalkar Marg", "condition": "POOR", "color": "#f97316", "score": 46}, "geometry": {"type": "Point", "coordinates": [72.830437, 19.123979]}}, {"type": "Feature", "id": "obs-ANDHERI-SEG-006-20", "properties": {"roadId": "ANDHERI-SEG-006", "roadName": "Kamalakar Pant Walawalkar Marg", "condition": "POOR", "color": "#f97316", "score": 46}, "geometry": {"type": "Point", "coordinates": [72.830541, 19.124325]}}, {"type": "Feature", "id": "obs-ANDHERI-SEG-006-21", "properties": {"roadId": "ANDHERI-SEG-006", "roadName": "Kamalakar Pant Walawalkar Marg", "condition": "CRITICAL", "color": "#ef4444", "score": 46}, "geometry": {"type": "Point", "coordinates": [72.83065, 19.12467]}}, {"type": "Feature", "id": "obs-ANDHERI-SEG-006-22", "properties": {"roadId": "ANDHERI-SEG-006", "roadName": "Kamalakar Pant Walawalkar Marg", "condition": "POOR", "color": "#f97316", "score": 46}, "geometry": {"type": "Point", "coordinates": [72.8306806, 19.1247692]}}, {"type": "Feature", "id": "obs-ANDHERI-SEG-007-0", "properties": {"roadId": "ANDHERI-SEG-007", "roadName": "Madhavdas Amarshi Marg", "condition": "HEALTHY", "color": "#10b981", "score": 85}, "geometry": {"type": "Point", "coordinates": [72.8444799, 19.1164297]}}, {"type": "Feature", "id": "obs-ANDHERI-SEG-007-1", "properties": {"roadId": "ANDHERI-SEG-007", "roadName": "Madhavdas Amarshi Marg", "condition": "HEALTHY", "color": "#10b981", "score": 85}, "geometry": {"type": "Point", "coordinates": [72.844842, 19.116319]}}, {"type": "Feature", "id": "obs-ANDHERI-SEG-007-2", "properties": {"roadId": "ANDHERI-SEG-007", "roadName": "Madhavdas Amarshi Marg", "condition": "HEALTHY", "color": "#10b981", "score": 85}, "geometry": {"type": "Point", "coordinates": [72.845204, 19.116208]}}, {"type": "Feature", "id": "obs-ANDHERI-SEG-007-3", "properties": {"roadId": "ANDHERI-SEG-007", "roadName": "Madhavdas Amarshi Marg", "condition": "HEALTHY", "color": "#10b981", "score": 85}, "geometry": {"type": "Point", "coordinates": [72.845579, 19.116158]}}, {"type": "Feature", "id": "obs-ANDHERI-SEG-007-4", "properties": {"roadId": "ANDHERI-SEG-007", "roadName": "Madhavdas Amarshi Marg", "condition": "HEALTHY", "color": "#10b981", "score": 85}, "geometry": {"type": "Point", "coordinates": [72.8459, 19.116304]}}, {"type": "Feature", "id": "obs-ANDHERI-SEG-007-5", "properties": {"roadId": "ANDHERI-SEG-007", "roadName": "Madhavdas Amarshi Marg", "condition": "HEALTHY", "color": "#10b981", "score": 85}, "geometry": {"type": "Point", "coordinates": [72.845977, 19.116652]}}, {"type": "Feature", "id": "obs-ANDHERI-SEG-007-6", "properties": {"roadId": "ANDHERI-SEG-007", "roadName": "Madhavdas Amarshi Marg", "condition": "HEALTHY", "color": "#10b981", "score": 85}, "geometry": {"type": "Point", "coordinates": [72.846018, 19.11701]}}, {"type": "Feature", "id": "obs-ANDHERI-SEG-007-7", "properties": {"roadId": "ANDHERI-SEG-007", "roadName": "Madhavdas Amarshi Marg", "condition": "HEALTHY", "color": "#10b981", "score": 85}, "geometry": {"type": "Point", "coordinates": [72.846066, 19.117366]}}, {"type": "Feature", "id": "obs-ANDHERI-SEG-007-8", "properties": {"roadId": "ANDHERI-SEG-007", "roadName": "Madhavdas Amarshi Marg", "condition": "HEALTHY", "color": "#10b981", "score": 85}, "geometry": {"type": "Point", "coordinates": [72.846113, 19.117723]}}, {"type": "Feature", "id": "obs-ANDHERI-SEG-007-9", "properties": {"roadId": "ANDHERI-SEG-007", "roadName": "Madhavdas Amarshi Marg", "condition": "HEALTHY", "color": "#10b981", "score": 85}, "geometry": {"type": "Point", "coordinates": [72.84616, 19.11808]}}, {"type": "Feature", "id": "obs-ANDHERI-SEG-007-10", "properties": {"roadId": "ANDHERI-SEG-007", "roadName": "Madhavdas Amarshi Marg", "condition": "HEALTHY", "color": "#10b981", "score": 85}, "geometry": {"type": "Point", "coordinates": [72.846188, 19.118439]}}, {"type": "Feature", "id": "obs-ANDHERI-SEG-007-11", "properties": {"roadId": "ANDHERI-SEG-007", "roadName": "Madhavdas Amarshi Marg", "condition": "HEALTHY", "color": "#10b981", "score": 85}, "geometry": {"type": "Point", "coordinates": [72.846202, 19.118798]}}, {"type": "Feature", "id": "obs-ANDHERI-SEG-007-12", "properties": {"roadId": "ANDHERI-SEG-007", "roadName": "Madhavdas Amarshi Marg", "condition": "HEALTHY", "color": "#10b981", "score": 85}, "geometry": {"type": "Point", "coordinates": [72.846213, 19.119158]}}, {"type": "Feature", "id": "obs-ANDHERI-SEG-007-13", "properties": {"roadId": "ANDHERI-SEG-007", "roadName": "Madhavdas Amarshi Marg", "condition": "HEALTHY", "color": "#10b981", "score": 85}, "geometry": {"type": "Point", "coordinates": [72.8462193, 19.1192515]}}, {"type": "Feature", "id": "obs-ANDHERI-SEG-008-0", "properties": {"roadId": "ANDHERI-SEG-008", "roadName": "Devle Marg", "condition": "POOR", "color": "#f97316", "score": 71}, "geometry": {"type": "Point", "coordinates": [72.829444, 19.1160805]}}, {"type": "Feature", "id": "obs-ANDHERI-SEG-008-1", "properties": {"roadId": "ANDHERI-SEG-008", "roadName": "Devle Marg", "condition": "WATCH", "color": "#eab308", "score": 71}, "geometry": {"type": "Point", "coordinates": [72.829065, 19.11611]}}, {"type": "Feature", "id": "obs-ANDHERI-SEG-008-2", "properties": {"roadId": "ANDHERI-SEG-008", "roadName": "Devle Marg", "condition": "WATCH", "color": "#eab308", "score": 71}, "geometry": {"type": "Point", "coordinates": [72.828686, 19.116115]}}, {"type": "Feature", "id": "obs-ANDHERI-SEG-008-3", "properties": {"roadId": "ANDHERI-SEG-008", "roadName": "Devle Marg", "condition": "WATCH", "color": "#eab308", "score": 71}, "geometry": {"type": "Point", "coordinates": [72.8286299, 19.116113]}}, {"type": "Feature", "id": "obs-ANDHERI-SEG-009-0", "properties": {"roadId": "ANDHERI-SEG-009", "roadName": "Gulmohar Cross Road No. 4", "condition": "CRITICAL", "color": "#ef4444", "score": 29}, "geometry": {"type": "Point", "coordinates": [72.8373789, 19.1113164]}}, {"type": "Feature", "id": "obs-ANDHERI-SEG-009-1", "properties": {"roadId": "ANDHERI-SEG-009", "roadName": "Gulmohar Cross Road No. 4", "condition": "CRITICAL", "color": "#ef4444", "score": 29}, "geometry": {"type": "Point", "coordinates": [72.837003, 19.111293]}}, {"type": "Feature", "id": "obs-ANDHERI-SEG-009-2", "properties": {"roadId": "ANDHERI-SEG-009", "roadName": "Gulmohar Cross Road No. 4", "condition": "CRITICAL", "color": "#ef4444", "score": 29}, "geometry": {"type": "Point", "coordinates": [72.836629, 19.11123]}}, {"type": "Feature", "id": "obs-ANDHERI-SEG-009-3", "properties": {"roadId": "ANDHERI-SEG-009", "roadName": "Gulmohar Cross Road No. 4", "condition": "CRITICAL", "color": "#ef4444", "score": 29}, "geometry": {"type": "Point", "coordinates": [72.836254, 19.111166]}}, {"type": "Feature", "id": "obs-ANDHERI-SEG-009-4", "properties": {"roadId": "ANDHERI-SEG-009", "roadName": "Gulmohar Cross Road No. 4", "condition": "CRITICAL", "color": "#ef4444", "score": 29}, "geometry": {"type": "Point", "coordinates": [72.835879, 19.111103]}}, {"type": "Feature", "id": "obs-ANDHERI-SEG-009-5", "properties": {"roadId": "ANDHERI-SEG-009", "roadName": "Gulmohar Cross Road No. 4", "condition": "CRITICAL", "color": "#ef4444", "score": 29}, "geometry": {"type": "Point", "coordinates": [72.8356576, 19.1110655]}}, {"type": "Feature", "id": "obs-ANDHERI-SEG-010-0", "properties": {"roadId": "ANDHERI-SEG-010", "roadName": "Vidyanidhi Marg", "condition": "CRITICAL", "color": "#ef4444", "score": 42}, "geometry": {"type": "Point", "coordinates": [72.82996, 19.1128444]}}, {"type": "Feature", "id": "obs-ANDHERI-SEG-010-1", "properties": {"roadId": "ANDHERI-SEG-010", "roadName": "Vidyanidhi Marg", "condition": "POOR", "color": "#f97316", "score": 42}, "geometry": {"type": "Point", "coordinates": [72.830295, 19.112674]}}, {"type": "Feature", "id": "obs-ANDHERI-SEG-010-2", "properties": {"roadId": "ANDHERI-SEG-010", "roadName": "Vidyanidhi Marg", "condition": "POOR", "color": "#f97316", "score": 42}, "geometry": {"type": "Point", "coordinates": [72.83063, 19.112503]}}, {"type": "Feature", "id": "obs-ANDHERI-SEG-010-3", "properties": {"roadId": "ANDHERI-SEG-010", "roadName": "Vidyanidhi Marg", "condition": "CRITICAL", "color": "#ef4444", "score": 42}, "geometry": {"type": "Point", "coordinates": [72.830963, 19.112329]}}, {"type": "Feature", "id": "obs-ANDHERI-SEG-010-4", "properties": {"roadId": "ANDHERI-SEG-010", "roadName": "Vidyanidhi Marg", "condition": "POOR", "color": "#f97316", "score": 42}, "geometry": {"type": "Point", "coordinates": [72.831293, 19.112149]}}, {"type": "Feature", "id": "obs-ANDHERI-SEG-010-5", "properties": {"roadId": "ANDHERI-SEG-010", "roadName": "Vidyanidhi Marg", "condition": "POOR", "color": "#f97316", "score": 42}, "geometry": {"type": "Point", "coordinates": [72.831623, 19.111969]}}, {"type": "Feature", "id": "obs-ANDHERI-SEG-010-6", "properties": {"roadId": "ANDHERI-SEG-010", "roadName": "Vidyanidhi Marg", "condition": "CRITICAL", "color": "#ef4444", "score": 42}, "geometry": {"type": "Point", "coordinates": [72.831951, 19.111786]}}, {"type": "Feature", "id": "obs-ANDHERI-SEG-010-7", "properties": {"roadId": "ANDHERI-SEG-010", "roadName": "Vidyanidhi Marg", "condition": "POOR", "color": "#f97316", "score": 42}, "geometry": {"type": "Point", "coordinates": [72.8321334, 19.1116837]}}, {"type": "Feature", "id": "obs-ANDHERI-SEG-011-0", "properties": {"roadId": "ANDHERI-SEG-011", "roadName": "Gulmohar Road", "condition": "HEALTHY", "color": "#10b981", "score": 79}, "geometry": {"type": "Point", "coordinates": [72.8368161, 19.1070875]}}, {"type": "Feature", "id": "obs-ANDHERI-SEG-011-1", "properties": {"roadId": "ANDHERI-SEG-011", "roadName": "Gulmohar Road", "condition": "HEALTHY", "color": "#10b981", "score": 79}, "geometry": {"type": "Point", "coordinates": [72.836838, 19.107447]}}, {"type": "Feature", "id": "obs-ANDHERI-SEG-011-2", "properties": {"roadId": "ANDHERI-SEG-011", "roadName": "Gulmohar Road", "condition": "HEALTHY", "color": "#10b981", "score": 79}, "geometry": {"type": "Point", "coordinates": [72.836861, 19.107806]}}, {"type": "Feature", "id": "obs-ANDHERI-SEG-011-3", "properties": {"roadId": "ANDHERI-SEG-011", "roadName": "Gulmohar Road", "condition": "HEALTHY", "color": "#10b981", "score": 79}, "geometry": {"type": "Point", "coordinates": [72.836885, 19.108165]}}, {"type": "Feature", "id": "obs-ANDHERI-SEG-011-4", "properties": {"roadId": "ANDHERI-SEG-011", "roadName": "Gulmohar Road", "condition": "HEALTHY", "color": "#10b981", "score": 79}, "geometry": {"type": "Point", "coordinates": [72.836916, 19.108523]}}, {"type": "Feature", "id": "obs-ANDHERI-SEG-011-5", "properties": {"roadId": "ANDHERI-SEG-011", "roadName": "Gulmohar Road", "condition": "HEALTHY", "color": "#10b981", "score": 79}, "geometry": {"type": "Point", "coordinates": [72.836948, 19.108882]}}, {"type": "Feature", "id": "obs-ANDHERI-SEG-011-6", "properties": {"roadId": "ANDHERI-SEG-011", "roadName": "Gulmohar Road", "condition": "HEALTHY", "color": "#10b981", "score": 79}, "geometry": {"type": "Point", "coordinates": [72.836978, 19.10924]}}, {"type": "Feature", "id": "obs-ANDHERI-SEG-011-7", "properties": {"roadId": "ANDHERI-SEG-011", "roadName": "Gulmohar Road", "condition": "HEALTHY", "color": "#10b981", "score": 79}, "geometry": {"type": "Point", "coordinates": [72.837007, 19.109599]}}, {"type": "Feature", "id": "obs-ANDHERI-SEG-011-8", "properties": {"roadId": "ANDHERI-SEG-011", "roadName": "Gulmohar Road", "condition": "HEALTHY", "color": "#10b981", "score": 79}, "geometry": {"type": "Point", "coordinates": [72.837057, 19.109955]}}, {"type": "Feature", "id": "obs-ANDHERI-SEG-011-9", "properties": {"roadId": "ANDHERI-SEG-011", "roadName": "Gulmohar Road", "condition": "HEALTHY", "color": "#10b981", "score": 79}, "geometry": {"type": "Point", "coordinates": [72.8370867, 19.1101419]}}, {"type": "Feature", "id": "obs-ANDHERI-SEG-012-0", "properties": {"roadId": "ANDHERI-SEG-012", "roadName": "Vidyanidhi Marg", "condition": "POOR", "color": "#f97316", "score": 65}, "geometry": {"type": "Point", "coordinates": [72.8321334, 19.1116837]}}, {"type": "Feature", "id": "obs-ANDHERI-SEG-012-1", "properties": {"roadId": "ANDHERI-SEG-012", "roadName": "Vidyanidhi Marg", "condition": "WATCH", "color": "#eab308", "score": 65}, "geometry": {"type": "Point", "coordinates": [72.832425, 19.111852]}}, {"type": "Feature", "id": "obs-ANDHERI-SEG-012-2", "properties": {"roadId": "ANDHERI-SEG-012", "roadName": "Vidyanidhi Marg", "condition": "WATCH", "color": "#eab308", "score": 65}, "geometry": {"type": "Point", "coordinates": [72.832604, 19.111579]}}, {"type": "Feature", "id": "obs-ANDHERI-SEG-012-3", "properties": {"roadId": "ANDHERI-SEG-012", "roadName": "Vidyanidhi Marg", "condition": "WATCH", "color": "#eab308", "score": 65}, "geometry": {"type": "Point", "coordinates": [72.832313, 19.111411]}}, {"type": "Feature", "id": "obs-ANDHERI-SEG-012-4", "properties": {"roadId": "ANDHERI-SEG-012", "roadName": "Vidyanidhi Marg", "condition": "POOR", "color": "#f97316", "score": 65}, "geometry": {"type": "Point", "coordinates": [72.8321334, 19.1116837]}}, {"type": "Feature", "id": "obs-ANDHERI-SEG-013-0", "properties": {"roadId": "ANDHERI-SEG-013", "roadName": "Juhu Lane", "condition": "HEALTHY", "color": "#10b981", "score": 88}, "geometry": {"type": "Point", "coordinates": [72.8391451, 19.1132482]}}, {"type": "Feature", "id": "obs-ANDHERI-SEG-013-1", "properties": {"roadId": "ANDHERI-SEG-013", "roadName": "Juhu Lane", "condition": "HEALTHY", "color": "#10b981", "score": 88}, "geometry": {"type": "Point", "coordinates": [72.839284, 19.113583]}}, {"type": "Feature", "id": "obs-ANDHERI-SEG-013-2", "properties": {"roadId": "ANDHERI-SEG-013", "roadName": "Juhu Lane", "condition": "HEALTHY", "color": "#10b981", "score": 88}, "geometry": {"type": "Point", "coordinates": [72.839424, 19.113918]}}, {"type": "Feature", "id": "obs-ANDHERI-SEG-013-3", "properties": {"roadId": "ANDHERI-SEG-013", "roadName": "Juhu Lane", "condition": "HEALTHY", "color": "#10b981", "score": 88}, "geometry": {"type": "Point", "coordinates": [72.839563, 19.114252]}}, {"type": "Feature", "id": "obs-ANDHERI-SEG-013-4", "properties": {"roadId": "ANDHERI-SEG-013", "roadName": "Juhu Lane", "condition": "HEALTHY", "color": "#10b981", "score": 88}, "geometry": {"type": "Point", "coordinates": [72.839701, 19.114588]}}, {"type": "Feature", "id": "obs-ANDHERI-SEG-013-5", "properties": {"roadId": "ANDHERI-SEG-013", "roadName": "Juhu Lane", "condition": "HEALTHY", "color": "#10b981", "score": 88}, "geometry": {"type": "Point", "coordinates": [72.839826, 19.114928]}}, {"type": "Feature", "id": "obs-ANDHERI-SEG-013-6", "properties": {"roadId": "ANDHERI-SEG-013", "roadName": "Juhu Lane", "condition": "HEALTHY", "color": "#10b981", "score": 88}, "geometry": {"type": "Point", "coordinates": [72.839962, 19.115263]}}, {"type": "Feature", "id": "obs-ANDHERI-SEG-013-7", "properties": {"roadId": "ANDHERI-SEG-013", "roadName": "Juhu Lane", "condition": "HEALTHY", "color": "#10b981", "score": 88}, "geometry": {"type": "Point", "coordinates": [72.840098, 19.115598]}}, {"type": "Feature", "id": "obs-ANDHERI-SEG-013-8", "properties": {"roadId": "ANDHERI-SEG-013", "roadName": "Juhu Lane", "condition": "HEALTHY", "color": "#10b981", "score": 88}, "geometry": {"type": "Point", "coordinates": [72.8402, 19.115945]}}, {"type": "Feature", "id": "obs-ANDHERI-SEG-013-9", "properties": {"roadId": "ANDHERI-SEG-013", "roadName": "Juhu Lane", "condition": "HEALTHY", "color": "#10b981", "score": 88}, "geometry": {"type": "Point", "coordinates": [72.8402631, 19.1162766]}}, {"type": "Feature", "id": "obs-ANDHERI-SEG-014-0", "properties": {"roadId": "ANDHERI-SEG-014", "roadName": "Bhakti Vedanta Swami Marg", "condition": "HEALTHY", "color": "#10b981", "score": 82}, "geometry": {"type": "Point", "coordinates": [72.8303324, 19.1161537]}}, {"type": "Feature", "id": "obs-ANDHERI-SEG-014-1", "properties": {"roadId": "ANDHERI-SEG-014", "roadName": "Bhakti Vedanta Swami Marg", "condition": "HEALTHY", "color": "#10b981", "score": 82}, "geometry": {"type": "Point", "coordinates": [72.830713, 19.116147]}}, {"type": "Feature", "id": "obs-ANDHERI-SEG-014-2", "properties": {"roadId": "ANDHERI-SEG-014", "roadName": "Bhakti Vedanta Swami Marg", "condition": "HEALTHY", "color": "#10b981", "score": 82}, "geometry": {"type": "Point", "coordinates": [72.831094, 19.116141]}}, {"type": "Feature", "id": "obs-ANDHERI-SEG-014-3", "properties": {"roadId": "ANDHERI-SEG-014", "roadName": "Bhakti Vedanta Swami Marg", "condition": "HEALTHY", "color": "#10b981", "score": 82}, "geometry": {"type": "Point", "coordinates": [72.831474, 19.116135]}}, {"type": "Feature", "id": "obs-ANDHERI-SEG-014-4", "properties": {"roadId": "ANDHERI-SEG-014", "roadName": "Bhakti Vedanta Swami Marg", "condition": "HEALTHY", "color": "#10b981", "score": 82}, "geometry": {"type": "Point", "coordinates": [72.831855, 19.116131]}}, {"type": "Feature", "id": "obs-ANDHERI-SEG-014-5", "properties": {"roadId": "ANDHERI-SEG-014", "roadName": "Bhakti Vedanta Swami Marg", "condition": "HEALTHY", "color": "#10b981", "score": 82}, "geometry": {"type": "Point", "coordinates": [72.832236, 19.11613]}}, {"type": "Feature", "id": "obs-ANDHERI-SEG-014-6", "properties": {"roadId": "ANDHERI-SEG-014", "roadName": "Bhakti Vedanta Swami Marg", "condition": "HEALTHY", "color": "#10b981", "score": 82}, "geometry": {"type": "Point", "coordinates": [72.832617, 19.116129]}}, {"type": "Feature", "id": "obs-ANDHERI-SEG-014-7", "properties": {"roadId": "ANDHERI-SEG-014", "roadName": "Bhakti Vedanta Swami Marg", "condition": "HEALTHY", "color": "#10b981", "score": 82}, "geometry": {"type": "Point", "coordinates": [72.832997, 19.116127]}}, {"type": "Feature", "id": "obs-ANDHERI-SEG-014-8", "properties": {"roadId": "ANDHERI-SEG-014", "roadName": "Bhakti Vedanta Swami Marg", "condition": "HEALTHY", "color": "#10b981", "score": 82}, "geometry": {"type": "Point", "coordinates": [72.833376, 19.116098]}}, {"type": "Feature", "id": "obs-ANDHERI-SEG-014-9", "properties": {"roadId": "ANDHERI-SEG-014", "roadName": "Bhakti Vedanta Swami Marg", "condition": "HEALTHY", "color": "#10b981", "score": 82}, "geometry": {"type": "Point", "coordinates": [72.833755, 19.116061]}}, {"type": "Feature", "id": "obs-ANDHERI-SEG-014-10", "properties": {"roadId": "ANDHERI-SEG-014", "roadName": "Bhakti Vedanta Swami Marg", "condition": "HEALTHY", "color": "#10b981", "score": 82}, "geometry": {"type": "Point", "coordinates": [72.833759, 19.116061]}}, {"type": "Feature", "id": "obs-ANDHERI-SEG-015-0", "properties": {"roadId": "ANDHERI-SEG-015", "roadName": "Vithalbhai Patel Marg", "condition": "POOR", "color": "#f97316", "score": 68}, "geometry": {"type": "Point", "coordinates": [72.8450383, 19.1187148]}}, {"type": "Feature", "id": "obs-ANDHERI-SEG-015-1", "properties": {"roadId": "ANDHERI-SEG-015", "roadName": "Vithalbhai Patel Marg", "condition": "WATCH", "color": "#eab308", "score": 68}, "geometry": {"type": "Point", "coordinates": [72.844658, 19.118734]}}, {"type": "Feature", "id": "obs-ANDHERI-SEG-015-2", "properties": {"roadId": "ANDHERI-SEG-015", "roadName": "Vithalbhai Patel Marg", "condition": "WATCH", "color": "#eab308", "score": 68}, "geometry": {"type": "Point", "coordinates": [72.844278, 19.118753]}}, {"type": "Feature", "id": "obs-ANDHERI-SEG-015-3", "properties": {"roadId": "ANDHERI-SEG-015", "roadName": "Vithalbhai Patel Marg", "condition": "WATCH", "color": "#eab308", "score": 68}, "geometry": {"type": "Point", "coordinates": [72.843898, 19.118772]}}, {"type": "Feature", "id": "obs-ANDHERI-SEG-015-4", "properties": {"roadId": "ANDHERI-SEG-015", "roadName": "Vithalbhai Patel Marg", "condition": "POOR", "color": "#f97316", "score": 68}, "geometry": {"type": "Point", "coordinates": [72.843518, 19.118791]}}, {"type": "Feature", "id": "obs-ANDHERI-SEG-015-5", "properties": {"roadId": "ANDHERI-SEG-015", "roadName": "Vithalbhai Patel Marg", "condition": "WATCH", "color": "#eab308", "score": 68}, "geometry": {"type": "Point", "coordinates": [72.84314, 19.118834]}}, {"type": "Feature", "id": "obs-ANDHERI-SEG-015-6", "properties": {"roadId": "ANDHERI-SEG-015", "roadName": "Vithalbhai Patel Marg", "condition": "WATCH", "color": "#eab308", "score": 68}, "geometry": {"type": "Point", "coordinates": [72.842761, 19.118863]}}, {"type": "Feature", "id": "obs-ANDHERI-SEG-015-7", "properties": {"roadId": "ANDHERI-SEG-015", "roadName": "Vithalbhai Patel Marg", "condition": "WATCH", "color": "#eab308", "score": 68}, "geometry": {"type": "Point", "coordinates": [72.84238, 19.118878]}}, {"type": "Feature", "id": "obs-ANDHERI-SEG-015-8", "properties": {"roadId": "ANDHERI-SEG-015", "roadName": "Vithalbhai Patel Marg", "condition": "POOR", "color": "#f97316", "score": 68}, "geometry": {"type": "Point", "coordinates": [72.842001, 19.118843]}}, {"type": "Feature", "id": "obs-ANDHERI-SEG-015-9", "properties": {"roadId": "ANDHERI-SEG-015", "roadName": "Vithalbhai Patel Marg", "condition": "WATCH", "color": "#eab308", "score": 68}, "geometry": {"type": "Point", "coordinates": [72.841627, 19.118793]}}, {"type": "Feature", "id": "obs-ANDHERI-SEG-015-10", "properties": {"roadId": "ANDHERI-SEG-015", "roadName": "Vithalbhai Patel Marg", "condition": "WATCH", "color": "#eab308", "score": 68}, "geometry": {"type": "Point", "coordinates": [72.841247, 19.118796]}}, {"type": "Feature", "id": "obs-ANDHERI-SEG-015-11", "properties": {"roadId": "ANDHERI-SEG-015", "roadName": "Vithalbhai Patel Marg", "condition": "WATCH", "color": "#eab308", "score": 68}, "geometry": {"type": "Point", "coordinates": [72.840867, 19.118771]}}, {"type": "Feature", "id": "obs-ANDHERI-SEG-015-12", "properties": {"roadId": "ANDHERI-SEG-015", "roadName": "Vithalbhai Patel Marg", "condition": "POOR", "color": "#f97316", "score": 68}, "geometry": {"type": "Point", "coordinates": [72.840489, 19.118818]}}, {"type": "Feature", "id": "obs-ANDHERI-SEG-015-13", "properties": {"roadId": "ANDHERI-SEG-015", "roadName": "Vithalbhai Patel Marg", "condition": "WATCH", "color": "#eab308", "score": 68}, "geometry": {"type": "Point", "coordinates": [72.8402294, 19.1188816]}}, {"type": "Feature", "id": "obs-ANDHERI-SEG-016-0", "properties": {"roadId": "ANDHERI-SEG-016", "roadName": "East West Road No 3", "condition": "HEALTHY", "color": "#10b981", "score": 91}, "geometry": {"type": "Point", "coordinates": [72.8371723, 19.1097095]}}, {"type": "Feature", "id": "obs-ANDHERI-SEG-016-1", "properties": {"roadId": "ANDHERI-SEG-016", "roadName": "East West Road No 3", "condition": "HEALTHY", "color": "#10b981", "score": 91}, "geometry": {"type": "Point", "coordinates": [72.836801, 19.109632]}}, {"type": "Feature", "id": "obs-ANDHERI-SEG-016-2", "properties": {"roadId": "ANDHERI-SEG-016", "roadName": "East West Road No 3", "condition": "HEALTHY", "color": "#10b981", "score": 91}, "geometry": {"type": "Point", "coordinates": [72.836428, 19.109559]}}, {"type": "Feature", "id": "obs-ANDHERI-SEG-016-3", "properties": {"roadId": "ANDHERI-SEG-016", "roadName": "East West Road No 3", "condition": "HEALTHY", "color": "#10b981", "score": 91}, "geometry": {"type": "Point", "coordinates": [72.836055, 19.109486]}}, {"type": "Feature", "id": "obs-ANDHERI-SEG-016-4", "properties": {"roadId": "ANDHERI-SEG-016", "roadName": "East West Road No 3", "condition": "HEALTHY", "color": "#10b981", "score": 91}, "geometry": {"type": "Point", "coordinates": [72.835682, 19.109414]}}, {"type": "Feature", "id": "obs-ANDHERI-SEG-016-5", "properties": {"roadId": "ANDHERI-SEG-016", "roadName": "East West Road No 3", "condition": "HEALTHY", "color": "#10b981", "score": 91}, "geometry": {"type": "Point", "coordinates": [72.835309, 19.109341]}}, {"type": "Feature", "id": "obs-ANDHERI-SEG-016-6", "properties": {"roadId": "ANDHERI-SEG-016", "roadName": "East West Road No 3", "condition": "HEALTHY", "color": "#10b981", "score": 91}, "geometry": {"type": "Point", "coordinates": [72.834936, 19.109268]}}, {"type": "Feature", "id": "obs-ANDHERI-SEG-016-7", "properties": {"roadId": "ANDHERI-SEG-016", "roadName": "East West Road No 3", "condition": "HEALTHY", "color": "#10b981", "score": 91}, "geometry": {"type": "Point", "coordinates": [72.834567, 19.109277]}}, {"type": "Feature", "id": "obs-ANDHERI-SEG-016-8", "properties": {"roadId": "ANDHERI-SEG-016", "roadName": "East West Road No 3", "condition": "HEALTHY", "color": "#10b981", "score": 91}, "geometry": {"type": "Point", "coordinates": [72.834225, 19.109434]}}, {"type": "Feature", "id": "obs-ANDHERI-SEG-016-9", "properties": {"roadId": "ANDHERI-SEG-016", "roadName": "East West Road No 3", "condition": "HEALTHY", "color": "#10b981", "score": 91}, "geometry": {"type": "Point", "coordinates": [72.833883, 19.109592]}}, {"type": "Feature", "id": "obs-ANDHERI-SEG-016-10", "properties": {"roadId": "ANDHERI-SEG-016", "roadName": "East West Road No 3", "condition": "HEALTHY", "color": "#10b981", "score": 91}, "geometry": {"type": "Point", "coordinates": [72.833544, 19.109755]}}, {"type": "Feature", "id": "obs-ANDHERI-SEG-016-11", "properties": {"roadId": "ANDHERI-SEG-016", "roadName": "East West Road No 3", "condition": "HEALTHY", "color": "#10b981", "score": 91}, "geometry": {"type": "Point", "coordinates": [72.833206, 19.109922]}}, {"type": "Feature", "id": "obs-ANDHERI-SEG-016-12", "properties": {"roadId": "ANDHERI-SEG-016", "roadName": "East West Road No 3", "condition": "HEALTHY", "color": "#10b981", "score": 91}, "geometry": {"type": "Point", "coordinates": [72.83287, 19.11009]}}, {"type": "Feature", "id": "obs-ANDHERI-SEG-016-13", "properties": {"roadId": "ANDHERI-SEG-016", "roadName": "East West Road No 3", "condition": "HEALTHY", "color": "#10b981", "score": 91}, "geometry": {"type": "Point", "coordinates": [72.832536, 19.110262]}}, {"type": "Feature", "id": "obs-ANDHERI-SEG-016-14", "properties": {"roadId": "ANDHERI-SEG-016", "roadName": "East West Road No 3", "condition": "HEALTHY", "color": "#10b981", "score": 91}, "geometry": {"type": "Point", "coordinates": [72.832201, 19.110435]}}, {"type": "Feature", "id": "obs-ANDHERI-SEG-016-15", "properties": {"roadId": "ANDHERI-SEG-016", "roadName": "East West Road No 3", "condition": "HEALTHY", "color": "#10b981", "score": 91}, "geometry": {"type": "Point", "coordinates": [72.831867, 19.110607]}}, {"type": "Feature", "id": "obs-ANDHERI-SEG-016-16", "properties": {"roadId": "ANDHERI-SEG-016", "roadName": "East West Road No 3", "condition": "HEALTHY", "color": "#10b981", "score": 91}, "geometry": {"type": "Point", "coordinates": [72.831533, 19.110779]}}, {"type": "Feature", "id": "obs-ANDHERI-SEG-016-17", "properties": {"roadId": "ANDHERI-SEG-016", "roadName": "East West Road No 3", "condition": "HEALTHY", "color": "#10b981", "score": 91}, "geometry": {"type": "Point", "coordinates": [72.831199, 19.110952]}}, {"type": "Feature", "id": "obs-ANDHERI-SEG-016-18", "properties": {"roadId": "ANDHERI-SEG-016", "roadName": "East West Road No 3", "condition": "HEALTHY", "color": "#10b981", "score": 91}, "geometry": {"type": "Point", "coordinates": [72.830865, 19.111124]}}, {"type": "Feature", "id": "obs-ANDHERI-SEG-016-19", "properties": {"roadId": "ANDHERI-SEG-016", "roadName": "East West Road No 3", "condition": "HEALTHY", "color": "#10b981", "score": 91}, "geometry": {"type": "Point", "coordinates": [72.83053, 19.111296]}}, {"type": "Feature", "id": "obs-ANDHERI-SEG-016-20", "properties": {"roadId": "ANDHERI-SEG-016", "roadName": "East West Road No 3", "condition": "HEALTHY", "color": "#10b981", "score": 91}, "geometry": {"type": "Point", "coordinates": [72.830196, 19.111468]}}, {"type": "Feature", "id": "obs-ANDHERI-SEG-016-21", "properties": {"roadId": "ANDHERI-SEG-016", "roadName": "East West Road No 3", "condition": "HEALTHY", "color": "#10b981", "score": 91}, "geometry": {"type": "Point", "coordinates": [72.8299606, 19.1115899]}}, {"type": "Feature", "id": "obs-ANDHERI-SEG-017-0", "properties": {"roadId": "ANDHERI-SEG-017", "roadName": "N. S. Road No. 5", "condition": "POOR", "color": "#f97316", "score": 64}, "geometry": {"type": "Point", "coordinates": [72.833797, 19.1071563]}}, {"type": "Feature", "id": "obs-ANDHERI-SEG-017-1", "properties": {"roadId": "ANDHERI-SEG-017", "roadName": "N. S. Road No. 5", "condition": "WATCH", "color": "#eab308", "score": 64}, "geometry": {"type": "Point", "coordinates": [72.833786, 19.107516]}}, {"type": "Feature", "id": "obs-ANDHERI-SEG-017-2", "properties": {"roadId": "ANDHERI-SEG-017", "roadName": "N. S. Road No. 5", "condition": "WATCH", "color": "#eab308", "score": 64}, "geometry": {"type": "Point", "coordinates": [72.833776, 19.107875]}}, {"type": "Feature", "id": "obs-ANDHERI-SEG-017-3", "properties": {"roadId": "ANDHERI-SEG-017", "roadName": "N. S. Road No. 5", "condition": "WATCH", "color": "#eab308", "score": 64}, "geometry": {"type": "Point", "coordinates": [72.833772, 19.108235]}}, {"type": "Feature", "id": "obs-ANDHERI-SEG-017-4", "properties": {"roadId": "ANDHERI-SEG-017", "roadName": "N. S. Road No. 5", "condition": "POOR", "color": "#f97316", "score": 64}, "geometry": {"type": "Point", "coordinates": [72.833768, 19.108595]}}, {"type": "Feature", "id": "obs-ANDHERI-SEG-017-5", "properties": {"roadId": "ANDHERI-SEG-017", "roadName": "N. S. Road No. 5", "condition": "WATCH", "color": "#eab308", "score": 64}, "geometry": {"type": "Point", "coordinates": [72.833764, 19.108955]}}, {"type": "Feature", "id": "obs-ANDHERI-SEG-017-6", "properties": {"roadId": "ANDHERI-SEG-017", "roadName": "N. S. Road No. 5", "condition": "WATCH", "color": "#eab308", "score": 64}, "geometry": {"type": "Point", "coordinates": [72.83376, 19.109314]}}, {"type": "Feature", "id": "obs-ANDHERI-SEG-017-7", "properties": {"roadId": "ANDHERI-SEG-017", "roadName": "N. S. Road No. 5", "condition": "WATCH", "color": "#eab308", "score": 64}, "geometry": {"type": "Point", "coordinates": [72.833759, 19.109674]}}, {"type": "Feature", "id": "obs-ANDHERI-SEG-017-8", "properties": {"roadId": "ANDHERI-SEG-017", "roadName": "N. S. Road No. 5", "condition": "POOR", "color": "#f97316", "score": 64}, "geometry": {"type": "Point", "coordinates": [72.833808, 19.110031]}}, {"type": "Feature", "id": "obs-ANDHERI-SEG-017-9", "properties": {"roadId": "ANDHERI-SEG-017", "roadName": "N. S. Road No. 5", "condition": "WATCH", "color": "#eab308", "score": 64}, "geometry": {"type": "Point", "coordinates": [72.8338095, 19.1100452]}}, {"type": "Feature", "id": "obs-ANDHERI-SEG-018-0", "properties": {"roadId": "ANDHERI-SEG-018", "roadName": "Parulekar Road", "condition": "CRITICAL", "color": "#ef4444", "score": 46}, "geometry": {"type": "Point", "coordinates": [72.8277263, 19.1160871]}}, {"type": "Feature", "id": "obs-ANDHERI-SEG-018-1", "properties": {"roadId": "ANDHERI-SEG-018", "roadName": "Parulekar Road", "condition": "POOR", "color": "#f97316", "score": 46}, "geometry": {"type": "Point", "coordinates": [72.827718, 19.115727]}}, {"type": "Feature", "id": "obs-ANDHERI-SEG-018-2", "properties": {"roadId": "ANDHERI-SEG-018", "roadName": "Parulekar Road", "condition": "POOR", "color": "#f97316", "score": 46}, "geometry": {"type": "Point", "coordinates": [72.82771, 19.115368]}}, {"type": "Feature", "id": "obs-ANDHERI-SEG-018-3", "properties": {"roadId": "ANDHERI-SEG-018", "roadName": "Parulekar Road", "condition": "CRITICAL", "color": "#ef4444", "score": 46}, "geometry": {"type": "Point", "coordinates": [72.827705, 19.115008]}}, {"type": "Feature", "id": "obs-ANDHERI-SEG-018-4", "properties": {"roadId": "ANDHERI-SEG-018", "roadName": "Parulekar Road", "condition": "POOR", "color": "#f97316", "score": 46}, "geometry": {"type": "Point", "coordinates": [72.827707, 19.114648]}}, {"type": "Feature", "id": "obs-ANDHERI-SEG-018-5", "properties": {"roadId": "ANDHERI-SEG-018", "roadName": "Parulekar Road", "condition": "POOR", "color": "#f97316", "score": 46}, "geometry": {"type": "Point", "coordinates": [72.827712, 19.114289]}}, {"type": "Feature", "id": "obs-ANDHERI-SEG-018-6", "properties": {"roadId": "ANDHERI-SEG-018", "roadName": "Parulekar Road", "condition": "CRITICAL", "color": "#ef4444", "score": 46}, "geometry": {"type": "Point", "coordinates": [72.827727, 19.113929]}}, {"type": "Feature", "id": "obs-ANDHERI-SEG-018-7", "properties": {"roadId": "ANDHERI-SEG-018", "roadName": "Parulekar Road", "condition": "POOR", "color": "#f97316", "score": 46}, "geometry": {"type": "Point", "coordinates": [72.827743, 19.11357]}}, {"type": "Feature", "id": "obs-ANDHERI-SEG-018-8", "properties": {"roadId": "ANDHERI-SEG-018", "roadName": "Parulekar Road", "condition": "POOR", "color": "#f97316", "score": 46}, "geometry": {"type": "Point", "coordinates": [72.8277427, 19.1135671]}}, {"type": "Feature", "id": "obs-ANDHERI-SEG-019-0", "properties": {"roadId": "ANDHERI-SEG-019", "roadName": "Comrade Shamrao Parulekar Marg", "condition": "HEALTHY", "color": "#10b981", "score": 85}, "geometry": {"type": "Point", "coordinates": [72.8288471, 19.1119206]}}, {"type": "Feature", "id": "obs-ANDHERI-SEG-019-1", "properties": {"roadId": "ANDHERI-SEG-019", "roadName": "Comrade Shamrao Parulekar Marg", "condition": "HEALTHY", "color": "#10b981", "score": 85}, "geometry": {"type": "Point", "coordinates": [72.829012, 19.1121626]}}, {"type": "Feature", "id": "obs-ANDHERI-SEG-020-0", "properties": {"roadId": "ANDHERI-SEG-020", "roadName": "Gulmohar Road", "condition": "POOR", "color": "#f97316", "score": 71}, "geometry": {"type": "Point", "coordinates": [72.8372356, 19.1101514]}}, {"type": "Feature", "id": "obs-ANDHERI-SEG-020-1", "properties": {"roadId": "ANDHERI-SEG-020", "roadName": "Gulmohar Road", "condition": "WATCH", "color": "#eab308", "score": 71}, "geometry": {"type": "Point", "coordinates": [72.837185, 19.109795]}}, {"type": "Feature", "id": "obs-ANDHERI-SEG-020-2", "properties": {"roadId": "ANDHERI-SEG-020", "roadName": "Gulmohar Road", "condition": "WATCH", "color": "#eab308", "score": 71}, "geometry": {"type": "Point", "coordinates": [72.837143, 19.109437]}}, {"type": "Feature", "id": "obs-ANDHERI-SEG-020-3", "properties": {"roadId": "ANDHERI-SEG-020", "roadName": "Gulmohar Road", "condition": "WATCH", "color": "#eab308", "score": 71}, "geometry": {"type": "Point", "coordinates": [72.837107, 19.109079]}}, {"type": "Feature", "id": "obs-ANDHERI-SEG-020-4", "properties": {"roadId": "ANDHERI-SEG-020", "roadName": "Gulmohar Road", "condition": "POOR", "color": "#f97316", "score": 71}, "geometry": {"type": "Point", "coordinates": [72.837072, 19.108721]}}, {"type": "Feature", "id": "obs-ANDHERI-SEG-020-5", "properties": {"roadId": "ANDHERI-SEG-020", "roadName": "Gulmohar Road", "condition": "WATCH", "color": "#eab308", "score": 71}, "geometry": {"type": "Point", "coordinates": [72.837034, 19.108363]}}, {"type": "Feature", "id": "obs-ANDHERI-SEG-020-6", "properties": {"roadId": "ANDHERI-SEG-020", "roadName": "Gulmohar Road", "condition": "WATCH", "color": "#eab308", "score": 71}, "geometry": {"type": "Point", "coordinates": [72.837003, 19.108005]}}, {"type": "Feature", "id": "obs-ANDHERI-SEG-020-7", "properties": {"roadId": "ANDHERI-SEG-020", "roadName": "Gulmohar Road", "condition": "WATCH", "color": "#eab308", "score": 71}, "geometry": {"type": "Point", "coordinates": [72.836974, 19.107646]}}, {"type": "Feature", "id": "obs-ANDHERI-SEG-020-8", "properties": {"roadId": "ANDHERI-SEG-020", "roadName": "Gulmohar Road", "condition": "POOR", "color": "#f97316", "score": 71}, "geometry": {"type": "Point", "coordinates": [72.836946, 19.107287]}}, {"type": "Feature", "id": "obs-ANDHERI-SEG-020-9", "properties": {"roadId": "ANDHERI-SEG-020", "roadName": "Gulmohar Road", "condition": "WATCH", "color": "#eab308", "score": 71}, "geometry": {"type": "Point", "coordinates": [72.836931, 19.107106]}}, {"type": "Feature", "id": "obs-ANDHERI-SEG-021-0", "properties": {"roadId": "ANDHERI-SEG-021", "roadName": "Guru Nanak Road", "condition": "CRITICAL", "color": "#ef4444", "score": 29}, "geometry": {"type": "Point", "coordinates": [72.8299638, 19.1156188]}}, {"type": "Feature", "id": "obs-ANDHERI-SEG-021-1", "properties": {"roadId": "ANDHERI-SEG-021", "roadName": "Guru Nanak Road", "condition": "CRITICAL", "color": "#ef4444", "score": 29}, "geometry": {"type": "Point", "coordinates": [72.829968, 19.115259]}}, {"type": "Feature", "id": "obs-ANDHERI-SEG-021-2", "properties": {"roadId": "ANDHERI-SEG-021", "roadName": "Guru Nanak Road", "condition": "CRITICAL", "color": "#ef4444", "score": 29}, "geometry": {"type": "Point", "coordinates": [72.829972, 19.114899]}}, {"type": "Feature", "id": "obs-ANDHERI-SEG-021-3", "properties": {"roadId": "ANDHERI-SEG-021", "roadName": "Guru Nanak Road", "condition": "CRITICAL", "color": "#ef4444", "score": 29}, "geometry": {"type": "Point", "coordinates": [72.829976, 19.11454]}}, {"type": "Feature", "id": "obs-ANDHERI-SEG-021-4", "properties": {"roadId": "ANDHERI-SEG-021", "roadName": "Guru Nanak Road", "condition": "CRITICAL", "color": "#ef4444", "score": 29}, "geometry": {"type": "Point", "coordinates": [72.82998, 19.11418]}}, {"type": "Feature", "id": "obs-ANDHERI-SEG-021-5", "properties": {"roadId": "ANDHERI-SEG-021", "roadName": "Guru Nanak Road", "condition": "CRITICAL", "color": "#ef4444", "score": 29}, "geometry": {"type": "Point", "coordinates": [72.82998, 19.11382]}}, {"type": "Feature", "id": "obs-ANDHERI-SEG-021-6", "properties": {"roadId": "ANDHERI-SEG-021", "roadName": "Guru Nanak Road", "condition": "CRITICAL", "color": "#ef4444", "score": 29}, "geometry": {"type": "Point", "coordinates": [72.829977, 19.113461]}}, {"type": "Feature", "id": "obs-ANDHERI-SEG-021-7", "properties": {"roadId": "ANDHERI-SEG-021", "roadName": "Guru Nanak Road", "condition": "CRITICAL", "color": "#ef4444", "score": 29}, "geometry": {"type": "Point", "coordinates": [72.829974, 19.113101]}}, {"type": "Feature", "id": "obs-ANDHERI-SEG-021-8", "properties": {"roadId": "ANDHERI-SEG-021", "roadName": "Guru Nanak Road", "condition": "CRITICAL", "color": "#ef4444", "score": 29}, "geometry": {"type": "Point", "coordinates": [72.829962, 19.112742]}}, {"type": "Feature", "id": "obs-ANDHERI-SEG-021-9", "properties": {"roadId": "ANDHERI-SEG-021", "roadName": "Guru Nanak Road", "condition": "CRITICAL", "color": "#ef4444", "score": 29}, "geometry": {"type": "Point", "coordinates": [72.829968, 19.112382]}}, {"type": "Feature", "id": "obs-ANDHERI-SEG-021-10", "properties": {"roadId": "ANDHERI-SEG-021", "roadName": "Guru Nanak Road", "condition": "CRITICAL", "color": "#ef4444", "score": 29}, "geometry": {"type": "Point", "coordinates": [72.8299681, 19.1123791]}}, {"type": "Feature", "id": "obs-ANDHERI-SEG-022-0", "properties": {"roadId": "ANDHERI-SEG-022", "roadName": "S Dnyaneshwar Marg", "condition": "CRITICAL", "color": "#ef4444", "score": 42}, "geometry": {"type": "Point", "coordinates": [72.8266875, 19.1111114]}}, {"type": "Feature", "id": "obs-ANDHERI-SEG-022-1", "properties": {"roadId": "ANDHERI-SEG-022", "roadName": "S Dnyaneshwar Marg", "condition": "POOR", "color": "#f97316", "score": 42}, "geometry": {"type": "Point", "coordinates": [72.82672, 19.11147]}}, {"type": "Feature", "id": "obs-ANDHERI-SEG-022-2", "properties": {"roadId": "ANDHERI-SEG-022", "roadName": "S Dnyaneshwar Marg", "condition": "POOR", "color": "#f97316", "score": 42}, "geometry": {"type": "Point", "coordinates": [72.826688, 19.111825]}}, {"type": "Feature", "id": "obs-ANDHERI-SEG-022-3", "properties": {"roadId": "ANDHERI-SEG-022", "roadName": "S Dnyaneshwar Marg", "condition": "CRITICAL", "color": "#ef4444", "score": 42}, "geometry": {"type": "Point", "coordinates": [72.826485, 19.112127]}}, {"type": "Feature", "id": "obs-ANDHERI-SEG-022-4", "properties": {"roadId": "ANDHERI-SEG-022", "roadName": "S Dnyaneshwar Marg", "condition": "POOR", "color": "#f97316", "score": 42}, "geometry": {"type": "Point", "coordinates": [72.82633, 19.112456]}}, {"type": "Feature", "id": "obs-ANDHERI-SEG-022-5", "properties": {"roadId": "ANDHERI-SEG-022", "roadName": "S Dnyaneshwar Marg", "condition": "POOR", "color": "#f97316", "score": 42}, "geometry": {"type": "Point", "coordinates": [72.8262, 19.112794]}}, {"type": "Feature", "id": "obs-ANDHERI-SEG-022-6", "properties": {"roadId": "ANDHERI-SEG-022", "roadName": "S Dnyaneshwar Marg", "condition": "CRITICAL", "color": "#ef4444", "score": 42}, "geometry": {"type": "Point", "coordinates": [72.826113, 19.113144]}}, {"type": "Feature", "id": "obs-ANDHERI-SEG-022-7", "properties": {"roadId": "ANDHERI-SEG-022", "roadName": "S Dnyaneshwar Marg", "condition": "POOR", "color": "#f97316", "score": 42}, "geometry": {"type": "Point", "coordinates": [72.826062, 19.1135]}}, {"type": "Feature", "id": "obs-ANDHERI-SEG-022-8", "properties": {"roadId": "ANDHERI-SEG-022", "roadName": "S Dnyaneshwar Marg", "condition": "POOR", "color": "#f97316", "score": 42}, "geometry": {"type": "Point", "coordinates": [72.826031, 19.113858]}}, {"type": "Feature", "id": "obs-ANDHERI-SEG-022-9", "properties": {"roadId": "ANDHERI-SEG-022", "roadName": "S Dnyaneshwar Marg", "condition": "CRITICAL", "color": "#ef4444", "score": 42}, "geometry": {"type": "Point", "coordinates": [72.8261, 19.114206]}}, {"type": "Feature", "id": "obs-ANDHERI-SEG-022-10", "properties": {"roadId": "ANDHERI-SEG-022", "roadName": "S Dnyaneshwar Marg", "condition": "POOR", "color": "#f97316", "score": 42}, "geometry": {"type": "Point", "coordinates": [72.826414, 19.11439]}}, {"type": "Feature", "id": "obs-ANDHERI-SEG-022-11", "properties": {"roadId": "ANDHERI-SEG-022", "roadName": "S Dnyaneshwar Marg", "condition": "POOR", "color": "#f97316", "score": 42}, "geometry": {"type": "Point", "coordinates": [72.8266843, 19.1144766]}}, {"type": "Feature", "id": "obs-ANDHERI-SEG-023-0", "properties": {"roadId": "ANDHERI-SEG-023", "roadName": "Damodar Jukar Marg", "condition": "HEALTHY", "color": "#10b981", "score": 79}, "geometry": {"type": "Point", "coordinates": [72.8266147, 19.1150886]}}, {"type": "Feature", "id": "obs-ANDHERI-SEG-023-1", "properties": {"roadId": "ANDHERI-SEG-023", "roadName": "Damodar Jukar Marg", "condition": "HEALTHY", "color": "#10b981", "score": 79}, "geometry": {"type": "Point", "coordinates": [72.826979, 19.115135]}}, {"type": "Feature", "id": "obs-ANDHERI-SEG-023-2", "properties": {"roadId": "ANDHERI-SEG-023", "roadName": "Damodar Jukar Marg", "condition": "HEALTHY", "color": "#10b981", "score": 79}, "geometry": {"type": "Point", "coordinates": [72.82736, 19.115125]}}, {"type": "Feature", "id": "obs-ANDHERI-SEG-023-3", "properties": {"roadId": "ANDHERI-SEG-023", "roadName": "Damodar Jukar Marg", "condition": "HEALTHY", "color": "#10b981", "score": 79}, "geometry": {"type": "Point", "coordinates": [72.8277039, 19.1151168]}}, {"type": "Feature", "id": "obs-ANDHERI-SEG-024-0", "properties": {"roadId": "ANDHERI-SEG-024", "roadName": "S Dnyaneshwar Marg", "condition": "POOR", "color": "#f97316", "score": 65}, "geometry": {"type": "Point", "coordinates": [72.8277093, 19.1143486]}}, {"type": "Feature", "id": "obs-ANDHERI-SEG-024-1", "properties": {"roadId": "ANDHERI-SEG-024", "roadName": "S Dnyaneshwar Marg", "condition": "WATCH", "color": "#eab308", "score": 65}, "geometry": {"type": "Point", "coordinates": [72.827332, 19.114396]}}, {"type": "Feature", "id": "obs-ANDHERI-SEG-024-2", "properties": {"roadId": "ANDHERI-SEG-024", "roadName": "S Dnyaneshwar Marg", "condition": "WATCH", "color": "#eab308", "score": 65}, "geometry": {"type": "Point", "coordinates": [72.826954, 19.114443]}}, {"type": "Feature", "id": "obs-ANDHERI-SEG-024-3", "properties": {"roadId": "ANDHERI-SEG-024", "roadName": "S Dnyaneshwar Marg", "condition": "WATCH", "color": "#eab308", "score": 65}, "geometry": {"type": "Point", "coordinates": [72.8266843, 19.1144766]}}, {"type": "Feature", "id": "obs-ANDHERI-SEG-025-0", "properties": {"roadId": "ANDHERI-SEG-025", "roadName": "New Dadabhai Nagar", "condition": "HEALTHY", "color": "#10b981", "score": 88}, "geometry": {"type": "Point", "coordinates": [72.8382097, 19.1249508]}}, {"type": "Feature", "id": "obs-ANDHERI-SEG-025-1", "properties": {"roadId": "ANDHERI-SEG-025", "roadName": "New Dadabhai Nagar", "condition": "HEALTHY", "color": "#10b981", "score": 88}, "geometry": {"type": "Point", "coordinates": [72.838514, 19.124737]}}, {"type": "Feature", "id": "obs-ANDHERI-SEG-025-2", "properties": {"roadId": "ANDHERI-SEG-025", "roadName": "New Dadabhai Nagar", "condition": "HEALTHY", "color": "#10b981", "score": 88}, "geometry": {"type": "Point", "coordinates": [72.838861, 19.12459]}}, {"type": "Feature", "id": "obs-ANDHERI-SEG-025-3", "properties": {"roadId": "ANDHERI-SEG-025", "roadName": "New Dadabhai Nagar", "condition": "HEALTHY", "color": "#10b981", "score": 88}, "geometry": {"type": "Point", "coordinates": [72.839227, 19.124496]}}, {"type": "Feature", "id": "obs-ANDHERI-SEG-025-4", "properties": {"roadId": "ANDHERI-SEG-025", "roadName": "New Dadabhai Nagar", "condition": "HEALTHY", "color": "#10b981", "score": 88}, "geometry": {"type": "Point", "coordinates": [72.839605, 19.124456]}}, {"type": "Feature", "id": "obs-ANDHERI-SEG-025-5", "properties": {"roadId": "ANDHERI-SEG-025", "roadName": "New Dadabhai Nagar", "condition": "HEALTHY", "color": "#10b981", "score": 88}, "geometry": {"type": "Point", "coordinates": [72.839985, 19.124437]}}, {"type": "Feature", "id": "obs-ANDHERI-SEG-025-6", "properties": {"roadId": "ANDHERI-SEG-025", "roadName": "New Dadabhai Nagar", "condition": "HEALTHY", "color": "#10b981", "score": 88}, "geometry": {"type": "Point", "coordinates": [72.840364, 19.124399]}}, {"type": "Feature", "id": "obs-ANDHERI-SEG-025-7", "properties": {"roadId": "ANDHERI-SEG-025", "roadName": "New Dadabhai Nagar", "condition": "HEALTHY", "color": "#10b981", "score": 88}, "geometry": {"type": "Point", "coordinates": [72.840742, 19.124359]}}, {"type": "Feature", "id": "obs-ANDHERI-SEG-025-8", "properties": {"roadId": "ANDHERI-SEG-025", "roadName": "New Dadabhai Nagar", "condition": "HEALTHY", "color": "#10b981", "score": 88}, "geometry": {"type": "Point", "coordinates": [72.841121, 19.12433]}}, {"type": "Feature", "id": "obs-ANDHERI-SEG-025-9", "properties": {"roadId": "ANDHERI-SEG-025", "roadName": "New Dadabhai Nagar", "condition": "HEALTHY", "color": "#10b981", "score": 88}, "geometry": {"type": "Point", "coordinates": [72.841499, 19.124282]}}, {"type": "Feature", "id": "obs-ANDHERI-SEG-025-10", "properties": {"roadId": "ANDHERI-SEG-025", "roadName": "New Dadabhai Nagar", "condition": "HEALTHY", "color": "#10b981", "score": 88}, "geometry": {"type": "Point", "coordinates": [72.8416552, 19.1242687]}}, {"type": "Feature", "id": "obs-ANDHERI-SEG-026-0", "properties": {"roadId": "ANDHERI-SEG-026", "roadName": "Azad Road", "condition": "HEALTHY", "color": "#10b981", "score": 82}, "geometry": {"type": "Point", "coordinates": [72.8391451, 19.1132482]}}, {"type": "Feature", "id": "obs-ANDHERI-SEG-026-1", "properties": {"roadId": "ANDHERI-SEG-026", "roadName": "Azad Road", "condition": "HEALTHY", "color": "#10b981", "score": 82}, "geometry": {"type": "Point", "coordinates": [72.839524, 19.113214]}}, {"type": "Feature", "id": "obs-ANDHERI-SEG-026-2", "properties": {"roadId": "ANDHERI-SEG-026", "roadName": "Azad Road", "condition": "HEALTHY", "color": "#10b981", "score": 82}, "geometry": {"type": "Point", "coordinates": [72.839903, 19.113183]}}, {"type": "Feature", "id": "obs-ANDHERI-SEG-026-3", "properties": {"roadId": "ANDHERI-SEG-026", "roadName": "Azad Road", "condition": "HEALTHY", "color": "#10b981", "score": 82}, "geometry": {"type": "Point", "coordinates": [72.840274, 19.113244]}}, {"type": "Feature", "id": "obs-ANDHERI-SEG-026-4", "properties": {"roadId": "ANDHERI-SEG-026", "roadName": "Azad Road", "condition": "HEALTHY", "color": "#10b981", "score": 82}, "geometry": {"type": "Point", "coordinates": [72.840581, 19.113456]}}, {"type": "Feature", "id": "obs-ANDHERI-SEG-026-5", "properties": {"roadId": "ANDHERI-SEG-026", "roadName": "Azad Road", "condition": "HEALTHY", "color": "#10b981", "score": 82}, "geometry": {"type": "Point", "coordinates": [72.840865, 19.113695]}}, {"type": "Feature", "id": "obs-ANDHERI-SEG-026-6", "properties": {"roadId": "ANDHERI-SEG-026", "roadName": "Azad Road", "condition": "HEALTHY", "color": "#10b981", "score": 82}, "geometry": {"type": "Point", "coordinates": [72.841174, 19.113896]}}, {"type": "Feature", "id": "obs-ANDHERI-SEG-026-7", "properties": {"roadId": "ANDHERI-SEG-026", "roadName": "Azad Road", "condition": "HEALTHY", "color": "#10b981", "score": 82}, "geometry": {"type": "Point", "coordinates": [72.84155, 19.113928]}}, {"type": "Feature", "id": "obs-ANDHERI-SEG-026-8", "properties": {"roadId": "ANDHERI-SEG-026", "roadName": "Azad Road", "condition": "HEALTHY", "color": "#10b981", "score": 82}, "geometry": {"type": "Point", "coordinates": [72.841928, 19.113902]}}, {"type": "Feature", "id": "obs-ANDHERI-SEG-026-9", "properties": {"roadId": "ANDHERI-SEG-026", "roadName": "Azad Road", "condition": "HEALTHY", "color": "#10b981", "score": 82}, "geometry": {"type": "Point", "coordinates": [72.8420698, 19.1137861]}}, {"type": "Feature", "id": "obs-ANDHERI-SEG-027-0", "properties": {"roadId": "ANDHERI-SEG-027", "roadName": "Gilbert Hill Road", "condition": "POOR", "color": "#f97316", "score": 68}, "geometry": {"type": "Point", "coordinates": [72.8402631, 19.1162766]}}, {"type": "Feature", "id": "obs-ANDHERI-SEG-027-1", "properties": {"roadId": "ANDHERI-SEG-027", "roadName": "Gilbert Hill Road", "condition": "WATCH", "color": "#eab308", "score": 68}, "geometry": {"type": "Point", "coordinates": [72.839991, 19.116505]}}, {"type": "Feature", "id": "obs-ANDHERI-SEG-027-2", "properties": {"roadId": "ANDHERI-SEG-027", "roadName": "Gilbert Hill Road", "condition": "WATCH", "color": "#eab308", "score": 68}, "geometry": {"type": "Point", "coordinates": [72.83976, 19.116786]}}, {"type": "Feature", "id": "obs-ANDHERI-SEG-027-3", "properties": {"roadId": "ANDHERI-SEG-027", "roadName": "Gilbert Hill Road", "condition": "WATCH", "color": "#eab308", "score": 68}, "geometry": {"type": "Point", "coordinates": [72.839725, 19.117134]}}, {"type": "Feature", "id": "obs-ANDHERI-SEG-027-4", "properties": {"roadId": "ANDHERI-SEG-027", "roadName": "Gilbert Hill Road", "condition": "POOR", "color": "#f97316", "score": 68}, "geometry": {"type": "Point", "coordinates": [72.839616, 19.117476]}}, {"type": "Feature", "id": "obs-ANDHERI-SEG-027-5", "properties": {"roadId": "ANDHERI-SEG-027", "roadName": "Gilbert Hill Road", "condition": "WATCH", "color": "#eab308", "score": 68}, "geometry": {"type": "Point", "coordinates": [72.839401, 19.117772]}}, {"type": "Feature", "id": "obs-ANDHERI-SEG-027-6", "properties": {"roadId": "ANDHERI-SEG-027", "roadName": "Gilbert Hill Road", "condition": "WATCH", "color": "#eab308", "score": 68}, "geometry": {"type": "Point", "coordinates": [72.839171, 19.118059]}}, {"type": "Feature", "id": "obs-ANDHERI-SEG-027-7", "properties": {"roadId": "ANDHERI-SEG-027", "roadName": "Gilbert Hill Road", "condition": "WATCH", "color": "#eab308", "score": 68}, "geometry": {"type": "Point", "coordinates": [72.839024, 19.11839]}}, {"type": "Feature", "id": "obs-ANDHERI-SEG-027-8", "properties": {"roadId": "ANDHERI-SEG-027", "roadName": "Gilbert Hill Road", "condition": "POOR", "color": "#f97316", "score": 68}, "geometry": {"type": "Point", "coordinates": [72.838899, 19.11873]}}, {"type": "Feature", "id": "obs-ANDHERI-SEG-027-9", "properties": {"roadId": "ANDHERI-SEG-027", "roadName": "Gilbert Hill Road", "condition": "WATCH", "color": "#eab308", "score": 68}, "geometry": {"type": "Point", "coordinates": [72.838728, 19.119051]}}, {"type": "Feature", "id": "obs-ANDHERI-SEG-027-10", "properties": {"roadId": "ANDHERI-SEG-027", "roadName": "Gilbert Hill Road", "condition": "WATCH", "color": "#eab308", "score": 68}, "geometry": {"type": "Point", "coordinates": [72.838455, 19.119267]}}, {"type": "Feature", "id": "obs-ANDHERI-SEG-027-11", "properties": {"roadId": "ANDHERI-SEG-027", "roadName": "Gilbert Hill Road", "condition": "WATCH", "color": "#eab308", "score": 68}, "geometry": {"type": "Point", "coordinates": [72.838085, 19.119349]}}, {"type": "Feature", "id": "obs-ANDHERI-SEG-027-12", "properties": {"roadId": "ANDHERI-SEG-027", "roadName": "Gilbert Hill Road", "condition": "POOR", "color": "#f97316", "score": 68}, "geometry": {"type": "Point", "coordinates": [72.837724, 19.119464]}}, {"type": "Feature", "id": "obs-ANDHERI-SEG-027-13", "properties": {"roadId": "ANDHERI-SEG-027", "roadName": "Gilbert Hill Road", "condition": "WATCH", "color": "#eab308", "score": 68}, "geometry": {"type": "Point", "coordinates": [72.8375921, 19.1194988]}}, {"type": "Feature", "id": "obs-ANDHERI-SEG-028-0", "properties": {"roadId": "ANDHERI-SEG-028", "roadName": "Tertiary (73048161)", "condition": "HEALTHY", "color": "#10b981", "score": 91}, "geometry": {"type": "Point", "coordinates": [72.8364303, 19.1141439]}}, {"type": "Feature", "id": "obs-ANDHERI-SEG-028-1", "properties": {"roadId": "ANDHERI-SEG-028", "roadName": "Tertiary (73048161)", "condition": "HEALTHY", "color": "#10b981", "score": 91}, "geometry": {"type": "Point", "coordinates": [72.836763, 19.114318]}}, {"type": "Feature", "id": "obs-ANDHERI-SEG-028-2", "properties": {"roadId": "ANDHERI-SEG-028", "roadName": "Tertiary (73048161)", "condition": "HEALTHY", "color": "#10b981", "score": 91}, "geometry": {"type": "Point", "coordinates": [72.837106, 19.114474]}}, {"type": "Feature", "id": "obs-ANDHERI-SEG-028-3", "properties": {"roadId": "ANDHERI-SEG-028", "roadName": "Tertiary (73048161)", "condition": "HEALTHY", "color": "#10b981", "score": 91}, "geometry": {"type": "Point", "coordinates": [72.837316, 19.114758]}}, {"type": "Feature", "id": "obs-ANDHERI-SEG-028-4", "properties": {"roadId": "ANDHERI-SEG-028", "roadName": "Tertiary (73048161)", "condition": "HEALTHY", "color": "#10b981", "score": 91}, "geometry": {"type": "Point", "coordinates": [72.837354, 19.115112]}}, {"type": "Feature", "id": "obs-ANDHERI-SEG-028-5", "properties": {"roadId": "ANDHERI-SEG-028", "roadName": "Tertiary (73048161)", "condition": "HEALTHY", "color": "#10b981", "score": 91}, "geometry": {"type": "Point", "coordinates": [72.837321, 19.11547]}}, {"type": "Feature", "id": "obs-ANDHERI-SEG-028-6", "properties": {"roadId": "ANDHERI-SEG-028", "roadName": "Tertiary (73048161)", "condition": "HEALTHY", "color": "#10b981", "score": 91}, "geometry": {"type": "Point", "coordinates": [72.837279, 19.115827]}}, {"type": "Feature", "id": "obs-ANDHERI-SEG-028-7", "properties": {"roadId": "ANDHERI-SEG-028", "roadName": "Tertiary (73048161)", "condition": "HEALTHY", "color": "#10b981", "score": 91}, "geometry": {"type": "Point", "coordinates": [72.8372474, 19.1160946]}}, {"type": "Feature", "id": "obs-ANDHERI-SEG-029-0", "properties": {"roadId": "ANDHERI-SEG-029", "roadName": "Bhai Bhagat Marg", "condition": "POOR", "color": "#f97316", "score": 64}, "geometry": {"type": "Point", "coordinates": [72.8283689, 19.1239939]}}, {"type": "Feature", "id": "obs-ANDHERI-SEG-029-1", "properties": {"roadId": "ANDHERI-SEG-029", "roadName": "Bhai Bhagat Marg", "condition": "WATCH", "color": "#eab308", "score": 64}, "geometry": {"type": "Point", "coordinates": [72.828399, 19.124339]}}, {"type": "Feature", "id": "obs-ANDHERI-SEG-029-2", "properties": {"roadId": "ANDHERI-SEG-029", "roadName": "Bhai Bhagat Marg", "condition": "WATCH", "color": "#eab308", "score": 64}, "geometry": {"type": "Point", "coordinates": [72.828498, 19.124687]}}, {"type": "Feature", "id": "obs-ANDHERI-SEG-029-3", "properties": {"roadId": "ANDHERI-SEG-029", "roadName": "Bhai Bhagat Marg", "condition": "WATCH", "color": "#eab308", "score": 64}, "geometry": {"type": "Point", "coordinates": [72.828597, 19.125034]}}, {"type": "Feature", "id": "obs-ANDHERI-SEG-029-4", "properties": {"roadId": "ANDHERI-SEG-029", "roadName": "Bhai Bhagat Marg", "condition": "POOR", "color": "#f97316", "score": 64}, "geometry": {"type": "Point", "coordinates": [72.828694, 19.125382]}}, {"type": "Feature", "id": "obs-ANDHERI-SEG-029-5", "properties": {"roadId": "ANDHERI-SEG-029", "roadName": "Bhai Bhagat Marg", "condition": "WATCH", "color": "#eab308", "score": 64}, "geometry": {"type": "Point", "coordinates": [72.828777, 19.125733]}}, {"type": "Feature", "id": "obs-ANDHERI-SEG-029-6", "properties": {"roadId": "ANDHERI-SEG-029", "roadName": "Bhai Bhagat Marg", "condition": "WATCH", "color": "#eab308", "score": 64}, "geometry": {"type": "Point", "coordinates": [72.828859, 19.126084]}}, {"type": "Feature", "id": "obs-ANDHERI-SEG-029-7", "properties": {"roadId": "ANDHERI-SEG-029", "roadName": "Bhai Bhagat Marg", "condition": "WATCH", "color": "#eab308", "score": 64}, "geometry": {"type": "Point", "coordinates": [72.828942, 19.126435]}}, {"type": "Feature", "id": "obs-ANDHERI-SEG-029-8", "properties": {"roadId": "ANDHERI-SEG-029", "roadName": "Bhai Bhagat Marg", "condition": "POOR", "color": "#f97316", "score": 64}, "geometry": {"type": "Point", "coordinates": [72.829024, 19.126787]}}, {"type": "Feature", "id": "obs-ANDHERI-SEG-029-9", "properties": {"roadId": "ANDHERI-SEG-029", "roadName": "Bhai Bhagat Marg", "condition": "WATCH", "color": "#eab308", "score": 64}, "geometry": {"type": "Point", "coordinates": [72.8290563, 19.1269246]}}, {"type": "Feature", "id": "obs-ANDHERI-SEG-030-0", "properties": {"roadId": "ANDHERI-SEG-030", "roadName": "Wamanrao Mahadik Marg", "condition": "CRITICAL", "color": "#ef4444", "score": 46}, "geometry": {"type": "Point", "coordinates": [72.8256736, 19.1343909]}}, {"type": "Feature", "id": "obs-ANDHERI-SEG-030-1", "properties": {"roadId": "ANDHERI-SEG-030", "roadName": "Wamanrao Mahadik Marg", "condition": "POOR", "color": "#f97316", "score": 46}, "geometry": {"type": "Point", "coordinates": [72.825331, 19.134549]}}, {"type": "Feature", "id": "obs-ANDHERI-SEG-030-2", "properties": {"roadId": "ANDHERI-SEG-030", "roadName": "Wamanrao Mahadik Marg", "condition": "POOR", "color": "#f97316", "score": 46}, "geometry": {"type": "Point", "coordinates": [72.824989, 19.134705]}}, {"type": "Feature", "id": "obs-ANDHERI-SEG-030-3", "properties": {"roadId": "ANDHERI-SEG-030", "roadName": "Wamanrao Mahadik Marg", "condition": "CRITICAL", "color": "#ef4444", "score": 46}, "geometry": {"type": "Point", "coordinates": [72.8247522, 19.1348131]}}, {"type": "Feature", "id": "obs-ANDHERI-SEG-031-0", "properties": {"roadId": "ANDHERI-SEG-031", "roadName": "K D Gaikwad Road", "condition": "HEALTHY", "color": "#10b981", "score": 85}, "geometry": {"type": "Point", "coordinates": [72.8281217, 19.1337434]}}, {"type": "Feature", "id": "obs-ANDHERI-SEG-031-1", "properties": {"roadId": "ANDHERI-SEG-031", "roadName": "K D Gaikwad Road", "condition": "HEALTHY", "color": "#10b981", "score": 85}, "geometry": {"type": "Point", "coordinates": [72.82775, 19.133823]}}, {"type": "Feature", "id": "obs-ANDHERI-SEG-031-2", "properties": {"roadId": "ANDHERI-SEG-031", "roadName": "K D Gaikwad Road", "condition": "HEALTHY", "color": "#10b981", "score": 85}, "geometry": {"type": "Point", "coordinates": [72.82738, 19.133907]}}, {"type": "Feature", "id": "obs-ANDHERI-SEG-031-3", "properties": {"roadId": "ANDHERI-SEG-031", "roadName": "K D Gaikwad Road", "condition": "HEALTHY", "color": "#10b981", "score": 85}, "geometry": {"type": "Point", "coordinates": [72.82701, 19.13399]}}, {"type": "Feature", "id": "obs-ANDHERI-SEG-031-4", "properties": {"roadId": "ANDHERI-SEG-031", "roadName": "K D Gaikwad Road", "condition": "HEALTHY", "color": "#10b981", "score": 85}, "geometry": {"type": "Point", "coordinates": [72.826639, 19.134073]}}, {"type": "Feature", "id": "obs-ANDHERI-SEG-031-5", "properties": {"roadId": "ANDHERI-SEG-031", "roadName": "K D Gaikwad Road", "condition": "HEALTHY", "color": "#10b981", "score": 85}, "geometry": {"type": "Point", "coordinates": [72.826269, 19.134157]}}, {"type": "Feature", "id": "obs-ANDHERI-SEG-031-6", "properties": {"roadId": "ANDHERI-SEG-031", "roadName": "K D Gaikwad Road", "condition": "HEALTHY", "color": "#10b981", "score": 85}, "geometry": {"type": "Point", "coordinates": [72.825901, 19.134246]}}, {"type": "Feature", "id": "obs-ANDHERI-SEG-031-7", "properties": {"roadId": "ANDHERI-SEG-031", "roadName": "K D Gaikwad Road", "condition": "HEALTHY", "color": "#10b981", "score": 85}, "geometry": {"type": "Point", "coordinates": [72.8257769, 19.1343245]}}, {"type": "Feature", "id": "obs-ANDHERI-SEG-032-0", "properties": {"roadId": "ANDHERI-SEG-032", "roadName": "Tertiary (74877064)", "condition": "POOR", "color": "#f97316", "score": 71}, "geometry": {"type": "Point", "coordinates": [72.8225039, 19.132965]}}, {"type": "Feature", "id": "obs-ANDHERI-SEG-032-1", "properties": {"roadId": "ANDHERI-SEG-032", "roadName": "Tertiary (74877064)", "condition": "WATCH", "color": "#eab308", "score": 71}, "geometry": {"type": "Point", "coordinates": [72.822489, 19.13262]}}, {"type": "Feature", "id": "obs-ANDHERI-SEG-032-2", "properties": {"roadId": "ANDHERI-SEG-032", "roadName": "Tertiary (74877064)", "condition": "WATCH", "color": "#eab308", "score": 71}, "geometry": {"type": "Point", "coordinates": [72.822407, 19.132269]}}, {"type": "Feature", "id": "obs-ANDHERI-SEG-032-3", "properties": {"roadId": "ANDHERI-SEG-032", "roadName": "Tertiary (74877064)", "condition": "WATCH", "color": "#eab308", "score": 71}, "geometry": {"type": "Point", "coordinates": [72.822325, 19.131917]}}, {"type": "Feature", "id": "obs-ANDHERI-SEG-032-4", "properties": {"roadId": "ANDHERI-SEG-032", "roadName": "Tertiary (74877064)", "condition": "POOR", "color": "#f97316", "score": 71}, "geometry": {"type": "Point", "coordinates": [72.822243, 19.131566]}}, {"type": "Feature", "id": "obs-ANDHERI-SEG-032-5", "properties": {"roadId": "ANDHERI-SEG-032", "roadName": "Tertiary (74877064)", "condition": "WATCH", "color": "#eab308", "score": 71}, "geometry": {"type": "Point", "coordinates": [72.82216, 19.131215]}}, {"type": "Feature", "id": "obs-ANDHERI-SEG-032-6", "properties": {"roadId": "ANDHERI-SEG-032", "roadName": "Tertiary (74877064)", "condition": "WATCH", "color": "#eab308", "score": 71}, "geometry": {"type": "Point", "coordinates": [72.822076, 19.130864]}}, {"type": "Feature", "id": "obs-ANDHERI-SEG-032-7", "properties": {"roadId": "ANDHERI-SEG-032", "roadName": "Tertiary (74877064)", "condition": "WATCH", "color": "#eab308", "score": 71}, "geometry": {"type": "Point", "coordinates": [72.821992, 19.130513]}}, {"type": "Feature", "id": "obs-ANDHERI-SEG-032-8", "properties": {"roadId": "ANDHERI-SEG-032", "roadName": "Tertiary (74877064)", "condition": "POOR", "color": "#f97316", "score": 71}, "geometry": {"type": "Point", "coordinates": [72.8219155, 19.1301911]}}, {"type": "Feature", "id": "obs-ANDHERI-SEG-033-0", "properties": {"roadId": "ANDHERI-SEG-033", "roadName": "Link Road", "condition": "CRITICAL", "color": "#ef4444", "score": 29}, "geometry": {"type": "Point", "coordinates": [72.8316199, 19.1321691]}}, {"type": "Feature", "id": "obs-ANDHERI-SEG-033-1", "properties": {"roadId": "ANDHERI-SEG-033", "roadName": "Link Road", "condition": "CRITICAL", "color": "#ef4444", "score": 29}, "geometry": {"type": "Point", "coordinates": [72.831561, 19.131814]}}, {"type": "Feature", "id": "obs-ANDHERI-SEG-033-2", "properties": {"roadId": "ANDHERI-SEG-033", "roadName": "Link Road", "condition": "CRITICAL", "color": "#ef4444", "score": 29}, "geometry": {"type": "Point", "coordinates": [72.8315, 19.131459]}}, {"type": "Feature", "id": "obs-ANDHERI-SEG-033-3", "properties": {"roadId": "ANDHERI-SEG-033", "roadName": "Link Road", "condition": "CRITICAL", "color": "#ef4444", "score": 29}, "geometry": {"type": "Point", "coordinates": [72.831441, 19.131103]}}, {"type": "Feature", "id": "obs-ANDHERI-SEG-033-4", "properties": {"roadId": "ANDHERI-SEG-033", "roadName": "Link Road", "condition": "CRITICAL", "color": "#ef4444", "score": 29}, "geometry": {"type": "Point", "coordinates": [72.831475, 19.130748]}}, {"type": "Feature", "id": "obs-ANDHERI-SEG-033-5", "properties": {"roadId": "ANDHERI-SEG-033", "roadName": "Link Road", "condition": "CRITICAL", "color": "#ef4444", "score": 29}, "geometry": {"type": "Point", "coordinates": [72.83157, 19.1304]}}, {"type": "Feature", "id": "obs-ANDHERI-SEG-033-6", "properties": {"roadId": "ANDHERI-SEG-033", "roadName": "Link Road", "condition": "CRITICAL", "color": "#ef4444", "score": 29}, "geometry": {"type": "Point", "coordinates": [72.831601, 19.130046]}}, {"type": "Feature", "id": "obs-ANDHERI-SEG-033-7", "properties": {"roadId": "ANDHERI-SEG-033", "roadName": "Link Road", "condition": "CRITICAL", "color": "#ef4444", "score": 29}, "geometry": {"type": "Point", "coordinates": [72.831514, 19.129696]}}, {"type": "Feature", "id": "obs-ANDHERI-SEG-033-8", "properties": {"roadId": "ANDHERI-SEG-033", "roadName": "Link Road", "condition": "CRITICAL", "color": "#ef4444", "score": 29}, "geometry": {"type": "Point", "coordinates": [72.831429, 19.129345]}}, {"type": "Feature", "id": "obs-ANDHERI-SEG-033-9", "properties": {"roadId": "ANDHERI-SEG-033", "roadName": "Link Road", "condition": "CRITICAL", "color": "#ef4444", "score": 29}, "geometry": {"type": "Point", "coordinates": [72.831343, 19.128995]}}, {"type": "Feature", "id": "obs-ANDHERI-SEG-033-10", "properties": {"roadId": "ANDHERI-SEG-033", "roadName": "Link Road", "condition": "CRITICAL", "color": "#ef4444", "score": 29}, "geometry": {"type": "Point", "coordinates": [72.831257, 19.128644]}}, {"type": "Feature", "id": "obs-ANDHERI-SEG-033-11", "properties": {"roadId": "ANDHERI-SEG-033", "roadName": "Link Road", "condition": "CRITICAL", "color": "#ef4444", "score": 29}, "geometry": {"type": "Point", "coordinates": [72.831172, 19.128294]}}, {"type": "Feature", "id": "obs-ANDHERI-SEG-033-12", "properties": {"roadId": "ANDHERI-SEG-033", "roadName": "Link Road", "condition": "CRITICAL", "color": "#ef4444", "score": 29}, "geometry": {"type": "Point", "coordinates": [72.8311333, 19.1281251]}}, {"type": "Feature", "id": "obs-ANDHERI-SEG-034-0", "properties": {"roadId": "ANDHERI-SEG-034", "roadName": "Dattaji Salvi Marg", "condition": "CRITICAL", "color": "#ef4444", "score": 42}, "geometry": {"type": "Point", "coordinates": [72.831565, 19.1323171]}}, {"type": "Feature", "id": "obs-ANDHERI-SEG-034-1", "properties": {"roadId": "ANDHERI-SEG-034", "roadName": "Dattaji Salvi Marg", "condition": "POOR", "color": "#f97316", "score": 42}, "geometry": {"type": "Point", "coordinates": [72.831901, 19.132166]}}, {"type": "Feature", "id": "obs-ANDHERI-SEG-034-2", "properties": {"roadId": "ANDHERI-SEG-034", "roadName": "Dattaji Salvi Marg", "condition": "POOR", "color": "#f97316", "score": 42}, "geometry": {"type": "Point", "coordinates": [72.832275, 19.132098]}}, {"type": "Feature", "id": "obs-ANDHERI-SEG-034-3", "properties": {"roadId": "ANDHERI-SEG-034", "roadName": "Dattaji Salvi Marg", "condition": "CRITICAL", "color": "#ef4444", "score": 42}, "geometry": {"type": "Point", "coordinates": [72.832654, 19.132062]}}, {"type": "Feature", "id": "obs-ANDHERI-SEG-034-4", "properties": {"roadId": "ANDHERI-SEG-034", "roadName": "Dattaji Salvi Marg", "condition": "POOR", "color": "#f97316", "score": 42}, "geometry": {"type": "Point", "coordinates": [72.833033, 19.132033]}}, {"type": "Feature", "id": "obs-ANDHERI-SEG-034-5", "properties": {"roadId": "ANDHERI-SEG-034", "roadName": "Dattaji Salvi Marg", "condition": "POOR", "color": "#f97316", "score": 42}, "geometry": {"type": "Point", "coordinates": [72.833413, 19.132005]}}, {"type": "Feature", "id": "obs-ANDHERI-SEG-034-6", "properties": {"roadId": "ANDHERI-SEG-034", "roadName": "Dattaji Salvi Marg", "condition": "CRITICAL", "color": "#ef4444", "score": 42}, "geometry": {"type": "Point", "coordinates": [72.833792, 19.131975]}}, {"type": "Feature", "id": "obs-ANDHERI-SEG-034-7", "properties": {"roadId": "ANDHERI-SEG-034", "roadName": "Dattaji Salvi Marg", "condition": "POOR", "color": "#f97316", "score": 42}, "geometry": {"type": "Point", "coordinates": [72.834172, 19.131945]}}, {"type": "Feature", "id": "obs-ANDHERI-SEG-034-8", "properties": {"roadId": "ANDHERI-SEG-034", "roadName": "Dattaji Salvi Marg", "condition": "POOR", "color": "#f97316", "score": 42}, "geometry": {"type": "Point", "coordinates": [72.834551, 19.131916]}}, {"type": "Feature", "id": "obs-ANDHERI-SEG-034-9", "properties": {"roadId": "ANDHERI-SEG-034", "roadName": "Dattaji Salvi Marg", "condition": "CRITICAL", "color": "#ef4444", "score": 42}, "geometry": {"type": "Point", "coordinates": [72.834931, 19.131886]}}, {"type": "Feature", "id": "obs-ANDHERI-SEG-034-10", "properties": {"roadId": "ANDHERI-SEG-034", "roadName": "Dattaji Salvi Marg", "condition": "POOR", "color": "#f97316", "score": 42}, "geometry": {"type": "Point", "coordinates": [72.83531, 19.131856]}}, {"type": "Feature", "id": "obs-ANDHERI-SEG-034-11", "properties": {"roadId": "ANDHERI-SEG-034", "roadName": "Dattaji Salvi Marg", "condition": "POOR", "color": "#f97316", "score": 42}, "geometry": {"type": "Point", "coordinates": [72.835689, 19.131827]}}, {"type": "Feature", "id": "obs-ANDHERI-SEG-034-12", "properties": {"roadId": "ANDHERI-SEG-034", "roadName": "Dattaji Salvi Marg", "condition": "CRITICAL", "color": "#ef4444", "score": 42}, "geometry": {"type": "Point", "coordinates": [72.836069, 19.131797]}}, {"type": "Feature", "id": "obs-ANDHERI-SEG-034-13", "properties": {"roadId": "ANDHERI-SEG-034", "roadName": "Dattaji Salvi Marg", "condition": "POOR", "color": "#f97316", "score": 42}, "geometry": {"type": "Point", "coordinates": [72.836448, 19.131767]}}, {"type": "Feature", "id": "obs-ANDHERI-SEG-034-14", "properties": {"roadId": "ANDHERI-SEG-034", "roadName": "Dattaji Salvi Marg", "condition": "POOR", "color": "#f97316", "score": 42}, "geometry": {"type": "Point", "coordinates": [72.836828, 19.131738]}}, {"type": "Feature", "id": "obs-ANDHERI-SEG-034-15", "properties": {"roadId": "ANDHERI-SEG-034", "roadName": "Dattaji Salvi Marg", "condition": "CRITICAL", "color": "#ef4444", "score": 42}, "geometry": {"type": "Point", "coordinates": [72.837207, 19.131706]}}, {"type": "Feature", "id": "obs-ANDHERI-SEG-034-16", "properties": {"roadId": "ANDHERI-SEG-034", "roadName": "Dattaji Salvi Marg", "condition": "POOR", "color": "#f97316", "score": 42}, "geometry": {"type": "Point", "coordinates": [72.837586, 19.131671]}}, {"type": "Feature", "id": "obs-ANDHERI-SEG-034-17", "properties": {"roadId": "ANDHERI-SEG-034", "roadName": "Dattaji Salvi Marg", "condition": "POOR", "color": "#f97316", "score": 42}, "geometry": {"type": "Point", "coordinates": [72.8376424, 19.1316643]}}, {"type": "Feature", "id": "obs-ANDHERI-SEG-035-0", "properties": {"roadId": "ANDHERI-SEG-035", "roadName": "G K Gokhale Bridge", "condition": "HEALTHY", "color": "#10b981", "score": 79}, "geometry": {"type": "Point", "coordinates": [72.8439791, 19.1163504]}}, {"type": "Feature", "id": "obs-ANDHERI-SEG-035-1", "properties": {"roadId": "ANDHERI-SEG-035", "roadName": "G K Gokhale Bridge", "condition": "HEALTHY", "color": "#10b981", "score": 79}, "geometry": {"type": "Point", "coordinates": [72.8442124, 19.1162736]}}, {"type": "Feature", "id": "obs-ANDHERI-SEG-036-0", "properties": {"roadId": "ANDHERI-SEG-036", "roadName": "Comrade Shamrao Parulekar Marg", "condition": "POOR", "color": "#f97316", "score": 65}, "geometry": {"type": "Point", "coordinates": [72.8267756, 19.1077432]}}, {"type": "Feature", "id": "obs-ANDHERI-SEG-036-1", "properties": {"roadId": "ANDHERI-SEG-036", "roadName": "Comrade Shamrao Parulekar Marg", "condition": "WATCH", "color": "#eab308", "score": 65}, "geometry": {"type": "Point", "coordinates": [72.826739, 19.108101]}}, {"type": "Feature", "id": "obs-ANDHERI-SEG-036-2", "properties": {"roadId": "ANDHERI-SEG-036", "roadName": "Comrade Shamrao Parulekar Marg", "condition": "WATCH", "color": "#eab308", "score": 65}, "geometry": {"type": "Point", "coordinates": [72.826706, 19.10846]}}, {"type": "Feature", "id": "obs-ANDHERI-SEG-036-3", "properties": {"roadId": "ANDHERI-SEG-036", "roadName": "Comrade Shamrao Parulekar Marg", "condition": "WATCH", "color": "#eab308", "score": 65}, "geometry": {"type": "Point", "coordinates": [72.826717, 19.108817]}}, {"type": "Feature", "id": "obs-ANDHERI-SEG-036-4", "properties": {"roadId": "ANDHERI-SEG-036", "roadName": "Comrade Shamrao Parulekar Marg", "condition": "POOR", "color": "#f97316", "score": 65}, "geometry": {"type": "Point", "coordinates": [72.826851, 19.10915]}}, {"type": "Feature", "id": "obs-ANDHERI-SEG-036-5", "properties": {"roadId": "ANDHERI-SEG-036", "roadName": "Comrade Shamrao Parulekar Marg", "condition": "WATCH", "color": "#eab308", "score": 65}, "geometry": {"type": "Point", "coordinates": [72.82704, 19.109462]}}, {"type": "Feature", "id": "obs-ANDHERI-SEG-036-6", "properties": {"roadId": "ANDHERI-SEG-036", "roadName": "Comrade Shamrao Parulekar Marg", "condition": "WATCH", "color": "#eab308", "score": 65}, "geometry": {"type": "Point", "coordinates": [72.827229, 19.109775]}}, {"type": "Feature", "id": "obs-ANDHERI-SEG-036-7", "properties": {"roadId": "ANDHERI-SEG-036", "roadName": "Comrade Shamrao Parulekar Marg", "condition": "WATCH", "color": "#eab308", "score": 65}, "geometry": {"type": "Point", "coordinates": [72.827422, 19.110084]}}, {"type": "Feature", "id": "obs-ANDHERI-SEG-036-8", "properties": {"roadId": "ANDHERI-SEG-036", "roadName": "Comrade Shamrao Parulekar Marg", "condition": "POOR", "color": "#f97316", "score": 65}, "geometry": {"type": "Point", "coordinates": [72.827622, 19.11039]}}, {"type": "Feature", "id": "obs-ANDHERI-SEG-036-9", "properties": {"roadId": "ANDHERI-SEG-036", "roadName": "Comrade Shamrao Parulekar Marg", "condition": "WATCH", "color": "#eab308", "score": 65}, "geometry": {"type": "Point", "coordinates": [72.827825, 19.110695]}}, {"type": "Feature", "id": "obs-ANDHERI-SEG-036-10", "properties": {"roadId": "ANDHERI-SEG-036", "roadName": "Comrade Shamrao Parulekar Marg", "condition": "WATCH", "color": "#eab308", "score": 65}, "geometry": {"type": "Point", "coordinates": [72.82803, 19.110998]}}, {"type": "Feature", "id": "obs-ANDHERI-SEG-036-11", "properties": {"roadId": "ANDHERI-SEG-036", "roadName": "Comrade Shamrao Parulekar Marg", "condition": "WATCH", "color": "#eab308", "score": 65}, "geometry": {"type": "Point", "coordinates": [72.828242, 19.111297]}}, {"type": "Feature", "id": "obs-ANDHERI-SEG-036-12", "properties": {"roadId": "ANDHERI-SEG-036", "roadName": "Comrade Shamrao Parulekar Marg", "condition": "POOR", "color": "#f97316", "score": 65}, "geometry": {"type": "Point", "coordinates": [72.828492, 19.111567]}}, {"type": "Feature", "id": "obs-ANDHERI-SEG-036-13", "properties": {"roadId": "ANDHERI-SEG-036", "roadName": "Comrade Shamrao Parulekar Marg", "condition": "WATCH", "color": "#eab308", "score": 65}, "geometry": {"type": "Point", "coordinates": [72.828756, 19.111826]}}, {"type": "Feature", "id": "obs-ANDHERI-SEG-036-14", "properties": {"roadId": "ANDHERI-SEG-036", "roadName": "Comrade Shamrao Parulekar Marg", "condition": "WATCH", "color": "#eab308", "score": 65}, "geometry": {"type": "Point", "coordinates": [72.8288471, 19.1119206]}}, {"type": "Feature", "id": "obs-ANDHERI-SEG-037-0", "properties": {"roadId": "ANDHERI-SEG-037", "roadName": "CD Barfiwala Road", "condition": "HEALTHY", "color": "#10b981", "score": 88}, "geometry": {"type": "Point", "coordinates": [72.833759, 19.116061]}}, {"type": "Feature", "id": "obs-ANDHERI-SEG-037-1", "properties": {"roadId": "ANDHERI-SEG-037", "roadName": "CD Barfiwala Road", "condition": "HEALTHY", "color": "#10b981", "score": 88}, "geometry": {"type": "Point", "coordinates": [72.834139, 19.116081]}}, {"type": "Feature", "id": "obs-ANDHERI-SEG-037-2", "properties": {"roadId": "ANDHERI-SEG-037", "roadName": "CD Barfiwala Road", "condition": "HEALTHY", "color": "#10b981", "score": 88}, "geometry": {"type": "Point", "coordinates": [72.83452, 19.116084]}}, {"type": "Feature", "id": "obs-ANDHERI-SEG-037-3", "properties": {"roadId": "ANDHERI-SEG-037", "roadName": "CD Barfiwala Road", "condition": "HEALTHY", "color": "#10b981", "score": 88}, "geometry": {"type": "Point", "coordinates": [72.8349, 19.116088]}}, {"type": "Feature", "id": "obs-ANDHERI-SEG-037-4", "properties": {"roadId": "ANDHERI-SEG-037", "roadName": "CD Barfiwala Road", "condition": "HEALTHY", "color": "#10b981", "score": 88}, "geometry": {"type": "Point", "coordinates": [72.835281, 19.116088]}}, {"type": "Feature", "id": "obs-ANDHERI-SEG-037-5", "properties": {"roadId": "ANDHERI-SEG-037", "roadName": "CD Barfiwala Road", "condition": "HEALTHY", "color": "#10b981", "score": 88}, "geometry": {"type": "Point", "coordinates": [72.835662, 19.116085]}}, {"type": "Feature", "id": "obs-ANDHERI-SEG-037-6", "properties": {"roadId": "ANDHERI-SEG-037", "roadName": "CD Barfiwala Road", "condition": "HEALTHY", "color": "#10b981", "score": 88}, "geometry": {"type": "Point", "coordinates": [72.836043, 19.116086]}}, {"type": "Feature", "id": "obs-ANDHERI-SEG-037-7", "properties": {"roadId": "ANDHERI-SEG-037", "roadName": "CD Barfiwala Road", "condition": "HEALTHY", "color": "#10b981", "score": 88}, "geometry": {"type": "Point", "coordinates": [72.836423, 19.116092]}}, {"type": "Feature", "id": "obs-ANDHERI-SEG-037-8", "properties": {"roadId": "ANDHERI-SEG-037", "roadName": "CD Barfiwala Road", "condition": "HEALTHY", "color": "#10b981", "score": 88}, "geometry": {"type": "Point", "coordinates": [72.836804, 19.116093]}}, {"type": "Feature", "id": "obs-ANDHERI-SEG-037-9", "properties": {"roadId": "ANDHERI-SEG-037", "roadName": "CD Barfiwala Road", "condition": "HEALTHY", "color": "#10b981", "score": 88}, "geometry": {"type": "Point", "coordinates": [72.837185, 19.116094]}}, {"type": "Feature", "id": "obs-ANDHERI-SEG-037-10", "properties": {"roadId": "ANDHERI-SEG-037", "roadName": "CD Barfiwala Road", "condition": "HEALTHY", "color": "#10b981", "score": 88}, "geometry": {"type": "Point", "coordinates": [72.837565, 19.116114]}}, {"type": "Feature", "id": "obs-ANDHERI-SEG-037-11", "properties": {"roadId": "ANDHERI-SEG-037", "roadName": "CD Barfiwala Road", "condition": "HEALTHY", "color": "#10b981", "score": 88}, "geometry": {"type": "Point", "coordinates": [72.837945, 19.116137]}}, {"type": "Feature", "id": "obs-ANDHERI-SEG-037-12", "properties": {"roadId": "ANDHERI-SEG-037", "roadName": "CD Barfiwala Road", "condition": "HEALTHY", "color": "#10b981", "score": 88}, "geometry": {"type": "Point", "coordinates": [72.838324, 19.116164]}}, {"type": "Feature", "id": "obs-ANDHERI-SEG-037-13", "properties": {"roadId": "ANDHERI-SEG-037", "roadName": "CD Barfiwala Road", "condition": "HEALTHY", "color": "#10b981", "score": 88}, "geometry": {"type": "Point", "coordinates": [72.838686, 19.116257]}}, {"type": "Feature", "id": "obs-ANDHERI-SEG-037-14", "properties": {"roadId": "ANDHERI-SEG-037", "roadName": "CD Barfiwala Road", "condition": "HEALTHY", "color": "#10b981", "score": 88}, "geometry": {"type": "Point", "coordinates": [72.839067, 19.116271]}}, {"type": "Feature", "id": "obs-ANDHERI-SEG-037-15", "properties": {"roadId": "ANDHERI-SEG-037", "roadName": "CD Barfiwala Road", "condition": "HEALTHY", "color": "#10b981", "score": 88}, "geometry": {"type": "Point", "coordinates": [72.839447, 19.116285]}}, {"type": "Feature", "id": "obs-ANDHERI-SEG-037-16", "properties": {"roadId": "ANDHERI-SEG-037", "roadName": "CD Barfiwala Road", "condition": "HEALTHY", "color": "#10b981", "score": 88}, "geometry": {"type": "Point", "coordinates": [72.839828, 19.116288]}}, {"type": "Feature", "id": "obs-ANDHERI-SEG-037-17", "properties": {"roadId": "ANDHERI-SEG-037", "roadName": "CD Barfiwala Road", "condition": "HEALTHY", "color": "#10b981", "score": 88}, "geometry": {"type": "Point", "coordinates": [72.840208, 19.116281]}}, {"type": "Feature", "id": "obs-ANDHERI-SEG-037-18", "properties": {"roadId": "ANDHERI-SEG-037", "roadName": "CD Barfiwala Road", "condition": "HEALTHY", "color": "#10b981", "score": 88}, "geometry": {"type": "Point", "coordinates": [72.8402631, 19.1162766]}}, {"type": "Feature", "id": "obs-ANDHERI-SEG-038-0", "properties": {"roadId": "ANDHERI-SEG-038", "roadName": "Dauwood Baug Lane", "condition": "HEALTHY", "color": "#10b981", "score": 82}, "geometry": {"type": "Point", "coordinates": [72.844115, 19.1232666]}}, {"type": "Feature", "id": "obs-ANDHERI-SEG-038-1", "properties": {"roadId": "ANDHERI-SEG-038", "roadName": "Dauwood Baug Lane", "condition": "HEALTHY", "color": "#10b981", "score": 82}, "geometry": {"type": "Point", "coordinates": [72.844192, 19.123619]}}, {"type": "Feature", "id": "obs-ANDHERI-SEG-038-2", "properties": {"roadId": "ANDHERI-SEG-038", "roadName": "Dauwood Baug Lane", "condition": "HEALTHY", "color": "#10b981", "score": 82}, "geometry": {"type": "Point", "coordinates": [72.844269, 19.123971]}}, {"type": "Feature", "id": "obs-ANDHERI-SEG-038-3", "properties": {"roadId": "ANDHERI-SEG-038", "roadName": "Dauwood Baug Lane", "condition": "HEALTHY", "color": "#10b981", "score": 82}, "geometry": {"type": "Point", "coordinates": [72.844346, 19.124323]}}, {"type": "Feature", "id": "obs-ANDHERI-SEG-038-4", "properties": {"roadId": "ANDHERI-SEG-038", "roadName": "Dauwood Baug Lane", "condition": "HEALTHY", "color": "#10b981", "score": 82}, "geometry": {"type": "Point", "coordinates": [72.844425, 19.124675]}}, {"type": "Feature", "id": "obs-ANDHERI-SEG-038-5", "properties": {"roadId": "ANDHERI-SEG-038", "roadName": "Dauwood Baug Lane", "condition": "HEALTHY", "color": "#10b981", "score": 82}, "geometry": {"type": "Point", "coordinates": [72.844503, 19.125027]}}, {"type": "Feature", "id": "obs-ANDHERI-SEG-038-6", "properties": {"roadId": "ANDHERI-SEG-038", "roadName": "Dauwood Baug Lane", "condition": "HEALTHY", "color": "#10b981", "score": 82}, "geometry": {"type": "Point", "coordinates": [72.844634, 19.125364]}}, {"type": "Feature", "id": "obs-ANDHERI-SEG-038-7", "properties": {"roadId": "ANDHERI-SEG-038", "roadName": "Dauwood Baug Lane", "condition": "HEALTHY", "color": "#10b981", "score": 82}, "geometry": {"type": "Point", "coordinates": [72.844742, 19.1257]}}, {"type": "Feature", "id": "obs-ANDHERI-SEG-038-8", "properties": {"roadId": "ANDHERI-SEG-038", "roadName": "Dauwood Baug Lane", "condition": "HEALTHY", "color": "#10b981", "score": 82}, "geometry": {"type": "Point", "coordinates": [72.844698, 19.126057]}}, {"type": "Feature", "id": "obs-ANDHERI-SEG-038-9", "properties": {"roadId": "ANDHERI-SEG-038", "roadName": "Dauwood Baug Lane", "condition": "HEALTHY", "color": "#10b981", "score": 82}, "geometry": {"type": "Point", "coordinates": [72.844673, 19.126414]}}, {"type": "Feature", "id": "obs-ANDHERI-SEG-038-10", "properties": {"roadId": "ANDHERI-SEG-038", "roadName": "Dauwood Baug Lane", "condition": "HEALTHY", "color": "#10b981", "score": 82}, "geometry": {"type": "Point", "coordinates": [72.844718, 19.126771]}}, {"type": "Feature", "id": "obs-ANDHERI-SEG-038-11", "properties": {"roadId": "ANDHERI-SEG-038", "roadName": "Dauwood Baug Lane", "condition": "HEALTHY", "color": "#10b981", "score": 82}, "geometry": {"type": "Point", "coordinates": [72.844763, 19.127129]}}, {"type": "Feature", "id": "obs-ANDHERI-SEG-038-12", "properties": {"roadId": "ANDHERI-SEG-038", "roadName": "Dauwood Baug Lane", "condition": "HEALTHY", "color": "#10b981", "score": 82}, "geometry": {"type": "Point", "coordinates": [72.844808, 19.127486]}}, {"type": "Feature", "id": "obs-ANDHERI-SEG-038-13", "properties": {"roadId": "ANDHERI-SEG-038", "roadName": "Dauwood Baug Lane", "condition": "HEALTHY", "color": "#10b981", "score": 82}, "geometry": {"type": "Point", "coordinates": [72.8448455, 19.1277871]}}, {"type": "Feature", "id": "obs-ANDHERI-SEG-039-0", "properties": {"roadId": "ANDHERI-SEG-039", "roadName": "Wamanrao Mahadik Marg", "condition": "POOR", "color": "#f97316", "score": 68}, "geometry": {"type": "Point", "coordinates": [72.8247522, 19.1348131]}}, {"type": "Feature", "id": "obs-ANDHERI-SEG-039-1", "properties": {"roadId": "ANDHERI-SEG-039", "roadName": "Wamanrao Mahadik Marg", "condition": "WATCH", "color": "#eab308", "score": 68}, "geometry": {"type": "Point", "coordinates": [72.824376, 19.134763]}}, {"type": "Feature", "id": "obs-ANDHERI-SEG-039-2", "properties": {"roadId": "ANDHERI-SEG-039", "roadName": "Wamanrao Mahadik Marg", "condition": "WATCH", "color": "#eab308", "score": 68}, "geometry": {"type": "Point", "coordinates": [72.823998, 19.134721]}}, {"type": "Feature", "id": "obs-ANDHERI-SEG-039-3", "properties": {"roadId": "ANDHERI-SEG-039", "roadName": "Wamanrao Mahadik Marg", "condition": "WATCH", "color": "#eab308", "score": 68}, "geometry": {"type": "Point", "coordinates": [72.82362, 19.134677]}}, {"type": "Feature", "id": "obs-ANDHERI-SEG-039-4", "properties": {"roadId": "ANDHERI-SEG-039", "roadName": "Wamanrao Mahadik Marg", "condition": "POOR", "color": "#f97316", "score": 68}, "geometry": {"type": "Point", "coordinates": [72.823242, 19.134636]}}, {"type": "Feature", "id": "obs-ANDHERI-SEG-039-5", "properties": {"roadId": "ANDHERI-SEG-039", "roadName": "Wamanrao Mahadik Marg", "condition": "WATCH", "color": "#eab308", "score": 68}, "geometry": {"type": "Point", "coordinates": [72.822902, 19.13479]}}, {"type": "Feature", "id": "obs-ANDHERI-SEG-039-6", "properties": {"roadId": "ANDHERI-SEG-039", "roadName": "Wamanrao Mahadik Marg", "condition": "WATCH", "color": "#eab308", "score": 68}, "geometry": {"type": "Point", "coordinates": [72.822558, 19.134942]}}, {"type": "Feature", "id": "obs-ANDHERI-SEG-039-7", "properties": {"roadId": "ANDHERI-SEG-039", "roadName": "Wamanrao Mahadik Marg", "condition": "WATCH", "color": "#eab308", "score": 68}, "geometry": {"type": "Point", "coordinates": [72.822235, 19.135132]}}, {"type": "Feature", "id": "obs-ANDHERI-SEG-039-8", "properties": {"roadId": "ANDHERI-SEG-039", "roadName": "Wamanrao Mahadik Marg", "condition": "POOR", "color": "#f97316", "score": 68}, "geometry": {"type": "Point", "coordinates": [72.821907, 19.135316]}}, {"type": "Feature", "id": "obs-ANDHERI-SEG-039-9", "properties": {"roadId": "ANDHERI-SEG-039", "roadName": "Wamanrao Mahadik Marg", "condition": "WATCH", "color": "#eab308", "score": 68}, "geometry": {"type": "Point", "coordinates": [72.821576, 19.135493]}}, {"type": "Feature", "id": "obs-ANDHERI-SEG-039-10", "properties": {"roadId": "ANDHERI-SEG-039", "roadName": "Wamanrao Mahadik Marg", "condition": "WATCH", "color": "#eab308", "score": 68}, "geometry": {"type": "Point", "coordinates": [72.821242, 19.135667]}}, {"type": "Feature", "id": "obs-ANDHERI-SEG-039-11", "properties": {"roadId": "ANDHERI-SEG-039", "roadName": "Wamanrao Mahadik Marg", "condition": "WATCH", "color": "#eab308", "score": 68}, "geometry": {"type": "Point", "coordinates": [72.820909, 19.135839]}}, {"type": "Feature", "id": "obs-ANDHERI-SEG-039-12", "properties": {"roadId": "ANDHERI-SEG-039", "roadName": "Wamanrao Mahadik Marg", "condition": "POOR", "color": "#f97316", "score": 68}, "geometry": {"type": "Point", "coordinates": [72.820575, 19.136014]}}, {"type": "Feature", "id": "obs-ANDHERI-SEG-039-13", "properties": {"roadId": "ANDHERI-SEG-039", "roadName": "Wamanrao Mahadik Marg", "condition": "WATCH", "color": "#eab308", "score": 68}, "geometry": {"type": "Point", "coordinates": [72.820243, 19.136188]}}, {"type": "Feature", "id": "obs-ANDHERI-SEG-039-14", "properties": {"roadId": "ANDHERI-SEG-039", "roadName": "Wamanrao Mahadik Marg", "condition": "WATCH", "color": "#eab308", "score": 68}, "geometry": {"type": "Point", "coordinates": [72.819916, 19.136371]}}, {"type": "Feature", "id": "obs-ANDHERI-SEG-039-15", "properties": {"roadId": "ANDHERI-SEG-039", "roadName": "Wamanrao Mahadik Marg", "condition": "WATCH", "color": "#eab308", "score": 68}, "geometry": {"type": "Point", "coordinates": [72.8198753, 19.1364066]}}, {"type": "Feature", "id": "obs-ANDHERI-SEG-040-0", "properties": {"roadId": "ANDHERI-SEG-040", "roadName": "Tertiary (181218219)", "condition": "HEALTHY", "color": "#10b981", "score": 91}, "geometry": {"type": "Point", "coordinates": [72.8257628, 19.1326997]}}, {"type": "Feature", "id": "obs-ANDHERI-SEG-040-1", "properties": {"roadId": "ANDHERI-SEG-040", "roadName": "Tertiary (181218219)", "condition": "HEALTHY", "color": "#10b981", "score": 91}, "geometry": {"type": "Point", "coordinates": [72.825392, 19.132739]}}, {"type": "Feature", "id": "obs-ANDHERI-SEG-040-2", "properties": {"roadId": "ANDHERI-SEG-040", "roadName": "Tertiary (181218219)", "condition": "HEALTHY", "color": "#10b981", "score": 91}, "geometry": {"type": "Point", "coordinates": [72.825022, 19.132826]}}, {"type": "Feature", "id": "obs-ANDHERI-SEG-040-3", "properties": {"roadId": "ANDHERI-SEG-040", "roadName": "Tertiary (181218219)", "condition": "HEALTHY", "color": "#10b981", "score": 91}, "geometry": {"type": "Point", "coordinates": [72.824656, 19.132925]}}, {"type": "Feature", "id": "obs-ANDHERI-SEG-040-4", "properties": {"roadId": "ANDHERI-SEG-040", "roadName": "Tertiary (181218219)", "condition": "HEALTHY", "color": "#10b981", "score": 91}, "geometry": {"type": "Point", "coordinates": [72.824287, 19.133013]}}, {"type": "Feature", "id": "obs-ANDHERI-SEG-040-5", "properties": {"roadId": "ANDHERI-SEG-040", "roadName": "Tertiary (181218219)", "condition": "HEALTHY", "color": "#10b981", "score": 91}, "geometry": {"type": "Point", "coordinates": [72.823915, 19.133091]}}, {"type": "Feature", "id": "obs-ANDHERI-SEG-040-6", "properties": {"roadId": "ANDHERI-SEG-040", "roadName": "Tertiary (181218219)", "condition": "HEALTHY", "color": "#10b981", "score": 91}, "geometry": {"type": "Point", "coordinates": [72.82354, 19.133153]}}, {"type": "Feature", "id": "obs-ANDHERI-SEG-040-7", "properties": {"roadId": "ANDHERI-SEG-040", "roadName": "Tertiary (181218219)", "condition": "HEALTHY", "color": "#10b981", "score": 91}, "geometry": {"type": "Point", "coordinates": [72.823166, 19.133154]}}, {"type": "Feature", "id": "obs-ANDHERI-SEG-040-8", "properties": {"roadId": "ANDHERI-SEG-040", "roadName": "Tertiary (181218219)", "condition": "HEALTHY", "color": "#10b981", "score": 91}, "geometry": {"type": "Point", "coordinates": [72.822791, 19.13309]}}, {"type": "Feature", "id": "obs-ANDHERI-SEG-040-9", "properties": {"roadId": "ANDHERI-SEG-040", "roadName": "Tertiary (181218219)", "condition": "HEALTHY", "color": "#10b981", "score": 91}, "geometry": {"type": "Point", "coordinates": [72.822417, 19.133024]}}, {"type": "Feature", "id": "obs-ANDHERI-SEG-040-10", "properties": {"roadId": "ANDHERI-SEG-040", "roadName": "Tertiary (181218219)", "condition": "HEALTHY", "color": "#10b981", "score": 91}, "geometry": {"type": "Point", "coordinates": [72.822043, 19.132956]}}, {"type": "Feature", "id": "obs-ANDHERI-SEG-040-11", "properties": {"roadId": "ANDHERI-SEG-040", "roadName": "Tertiary (181218219)", "condition": "HEALTHY", "color": "#10b981", "score": 91}, "geometry": {"type": "Point", "coordinates": [72.821669, 19.132887]}}, {"type": "Feature", "id": "obs-ANDHERI-SEG-040-12", "properties": {"roadId": "ANDHERI-SEG-040", "roadName": "Tertiary (181218219)", "condition": "HEALTHY", "color": "#10b981", "score": 91}, "geometry": {"type": "Point", "coordinates": [72.821295, 19.132819]}}, {"type": "Feature", "id": "obs-ANDHERI-SEG-040-13", "properties": {"roadId": "ANDHERI-SEG-040", "roadName": "Tertiary (181218219)", "condition": "HEALTHY", "color": "#10b981", "score": 91}, "geometry": {"type": "Point", "coordinates": [72.8212807, 19.1328159]}}, {"type": "Feature", "id": "obs-ANDHERI-SEG-041-0", "properties": {"roadId": "ANDHERI-SEG-041", "roadName": "Balasaheb Sawant Road", "condition": "POOR", "color": "#f97316", "score": 64}, "geometry": {"type": "Point", "coordinates": [72.8237939, 19.1238983]}}, {"type": "Feature", "id": "obs-ANDHERI-SEG-041-1", "properties": {"roadId": "ANDHERI-SEG-041", "roadName": "Balasaheb Sawant Road", "condition": "WATCH", "color": "#eab308", "score": 64}, "geometry": {"type": "Point", "coordinates": [72.823536, 19.124163]}}, {"type": "Feature", "id": "obs-ANDHERI-SEG-041-2", "properties": {"roadId": "ANDHERI-SEG-041", "roadName": "Balasaheb Sawant Road", "condition": "WATCH", "color": "#eab308", "score": 64}, "geometry": {"type": "Point", "coordinates": [72.823279, 19.124428]}}, {"type": "Feature", "id": "obs-ANDHERI-SEG-041-3", "properties": {"roadId": "ANDHERI-SEG-041", "roadName": "Balasaheb Sawant Road", "condition": "WATCH", "color": "#eab308", "score": 64}, "geometry": {"type": "Point", "coordinates": [72.823022, 19.124694]}}, {"type": "Feature", "id": "obs-ANDHERI-SEG-041-4", "properties": {"roadId": "ANDHERI-SEG-041", "roadName": "Balasaheb Sawant Road", "condition": "POOR", "color": "#f97316", "score": 64}, "geometry": {"type": "Point", "coordinates": [72.822776, 19.124968]}}, {"type": "Feature", "id": "obs-ANDHERI-SEG-041-5", "properties": {"roadId": "ANDHERI-SEG-041", "roadName": "Balasaheb Sawant Road", "condition": "WATCH", "color": "#eab308", "score": 64}, "geometry": {"type": "Point", "coordinates": [72.822556, 19.125262]}}, {"type": "Feature", "id": "obs-ANDHERI-SEG-041-6", "properties": {"roadId": "ANDHERI-SEG-041", "roadName": "Balasaheb Sawant Road", "condition": "WATCH", "color": "#eab308", "score": 64}, "geometry": {"type": "Point", "coordinates": [72.822338, 19.125557]}}, {"type": "Feature", "id": "obs-ANDHERI-SEG-041-7", "properties": {"roadId": "ANDHERI-SEG-041", "roadName": "Balasaheb Sawant Road", "condition": "WATCH", "color": "#eab308", "score": 64}, "geometry": {"type": "Point", "coordinates": [72.822178, 19.125883]}}, {"type": "Feature", "id": "obs-ANDHERI-SEG-041-8", "properties": {"roadId": "ANDHERI-SEG-041", "roadName": "Balasaheb Sawant Road", "condition": "POOR", "color": "#f97316", "score": 64}, "geometry": {"type": "Point", "coordinates": [72.822032, 19.126215]}}, {"type": "Feature", "id": "obs-ANDHERI-SEG-041-9", "properties": {"roadId": "ANDHERI-SEG-041", "roadName": "Balasaheb Sawant Road", "condition": "WATCH", "color": "#eab308", "score": 64}, "geometry": {"type": "Point", "coordinates": [72.8219528, 19.1264375]}}, {"type": "Feature", "id": "obs-ANDHERI-SEG-042-0", "properties": {"roadId": "ANDHERI-SEG-042", "roadName": "Link Road", "condition": "CRITICAL", "color": "#ef4444", "score": 46}, "geometry": {"type": "Point", "coordinates": [72.8311333, 19.1281251]}}, {"type": "Feature", "id": "obs-ANDHERI-SEG-042-1", "properties": {"roadId": "ANDHERI-SEG-042", "roadName": "Link Road", "condition": "POOR", "color": "#f97316", "score": 46}, "geometry": {"type": "Point", "coordinates": [72.8311117, 19.1280128]}}, {"type": "Feature", "id": "obs-ANDHERI-SEG-043-0", "properties": {"roadId": "ANDHERI-SEG-043", "roadName": "Tertiary (183252958)", "condition": "HEALTHY", "color": "#10b981", "score": 85}, "geometry": {"type": "Point", "coordinates": [72.8402294, 19.1188816]}}, {"type": "Feature", "id": "obs-ANDHERI-SEG-043-1", "properties": {"roadId": "ANDHERI-SEG-043", "roadName": "Tertiary (183252958)", "condition": "HEALTHY", "color": "#10b981", "score": 85}, "geometry": {"type": "Point", "coordinates": [72.8399, 19.118917]}}, {"type": "Feature", "id": "obs-ANDHERI-SEG-043-2", "properties": {"roadId": "ANDHERI-SEG-043", "roadName": "Tertiary (183252958)", "condition": "HEALTHY", "color": "#10b981", "score": 85}, "geometry": {"type": "Point", "coordinates": [72.839554, 19.118948]}}, {"type": "Feature", "id": "obs-ANDHERI-SEG-043-3", "properties": {"roadId": "ANDHERI-SEG-043", "roadName": "Tertiary (183252958)", "condition": "HEALTHY", "color": "#10b981", "score": 85}, "geometry": {"type": "Point", "coordinates": [72.839399, 19.119247]}}, {"type": "Feature", "id": "obs-ANDHERI-SEG-043-4", "properties": {"roadId": "ANDHERI-SEG-043", "roadName": "Tertiary (183252958)", "condition": "HEALTHY", "color": "#10b981", "score": 85}, "geometry": {"type": "Point", "coordinates": [72.839213, 19.11953]}}, {"type": "Feature", "id": "obs-ANDHERI-SEG-043-5", "properties": {"roadId": "ANDHERI-SEG-043", "roadName": "Tertiary (183252958)", "condition": "HEALTHY", "color": "#10b981", "score": 85}, "geometry": {"type": "Point", "coordinates": [72.838849, 19.119634]}}, {"type": "Feature", "id": "obs-ANDHERI-SEG-043-6", "properties": {"roadId": "ANDHERI-SEG-043", "roadName": "Tertiary (183252958)", "condition": "HEALTHY", "color": "#10b981", "score": 85}, "geometry": {"type": "Point", "coordinates": [72.838484, 19.119736]}}, {"type": "Feature", "id": "obs-ANDHERI-SEG-043-7", "properties": {"roadId": "ANDHERI-SEG-043", "roadName": "Tertiary (183252958)", "condition": "HEALTHY", "color": "#10b981", "score": 85}, "geometry": {"type": "Point", "coordinates": [72.838186, 19.119608]}}, {"type": "Feature", "id": "obs-ANDHERI-SEG-043-8", "properties": {"roadId": "ANDHERI-SEG-043", "roadName": "Tertiary (183252958)", "condition": "HEALTHY", "color": "#10b981", "score": 85}, "geometry": {"type": "Point", "coordinates": [72.837837, 19.11975]}}, {"type": "Feature", "id": "obs-ANDHERI-SEG-043-9", "properties": {"roadId": "ANDHERI-SEG-043", "roadName": "Tertiary (183252958)", "condition": "HEALTHY", "color": "#10b981", "score": 85}, "geometry": {"type": "Point", "coordinates": [72.8376741, 19.1198165]}}, {"type": "Feature", "id": "obs-ANDHERI-SEG-044-0", "properties": {"roadId": "ANDHERI-SEG-044", "roadName": "Jai Bhawani Mata Road", "condition": "POOR", "color": "#f97316", "score": 71}, "geometry": {"type": "Point", "coordinates": [72.8431725, 19.1279922]}}, {"type": "Feature", "id": "obs-ANDHERI-SEG-044-1", "properties": {"roadId": "ANDHERI-SEG-044", "roadName": "Jai Bhawani Mata Road", "condition": "WATCH", "color": "#eab308", "score": 71}, "geometry": {"type": "Point", "coordinates": [72.843169, 19.128351]}}, {"type": "Feature", "id": "obs-ANDHERI-SEG-044-2", "properties": {"roadId": "ANDHERI-SEG-044", "roadName": "Jai Bhawani Mata Road", "condition": "WATCH", "color": "#eab308", "score": 71}, "geometry": {"type": "Point", "coordinates": [72.843155, 19.128709]}}, {"type": "Feature", "id": "obs-ANDHERI-SEG-044-3", "properties": {"roadId": "ANDHERI-SEG-044", "roadName": "Jai Bhawani Mata Road", "condition": "WATCH", "color": "#eab308", "score": 71}, "geometry": {"type": "Point", "coordinates": [72.843102, 19.129063]}}, {"type": "Feature", "id": "obs-ANDHERI-SEG-044-4", "properties": {"roadId": "ANDHERI-SEG-044", "roadName": "Jai Bhawani Mata Road", "condition": "POOR", "color": "#f97316", "score": 71}, "geometry": {"type": "Point", "coordinates": [72.842811, 19.129277]}}, {"type": "Feature", "id": "obs-ANDHERI-SEG-044-5", "properties": {"roadId": "ANDHERI-SEG-044", "roadName": "Jai Bhawani Mata Road", "condition": "WATCH", "color": "#eab308", "score": 71}, "geometry": {"type": "Point", "coordinates": [72.84256, 19.129532]}}, {"type": "Feature", "id": "obs-ANDHERI-SEG-044-6", "properties": {"roadId": "ANDHERI-SEG-044", "roadName": "Jai Bhawani Mata Road", "condition": "WATCH", "color": "#eab308", "score": 71}, "geometry": {"type": "Point", "coordinates": [72.842389, 19.129853]}}, {"type": "Feature", "id": "obs-ANDHERI-SEG-044-7", "properties": {"roadId": "ANDHERI-SEG-044", "roadName": "Jai Bhawani Mata Road", "condition": "WATCH", "color": "#eab308", "score": 71}, "geometry": {"type": "Point", "coordinates": [72.84243, 19.130202]}}, {"type": "Feature", "id": "obs-ANDHERI-SEG-044-8", "properties": {"roadId": "ANDHERI-SEG-044", "roadName": "Jai Bhawani Mata Road", "condition": "POOR", "color": "#f97316", "score": 71}, "geometry": {"type": "Point", "coordinates": [72.842506, 19.130554]}}, {"type": "Feature", "id": "obs-ANDHERI-SEG-044-9", "properties": {"roadId": "ANDHERI-SEG-044", "roadName": "Jai Bhawani Mata Road", "condition": "WATCH", "color": "#eab308", "score": 71}, "geometry": {"type": "Point", "coordinates": [72.842581, 19.130907]}}, {"type": "Feature", "id": "obs-ANDHERI-SEG-044-10", "properties": {"roadId": "ANDHERI-SEG-044", "roadName": "Jai Bhawani Mata Road", "condition": "WATCH", "color": "#eab308", "score": 71}, "geometry": {"type": "Point", "coordinates": [72.842593, 19.131266]}}, {"type": "Feature", "id": "obs-ANDHERI-SEG-044-11", "properties": {"roadId": "ANDHERI-SEG-044", "roadName": "Jai Bhawani Mata Road", "condition": "WATCH", "color": "#eab308", "score": 71}, "geometry": {"type": "Point", "coordinates": [72.8425951, 19.1314649]}}, {"type": "Feature", "id": "obs-ANDHERI-SEG-045-0", "properties": {"roadId": "ANDHERI-SEG-045", "roadName": "CD Barfiwala Road", "condition": "CRITICAL", "color": "#ef4444", "score": 29}, "geometry": {"type": "Point", "coordinates": [72.8402587, 19.1161802]}}, {"type": "Feature", "id": "obs-ANDHERI-SEG-045-1", "properties": {"roadId": "ANDHERI-SEG-045", "roadName": "CD Barfiwala Road", "condition": "CRITICAL", "color": "#ef4444", "score": 29}, "geometry": {"type": "Point", "coordinates": [72.839881, 19.116148]}}, {"type": "Feature", "id": "obs-ANDHERI-SEG-045-2", "properties": {"roadId": "ANDHERI-SEG-045", "roadName": "CD Barfiwala Road", "condition": "CRITICAL", "color": "#ef4444", "score": 29}, "geometry": {"type": "Point", "coordinates": [72.8395, 19.116139]}}, {"type": "Feature", "id": "obs-ANDHERI-SEG-045-3", "properties": {"roadId": "ANDHERI-SEG-045", "roadName": "CD Barfiwala Road", "condition": "CRITICAL", "color": "#ef4444", "score": 29}, "geometry": {"type": "Point", "coordinates": [72.83912, 19.116124]}}, {"type": "Feature", "id": "obs-ANDHERI-SEG-045-4", "properties": {"roadId": "ANDHERI-SEG-045", "roadName": "CD Barfiwala Road", "condition": "CRITICAL", "color": "#ef4444", "score": 29}, "geometry": {"type": "Point", "coordinates": [72.83874, 19.11611]}}, {"type": "Feature", "id": "obs-ANDHERI-SEG-045-5", "properties": {"roadId": "ANDHERI-SEG-045", "roadName": "CD Barfiwala Road", "condition": "CRITICAL", "color": "#ef4444", "score": 29}, "geometry": {"type": "Point", "coordinates": [72.838371, 19.116034]}}, {"type": "Feature", "id": "obs-ANDHERI-SEG-045-6", "properties": {"roadId": "ANDHERI-SEG-045", "roadName": "CD Barfiwala Road", "condition": "CRITICAL", "color": "#ef4444", "score": 29}, "geometry": {"type": "Point", "coordinates": [72.837992, 19.116002]}}, {"type": "Feature", "id": "obs-ANDHERI-SEG-045-7", "properties": {"roadId": "ANDHERI-SEG-045", "roadName": "CD Barfiwala Road", "condition": "CRITICAL", "color": "#ef4444", "score": 29}, "geometry": {"type": "Point", "coordinates": [72.837613, 19.115969]}}, {"type": "Feature", "id": "obs-ANDHERI-SEG-045-8", "properties": {"roadId": "ANDHERI-SEG-045", "roadName": "CD Barfiwala Road", "condition": "CRITICAL", "color": "#ef4444", "score": 29}, "geometry": {"type": "Point", "coordinates": [72.837233, 19.11594]}}, {"type": "Feature", "id": "obs-ANDHERI-SEG-045-9", "properties": {"roadId": "ANDHERI-SEG-045", "roadName": "CD Barfiwala Road", "condition": "CRITICAL", "color": "#ef4444", "score": 29}, "geometry": {"type": "Point", "coordinates": [72.836853, 19.115939]}}, {"type": "Feature", "id": "obs-ANDHERI-SEG-045-10", "properties": {"roadId": "ANDHERI-SEG-045", "roadName": "CD Barfiwala Road", "condition": "CRITICAL", "color": "#ef4444", "score": 29}, "geometry": {"type": "Point", "coordinates": [72.836472, 19.115939]}}, {"type": "Feature", "id": "obs-ANDHERI-SEG-045-11", "properties": {"roadId": "ANDHERI-SEG-045", "roadName": "CD Barfiwala Road", "condition": "CRITICAL", "color": "#ef4444", "score": 29}, "geometry": {"type": "Point", "coordinates": [72.836091, 19.115938]}}, {"type": "Feature", "id": "obs-ANDHERI-SEG-045-12", "properties": {"roadId": "ANDHERI-SEG-045", "roadName": "CD Barfiwala Road", "condition": "CRITICAL", "color": "#ef4444", "score": 29}, "geometry": {"type": "Point", "coordinates": [72.835711, 19.115936]}}, {"type": "Feature", "id": "obs-ANDHERI-SEG-045-13", "properties": {"roadId": "ANDHERI-SEG-045", "roadName": "CD Barfiwala Road", "condition": "CRITICAL", "color": "#ef4444", "score": 29}, "geometry": {"type": "Point", "coordinates": [72.83533, 19.115934]}}, {"type": "Feature", "id": "obs-ANDHERI-SEG-045-14", "properties": {"roadId": "ANDHERI-SEG-045", "roadName": "CD Barfiwala Road", "condition": "CRITICAL", "color": "#ef4444", "score": 29}, "geometry": {"type": "Point", "coordinates": [72.834949, 19.115933]}}, {"type": "Feature", "id": "obs-ANDHERI-SEG-045-15", "properties": {"roadId": "ANDHERI-SEG-045", "roadName": "CD Barfiwala Road", "condition": "CRITICAL", "color": "#ef4444", "score": 29}, "geometry": {"type": "Point", "coordinates": [72.834569, 19.115942]}}, {"type": "Feature", "id": "obs-ANDHERI-SEG-045-16", "properties": {"roadId": "ANDHERI-SEG-045", "roadName": "CD Barfiwala Road", "condition": "CRITICAL", "color": "#ef4444", "score": 29}, "geometry": {"type": "Point", "coordinates": [72.8345213, 19.1159429]}}, {"type": "Feature", "id": "obs-ANDHERI-SEG-046-0", "properties": {"roadId": "ANDHERI-SEG-046", "roadName": "G K Gokhale Bridge", "condition": "CRITICAL", "color": "#ef4444", "score": 42}, "geometry": {"type": "Point", "coordinates": [72.8442006, 19.116181]}}, {"type": "Feature", "id": "obs-ANDHERI-SEG-046-1", "properties": {"roadId": "ANDHERI-SEG-046", "roadName": "G K Gokhale Bridge", "condition": "POOR", "color": "#f97316", "score": 42}, "geometry": {"type": "Point", "coordinates": [72.8438951, 19.1162468]}}, {"type": "Feature", "id": "obs-ANDHERI-SEG-047-0", "properties": {"roadId": "ANDHERI-SEG-047", "roadName": "Swami Vivekanand Road", "condition": "HEALTHY", "color": "#10b981", "score": 79}, "geometry": {"type": "Point", "coordinates": [72.841107, 19.1107543]}}, {"type": "Feature", "id": "obs-ANDHERI-SEG-047-1", "properties": {"roadId": "ANDHERI-SEG-047", "roadName": "Swami Vivekanand Road", "condition": "HEALTHY", "color": "#10b981", "score": 79}, "geometry": {"type": "Point", "coordinates": [72.841207, 19.111101]}}, {"type": "Feature", "id": "obs-ANDHERI-SEG-047-2", "properties": {"roadId": "ANDHERI-SEG-047", "roadName": "Swami Vivekanand Road", "condition": "HEALTHY", "color": "#10b981", "score": 79}, "geometry": {"type": "Point", "coordinates": [72.841307, 19.111449]}}, {"type": "Feature", "id": "obs-ANDHERI-SEG-047-3", "properties": {"roadId": "ANDHERI-SEG-047", "roadName": "Swami Vivekanand Road", "condition": "HEALTHY", "color": "#10b981", "score": 79}, "geometry": {"type": "Point", "coordinates": [72.841388, 19.1118]}}, {"type": "Feature", "id": "obs-ANDHERI-SEG-047-4", "properties": {"roadId": "ANDHERI-SEG-047", "roadName": "Swami Vivekanand Road", "condition": "HEALTHY", "color": "#10b981", "score": 79}, "geometry": {"type": "Point", "coordinates": [72.841465, 19.112152]}}, {"type": "Feature", "id": "obs-ANDHERI-SEG-047-5", "properties": {"roadId": "ANDHERI-SEG-047", "roadName": "Swami Vivekanand Road", "condition": "HEALTHY", "color": "#10b981", "score": 79}, "geometry": {"type": "Point", "coordinates": [72.841543, 19.112504]}}, {"type": "Feature", "id": "obs-ANDHERI-SEG-047-6", "properties": {"roadId": "ANDHERI-SEG-047", "roadName": "Swami Vivekanand Road", "condition": "HEALTHY", "color": "#10b981", "score": 79}, "geometry": {"type": "Point", "coordinates": [72.841628, 19.112855]}}, {"type": "Feature", "id": "obs-ANDHERI-SEG-047-7", "properties": {"roadId": "ANDHERI-SEG-047", "roadName": "Swami Vivekanand Road", "condition": "HEALTHY", "color": "#10b981", "score": 79}, "geometry": {"type": "Point", "coordinates": [72.841752, 19.113195]}}, {"type": "Feature", "id": "obs-ANDHERI-SEG-047-8", "properties": {"roadId": "ANDHERI-SEG-047", "roadName": "Swami Vivekanand Road", "condition": "HEALTHY", "color": "#10b981", "score": 79}, "geometry": {"type": "Point", "coordinates": [72.841875, 19.113535]}}, {"type": "Feature", "id": "obs-ANDHERI-SEG-047-9", "properties": {"roadId": "ANDHERI-SEG-047", "roadName": "Swami Vivekanand Road", "condition": "HEALTHY", "color": "#10b981", "score": 79}, "geometry": {"type": "Point", "coordinates": [72.841998, 19.113875]}}, {"type": "Feature", "id": "obs-ANDHERI-SEG-047-10", "properties": {"roadId": "ANDHERI-SEG-047", "roadName": "Swami Vivekanand Road", "condition": "HEALTHY", "color": "#10b981", "score": 79}, "geometry": {"type": "Point", "coordinates": [72.842202, 19.114179]}}, {"type": "Feature", "id": "obs-ANDHERI-SEG-047-11", "properties": {"roadId": "ANDHERI-SEG-047", "roadName": "Swami Vivekanand Road", "condition": "HEALTHY", "color": "#10b981", "score": 79}, "geometry": {"type": "Point", "coordinates": [72.842422, 19.114472]}}, {"type": "Feature", "id": "obs-ANDHERI-SEG-047-12", "properties": {"roadId": "ANDHERI-SEG-047", "roadName": "Swami Vivekanand Road", "condition": "HEALTHY", "color": "#10b981", "score": 79}, "geometry": {"type": "Point", "coordinates": [72.842656, 19.114756]}}, {"type": "Feature", "id": "obs-ANDHERI-SEG-047-13", "properties": {"roadId": "ANDHERI-SEG-047", "roadName": "Swami Vivekanand Road", "condition": "HEALTHY", "color": "#10b981", "score": 79}, "geometry": {"type": "Point", "coordinates": [72.84289, 19.115039]}}, {"type": "Feature", "id": "obs-ANDHERI-SEG-047-14", "properties": {"roadId": "ANDHERI-SEG-047", "roadName": "Swami Vivekanand Road", "condition": "HEALTHY", "color": "#10b981", "score": 79}, "geometry": {"type": "Point", "coordinates": [72.843125, 19.115322]}}, {"type": "Feature", "id": "obs-ANDHERI-SEG-047-15", "properties": {"roadId": "ANDHERI-SEG-047", "roadName": "Swami Vivekanand Road", "condition": "HEALTHY", "color": "#10b981", "score": 79}, "geometry": {"type": "Point", "coordinates": [72.843354, 19.11561]}}, {"type": "Feature", "id": "obs-ANDHERI-SEG-047-16", "properties": {"roadId": "ANDHERI-SEG-047", "roadName": "Swami Vivekanand Road", "condition": "HEALTHY", "color": "#10b981", "score": 79}, "geometry": {"type": "Point", "coordinates": [72.84357, 19.115906]}}, {"type": "Feature", "id": "obs-ANDHERI-SEG-047-17", "properties": {"roadId": "ANDHERI-SEG-047", "roadName": "Swami Vivekanand Road", "condition": "HEALTHY", "color": "#10b981", "score": 79}, "geometry": {"type": "Point", "coordinates": [72.843754, 19.116221]}}, {"type": "Feature", "id": "obs-ANDHERI-SEG-047-18", "properties": {"roadId": "ANDHERI-SEG-047", "roadName": "Swami Vivekanand Road", "condition": "HEALTHY", "color": "#10b981", "score": 79}, "geometry": {"type": "Point", "coordinates": [72.8438487, 19.1163671]}}, {"type": "Feature", "id": "obs-ANDHERI-SEG-048-0", "properties": {"roadId": "ANDHERI-SEG-048", "roadName": "N. S. Road No. 5", "condition": "POOR", "color": "#f97316", "score": 65}, "geometry": {"type": "Point", "coordinates": [72.8339168, 19.1102885]}}, {"type": "Feature", "id": "obs-ANDHERI-SEG-048-1", "properties": {"roadId": "ANDHERI-SEG-048", "roadName": "N. S. Road No. 5", "condition": "WATCH", "color": "#eab308", "score": 65}, "geometry": {"type": "Point", "coordinates": [72.834081, 19.110613]}}, {"type": "Feature", "id": "obs-ANDHERI-SEG-048-2", "properties": {"roadId": "ANDHERI-SEG-048", "roadName": "N. S. Road No. 5", "condition": "WATCH", "color": "#eab308", "score": 65}, "geometry": {"type": "Point", "coordinates": [72.8341146, 19.1106782]}}, {"type": "Feature", "id": "obs-ANDHERI-SEG-049-0", "properties": {"roadId": "ANDHERI-SEG-049", "roadName": "Gulmohar Road", "condition": "HEALTHY", "color": "#10b981", "score": 88}, "geometry": {"type": "Point", "coordinates": [72.8371303, 19.1104054]}}, {"type": "Feature", "id": "obs-ANDHERI-SEG-049-1", "properties": {"roadId": "ANDHERI-SEG-049", "roadName": "Gulmohar Road", "condition": "HEALTHY", "color": "#10b981", "score": 88}, "geometry": {"type": "Point", "coordinates": [72.837167, 19.110763]}}, {"type": "Feature", "id": "obs-ANDHERI-SEG-049-2", "properties": {"roadId": "ANDHERI-SEG-049", "roadName": "Gulmohar Road", "condition": "HEALTHY", "color": "#10b981", "score": 88}, "geometry": {"type": "Point", "coordinates": [72.837218, 19.11112]}}, {"type": "Feature", "id": "obs-ANDHERI-SEG-049-3", "properties": {"roadId": "ANDHERI-SEG-049", "roadName": "Gulmohar Road", "condition": "HEALTHY", "color": "#10b981", "score": 88}, "geometry": {"type": "Point", "coordinates": [72.837256, 19.111478]}}, {"type": "Feature", "id": "obs-ANDHERI-SEG-049-4", "properties": {"roadId": "ANDHERI-SEG-049", "roadName": "Gulmohar Road", "condition": "HEALTHY", "color": "#10b981", "score": 88}, "geometry": {"type": "Point", "coordinates": [72.837266, 19.111837]}}, {"type": "Feature", "id": "obs-ANDHERI-SEG-049-5", "properties": {"roadId": "ANDHERI-SEG-049", "roadName": "Gulmohar Road", "condition": "HEALTHY", "color": "#10b981", "score": 88}, "geometry": {"type": "Point", "coordinates": [72.837234, 19.112195]}}, {"type": "Feature", "id": "obs-ANDHERI-SEG-049-6", "properties": {"roadId": "ANDHERI-SEG-049", "roadName": "Gulmohar Road", "condition": "HEALTHY", "color": "#10b981", "score": 88}, "geometry": {"type": "Point", "coordinates": [72.837179, 19.112551]}}, {"type": "Feature", "id": "obs-ANDHERI-SEG-049-7", "properties": {"roadId": "ANDHERI-SEG-049", "roadName": "Gulmohar Road", "condition": "HEALTHY", "color": "#10b981", "score": 88}, "geometry": {"type": "Point", "coordinates": [72.837082, 19.112898]}}, {"type": "Feature", "id": "obs-ANDHERI-SEG-049-8", "properties": {"roadId": "ANDHERI-SEG-049", "roadName": "Gulmohar Road", "condition": "HEALTHY", "color": "#10b981", "score": 88}, "geometry": {"type": "Point", "coordinates": [72.836961, 19.113238]}}, {"type": "Feature", "id": "obs-ANDHERI-SEG-049-9", "properties": {"roadId": "ANDHERI-SEG-049", "roadName": "Gulmohar Road", "condition": "HEALTHY", "color": "#10b981", "score": 88}, "geometry": {"type": "Point", "coordinates": [72.836796, 19.113562]}}, {"type": "Feature", "id": "obs-ANDHERI-SEG-049-10", "properties": {"roadId": "ANDHERI-SEG-049", "roadName": "Gulmohar Road", "condition": "HEALTHY", "color": "#10b981", "score": 88}, "geometry": {"type": "Point", "coordinates": [72.836609, 19.113876]}}, {"type": "Feature", "id": "obs-ANDHERI-SEG-049-11", "properties": {"roadId": "ANDHERI-SEG-049", "roadName": "Gulmohar Road", "condition": "HEALTHY", "color": "#10b981", "score": 88}, "geometry": {"type": "Point", "coordinates": [72.836407, 19.11418]}}, {"type": "Feature", "id": "obs-ANDHERI-SEG-049-12", "properties": {"roadId": "ANDHERI-SEG-049", "roadName": "Gulmohar Road", "condition": "HEALTHY", "color": "#10b981", "score": 88}, "geometry": {"type": "Point", "coordinates": [72.836195, 19.114478]}}, {"type": "Feature", "id": "obs-ANDHERI-SEG-049-13", "properties": {"roadId": "ANDHERI-SEG-049", "roadName": "Gulmohar Road", "condition": "HEALTHY", "color": "#10b981", "score": 88}, "geometry": {"type": "Point", "coordinates": [72.835968, 19.114767]}}, {"type": "Feature", "id": "obs-ANDHERI-SEG-049-14", "properties": {"roadId": "ANDHERI-SEG-049", "roadName": "Gulmohar Road", "condition": "HEALTHY", "color": "#10b981", "score": 88}, "geometry": {"type": "Point", "coordinates": [72.83567, 19.114989]}}, {"type": "Feature", "id": "obs-ANDHERI-SEG-049-15", "properties": {"roadId": "ANDHERI-SEG-049", "roadName": "Gulmohar Road", "condition": "HEALTHY", "color": "#10b981", "score": 88}, "geometry": {"type": "Point", "coordinates": [72.83536, 19.115197]}}, {"type": "Feature", "id": "obs-ANDHERI-SEG-049-16", "properties": {"roadId": "ANDHERI-SEG-049", "roadName": "Gulmohar Road", "condition": "HEALTHY", "color": "#10b981", "score": 88}, "geometry": {"type": "Point", "coordinates": [72.835042, 19.115395]}}, {"type": "Feature", "id": "obs-ANDHERI-SEG-049-17", "properties": {"roadId": "ANDHERI-SEG-049", "roadName": "Gulmohar Road", "condition": "HEALTHY", "color": "#10b981", "score": 88}, "geometry": {"type": "Point", "coordinates": [72.834714, 19.115578]}}, {"type": "Feature", "id": "obs-ANDHERI-SEG-049-18", "properties": {"roadId": "ANDHERI-SEG-049", "roadName": "Gulmohar Road", "condition": "HEALTHY", "color": "#10b981", "score": 88}, "geometry": {"type": "Point", "coordinates": [72.834467, 19.1156823]}}, {"type": "Feature", "id": "obs-ANDHERI-SEG-050-0", "properties": {"roadId": "ANDHERI-SEG-050", "roadName": "Guru Nanak Road", "condition": "HEALTHY", "color": "#10b981", "score": 82}, "geometry": {"type": "Point", "coordinates": [72.8298479, 19.1124112]}}, {"type": "Feature", "id": "obs-ANDHERI-SEG-050-1", "properties": {"roadId": "ANDHERI-SEG-050", "roadName": "Guru Nanak Road", "condition": "HEALTHY", "color": "#10b981", "score": 82}, "geometry": {"type": "Point", "coordinates": [72.829851, 19.112771]}}, {"type": "Feature", "id": "obs-ANDHERI-SEG-050-2", "properties": {"roadId": "ANDHERI-SEG-050", "roadName": "Guru Nanak Road", "condition": "HEALTHY", "color": "#10b981", "score": 82}, "geometry": {"type": "Point", "coordinates": [72.829855, 19.113131]}}, {"type": "Feature", "id": "obs-ANDHERI-SEG-050-3", "properties": {"roadId": "ANDHERI-SEG-050", "roadName": "Guru Nanak Road", "condition": "HEALTHY", "color": "#10b981", "score": 82}, "geometry": {"type": "Point", "coordinates": [72.829859, 19.11349]}}, {"type": "Feature", "id": "obs-ANDHERI-SEG-050-4", "properties": {"roadId": "ANDHERI-SEG-050", "roadName": "Guru Nanak Road", "condition": "HEALTHY", "color": "#10b981", "score": 82}, "geometry": {"type": "Point", "coordinates": [72.829864, 19.11385]}}, {"type": "Feature", "id": "obs-ANDHERI-SEG-050-5", "properties": {"roadId": "ANDHERI-SEG-050", "roadName": "Guru Nanak Road", "condition": "HEALTHY", "color": "#10b981", "score": 82}, "geometry": {"type": "Point", "coordinates": [72.829865, 19.11421]}}, {"type": "Feature", "id": "obs-ANDHERI-SEG-050-6", "properties": {"roadId": "ANDHERI-SEG-050", "roadName": "Guru Nanak Road", "condition": "HEALTHY", "color": "#10b981", "score": 82}, "geometry": {"type": "Point", "coordinates": [72.829862, 19.114569]}}, {"type": "Feature", "id": "obs-ANDHERI-SEG-050-7", "properties": {"roadId": "ANDHERI-SEG-050", "roadName": "Guru Nanak Road", "condition": "HEALTHY", "color": "#10b981", "score": 82}, "geometry": {"type": "Point", "coordinates": [72.82986, 19.114929]}}, {"type": "Feature", "id": "obs-ANDHERI-SEG-050-8", "properties": {"roadId": "ANDHERI-SEG-050", "roadName": "Guru Nanak Road", "condition": "HEALTHY", "color": "#10b981", "score": 82}, "geometry": {"type": "Point", "coordinates": [72.829858, 19.115289]}}, {"type": "Feature", "id": "obs-ANDHERI-SEG-050-9", "properties": {"roadId": "ANDHERI-SEG-050", "roadName": "Guru Nanak Road", "condition": "HEALTHY", "color": "#10b981", "score": 82}, "geometry": {"type": "Point", "coordinates": [72.829855, 19.115649]}}, {"type": "Feature", "id": "obs-ANDHERI-SEG-050-10", "properties": {"roadId": "ANDHERI-SEG-050", "roadName": "Guru Nanak Road", "condition": "HEALTHY", "color": "#10b981", "score": 82}, "geometry": {"type": "Point", "coordinates": [72.8298502, 19.1159687]}}, {"type": "Feature", "id": "obs-ANDHERI-SEG-051-0", "properties": {"roadId": "ANDHERI-SEG-051", "roadName": "Veera Desai Road", "condition": "POOR", "color": "#f97316", "score": 68}, "geometry": {"type": "Point", "coordinates": [72.8371908, 19.140433]}}, {"type": "Feature", "id": "obs-ANDHERI-SEG-051-1", "properties": {"roadId": "ANDHERI-SEG-051", "roadName": "Veera Desai Road", "condition": "WATCH", "color": "#eab308", "score": 68}, "geometry": {"type": "Point", "coordinates": [72.837353, 19.140212]}}, {"type": "Feature", "id": "obs-ANDHERI-SEG-051-2", "properties": {"roadId": "ANDHERI-SEG-051", "roadName": "Veera Desai Road", "condition": "WATCH", "color": "#eab308", "score": 68}, "geometry": {"type": "Point", "coordinates": [72.837309, 19.139854]}}, {"type": "Feature", "id": "obs-ANDHERI-SEG-051-3", "properties": {"roadId": "ANDHERI-SEG-051", "roadName": "Veera Desai Road", "condition": "WATCH", "color": "#eab308", "score": 68}, "geometry": {"type": "Point", "coordinates": [72.837274, 19.139496]}}, {"type": "Feature", "id": "obs-ANDHERI-SEG-051-4", "properties": {"roadId": "ANDHERI-SEG-051", "roadName": "Veera Desai Road", "condition": "POOR", "color": "#f97316", "score": 68}, "geometry": {"type": "Point", "coordinates": [72.837247, 19.139138]}}, {"type": "Feature", "id": "obs-ANDHERI-SEG-051-5", "properties": {"roadId": "ANDHERI-SEG-051", "roadName": "Veera Desai Road", "condition": "WATCH", "color": "#eab308", "score": 68}, "geometry": {"type": "Point", "coordinates": [72.837238, 19.138778]}}, {"type": "Feature", "id": "obs-ANDHERI-SEG-051-6", "properties": {"roadId": "ANDHERI-SEG-051", "roadName": "Veera Desai Road", "condition": "WATCH", "color": "#eab308", "score": 68}, "geometry": {"type": "Point", "coordinates": [72.837232, 19.138418]}}, {"type": "Feature", "id": "obs-ANDHERI-SEG-051-7", "properties": {"roadId": "ANDHERI-SEG-051", "roadName": "Veera Desai Road", "condition": "WATCH", "color": "#eab308", "score": 68}, "geometry": {"type": "Point", "coordinates": [72.837255, 19.13806]}}, {"type": "Feature", "id": "obs-ANDHERI-SEG-051-8", "properties": {"roadId": "ANDHERI-SEG-051", "roadName": "Veera Desai Road", "condition": "POOR", "color": "#f97316", "score": 68}, "geometry": {"type": "Point", "coordinates": [72.83731, 19.137705]}}, {"type": "Feature", "id": "obs-ANDHERI-SEG-051-9", "properties": {"roadId": "ANDHERI-SEG-051", "roadName": "Veera Desai Road", "condition": "WATCH", "color": "#eab308", "score": 68}, "geometry": {"type": "Point", "coordinates": [72.837395, 19.137354]}}, {"type": "Feature", "id": "obs-ANDHERI-SEG-051-10", "properties": {"roadId": "ANDHERI-SEG-051", "roadName": "Veera Desai Road", "condition": "WATCH", "color": "#eab308", "score": 68}, "geometry": {"type": "Point", "coordinates": [72.837481, 19.137004]}}, {"type": "Feature", "id": "obs-ANDHERI-SEG-051-11", "properties": {"roadId": "ANDHERI-SEG-051", "roadName": "Veera Desai Road", "condition": "WATCH", "color": "#eab308", "score": 68}, "geometry": {"type": "Point", "coordinates": [72.837525, 19.136647]}}, {"type": "Feature", "id": "obs-ANDHERI-SEG-051-12", "properties": {"roadId": "ANDHERI-SEG-051", "roadName": "Veera Desai Road", "condition": "POOR", "color": "#f97316", "score": 68}, "geometry": {"type": "Point", "coordinates": [72.837554, 19.136288]}}, {"type": "Feature", "id": "obs-ANDHERI-SEG-051-13", "properties": {"roadId": "ANDHERI-SEG-051", "roadName": "Veera Desai Road", "condition": "WATCH", "color": "#eab308", "score": 68}, "geometry": {"type": "Point", "coordinates": [72.837583, 19.13593]}}, {"type": "Feature", "id": "obs-ANDHERI-SEG-051-14", "properties": {"roadId": "ANDHERI-SEG-051", "roadName": "Veera Desai Road", "condition": "WATCH", "color": "#eab308", "score": 68}, "geometry": {"type": "Point", "coordinates": [72.837609, 19.135571]}}, {"type": "Feature", "id": "obs-ANDHERI-SEG-051-15", "properties": {"roadId": "ANDHERI-SEG-051", "roadName": "Veera Desai Road", "condition": "WATCH", "color": "#eab308", "score": 68}, "geometry": {"type": "Point", "coordinates": [72.837634, 19.135212]}}, {"type": "Feature", "id": "obs-ANDHERI-SEG-051-16", "properties": {"roadId": "ANDHERI-SEG-051", "roadName": "Veera Desai Road", "condition": "POOR", "color": "#f97316", "score": 68}, "geometry": {"type": "Point", "coordinates": [72.837663, 19.134853]}}, {"type": "Feature", "id": "obs-ANDHERI-SEG-051-17", "properties": {"roadId": "ANDHERI-SEG-051", "roadName": "Veera Desai Road", "condition": "WATCH", "color": "#eab308", "score": 68}, "geometry": {"type": "Point", "coordinates": [72.837665, 19.134494]}}, {"type": "Feature", "id": "obs-ANDHERI-SEG-051-18", "properties": {"roadId": "ANDHERI-SEG-051", "roadName": "Veera Desai Road", "condition": "WATCH", "color": "#eab308", "score": 68}, "geometry": {"type": "Point", "coordinates": [72.837666, 19.134134]}}, {"type": "Feature", "id": "obs-ANDHERI-SEG-051-19", "properties": {"roadId": "ANDHERI-SEG-051", "roadName": "Veera Desai Road", "condition": "WATCH", "color": "#eab308", "score": 68}, "geometry": {"type": "Point", "coordinates": [72.837661, 19.133774]}}, {"type": "Feature", "id": "obs-ANDHERI-SEG-051-20", "properties": {"roadId": "ANDHERI-SEG-051", "roadName": "Veera Desai Road", "condition": "POOR", "color": "#f97316", "score": 68}, "geometry": {"type": "Point", "coordinates": [72.837656, 19.133414]}}, {"type": "Feature", "id": "obs-ANDHERI-SEG-051-21", "properties": {"roadId": "ANDHERI-SEG-051", "roadName": "Veera Desai Road", "condition": "WATCH", "color": "#eab308", "score": 68}, "geometry": {"type": "Point", "coordinates": [72.837651, 19.133055]}}, {"type": "Feature", "id": "obs-ANDHERI-SEG-051-22", "properties": {"roadId": "ANDHERI-SEG-051", "roadName": "Veera Desai Road", "condition": "WATCH", "color": "#eab308", "score": 68}, "geometry": {"type": "Point", "coordinates": [72.837652, 19.132695]}}, {"type": "Feature", "id": "obs-ANDHERI-SEG-051-23", "properties": {"roadId": "ANDHERI-SEG-051", "roadName": "Veera Desai Road", "condition": "WATCH", "color": "#eab308", "score": 68}, "geometry": {"type": "Point", "coordinates": [72.837653, 19.132335]}}, {"type": "Feature", "id": "obs-ANDHERI-SEG-051-24", "properties": {"roadId": "ANDHERI-SEG-051", "roadName": "Veera Desai Road", "condition": "POOR", "color": "#f97316", "score": 68}, "geometry": {"type": "Point", "coordinates": [72.837648, 19.131976]}}, {"type": "Feature", "id": "obs-ANDHERI-SEG-051-25", "properties": {"roadId": "ANDHERI-SEG-051", "roadName": "Veera Desai Road", "condition": "WATCH", "color": "#eab308", "score": 68}, "geometry": {"type": "Point", "coordinates": [72.8376424, 19.1316643]}}, {"type": "Feature", "id": "obs-ANDHERI-SEG-052-0", "properties": {"roadId": "ANDHERI-SEG-052", "roadName": "CD Barfiwala Road", "condition": "HEALTHY", "color": "#10b981", "score": 91}, "geometry": {"type": "Point", "coordinates": [72.845142, 19.1159233]}}, {"type": "Feature", "id": "obs-ANDHERI-SEG-052-1", "properties": {"roadId": "ANDHERI-SEG-052", "roadName": "CD Barfiwala Road", "condition": "HEALTHY", "color": "#10b981", "score": 91}, "geometry": {"type": "Point", "coordinates": [72.844791, 19.115878]}}, {"type": "Feature", "id": "obs-ANDHERI-SEG-052-2", "properties": {"roadId": "ANDHERI-SEG-052", "roadName": "CD Barfiwala Road", "condition": "HEALTHY", "color": "#10b981", "score": 91}, "geometry": {"type": "Point", "coordinates": [72.844427, 19.115982]}}, {"type": "Feature", "id": "obs-ANDHERI-SEG-052-3", "properties": {"roadId": "ANDHERI-SEG-052", "roadName": "CD Barfiwala Road", "condition": "HEALTHY", "color": "#10b981", "score": 91}, "geometry": {"type": "Point", "coordinates": [72.844065, 19.116094]}}, {"type": "Feature", "id": "obs-ANDHERI-SEG-052-4", "properties": {"roadId": "ANDHERI-SEG-052", "roadName": "CD Barfiwala Road", "condition": "HEALTHY", "color": "#10b981", "score": 91}, "geometry": {"type": "Point", "coordinates": [72.843701, 19.116199]}}, {"type": "Feature", "id": "obs-ANDHERI-SEG-052-5", "properties": {"roadId": "ANDHERI-SEG-052", "roadName": "CD Barfiwala Road", "condition": "HEALTHY", "color": "#10b981", "score": 91}, "geometry": {"type": "Point", "coordinates": [72.843325, 19.116252]}}, {"type": "Feature", "id": "obs-ANDHERI-SEG-052-6", "properties": {"roadId": "ANDHERI-SEG-052", "roadName": "CD Barfiwala Road", "condition": "HEALTHY", "color": "#10b981", "score": 91}, "geometry": {"type": "Point", "coordinates": [72.842945, 19.116258]}}, {"type": "Feature", "id": "obs-ANDHERI-SEG-052-7", "properties": {"roadId": "ANDHERI-SEG-052", "roadName": "CD Barfiwala Road", "condition": "HEALTHY", "color": "#10b981", "score": 91}, "geometry": {"type": "Point", "coordinates": [72.842564, 19.116257]}}, {"type": "Feature", "id": "obs-ANDHERI-SEG-052-8", "properties": {"roadId": "ANDHERI-SEG-052", "roadName": "CD Barfiwala Road", "condition": "HEALTHY", "color": "#10b981", "score": 91}, "geometry": {"type": "Point", "coordinates": [72.842184, 19.116257]}}, {"type": "Feature", "id": "obs-ANDHERI-SEG-052-9", "properties": {"roadId": "ANDHERI-SEG-052", "roadName": "CD Barfiwala Road", "condition": "HEALTHY", "color": "#10b981", "score": 91}, "geometry": {"type": "Point", "coordinates": [72.841803, 19.116256]}}, {"type": "Feature", "id": "obs-ANDHERI-SEG-052-10", "properties": {"roadId": "ANDHERI-SEG-052", "roadName": "CD Barfiwala Road", "condition": "HEALTHY", "color": "#10b981", "score": 91}, "geometry": {"type": "Point", "coordinates": [72.841422, 19.116249]}}, {"type": "Feature", "id": "obs-ANDHERI-SEG-052-11", "properties": {"roadId": "ANDHERI-SEG-052", "roadName": "CD Barfiwala Road", "condition": "HEALTHY", "color": "#10b981", "score": 91}, "geometry": {"type": "Point", "coordinates": [72.841042, 19.11623]}}, {"type": "Feature", "id": "obs-ANDHERI-SEG-052-12", "properties": {"roadId": "ANDHERI-SEG-052", "roadName": "CD Barfiwala Road", "condition": "HEALTHY", "color": "#10b981", "score": 91}, "geometry": {"type": "Point", "coordinates": [72.840662, 19.116206]}}, {"type": "Feature", "id": "obs-ANDHERI-SEG-052-13", "properties": {"roadId": "ANDHERI-SEG-052", "roadName": "CD Barfiwala Road", "condition": "HEALTHY", "color": "#10b981", "score": 91}, "geometry": {"type": "Point", "coordinates": [72.84056, 19.1161993]}}, {"type": "Feature", "id": "obs-ANDHERI-SEG-053-0", "properties": {"roadId": "ANDHERI-SEG-053", "roadName": "Barfiwala Flyover", "condition": "POOR", "color": "#f97316", "score": 64}, "geometry": {"type": "Point", "coordinates": [72.8419577, 19.1163277]}}, {"type": "Feature", "id": "obs-ANDHERI-SEG-053-1", "properties": {"roadId": "ANDHERI-SEG-053", "roadName": "Barfiwala Flyover", "condition": "WATCH", "color": "#eab308", "score": 64}, "geometry": {"type": "Point", "coordinates": [72.842338, 19.116324]}}, {"type": "Feature", "id": "obs-ANDHERI-SEG-053-2", "properties": {"roadId": "ANDHERI-SEG-053", "roadName": "Barfiwala Flyover", "condition": "WATCH", "color": "#eab308", "score": 64}, "geometry": {"type": "Point", "coordinates": [72.842719, 19.11632]}}, {"type": "Feature", "id": "obs-ANDHERI-SEG-053-3", "properties": {"roadId": "ANDHERI-SEG-053", "roadName": "Barfiwala Flyover", "condition": "WATCH", "color": "#eab308", "score": 64}, "geometry": {"type": "Point", "coordinates": [72.8431, 19.116316]}}, {"type": "Feature", "id": "obs-ANDHERI-SEG-053-4", "properties": {"roadId": "ANDHERI-SEG-053", "roadName": "Barfiwala Flyover", "condition": "POOR", "color": "#f97316", "score": 64}, "geometry": {"type": "Point", "coordinates": [72.843481, 19.116317]}}, {"type": "Feature", "id": "obs-ANDHERI-SEG-053-5", "properties": {"roadId": "ANDHERI-SEG-053", "roadName": "Barfiwala Flyover", "condition": "WATCH", "color": "#eab308", "score": 64}, "geometry": {"type": "Point", "coordinates": [72.843858, 19.116356]}}, {"type": "Feature", "id": "obs-ANDHERI-SEG-053-6", "properties": {"roadId": "ANDHERI-SEG-053", "roadName": "Barfiwala Flyover", "condition": "WATCH", "color": "#eab308", "score": 64}, "geometry": {"type": "Point", "coordinates": [72.844234, 19.116396]}}, {"type": "Feature", "id": "obs-ANDHERI-SEG-053-7", "properties": {"roadId": "ANDHERI-SEG-053", "roadName": "Barfiwala Flyover", "condition": "WATCH", "color": "#eab308", "score": 64}, "geometry": {"type": "Point", "coordinates": [72.844599, 19.116298]}}, {"type": "Feature", "id": "obs-ANDHERI-SEG-053-8", "properties": {"roadId": "ANDHERI-SEG-053", "roadName": "Barfiwala Flyover", "condition": "POOR", "color": "#f97316", "score": 64}, "geometry": {"type": "Point", "coordinates": [72.84496, 19.116185]}}, {"type": "Feature", "id": "obs-ANDHERI-SEG-053-9", "properties": {"roadId": "ANDHERI-SEG-053", "roadName": "Barfiwala Flyover", "condition": "WATCH", "color": "#eab308", "score": 64}, "geometry": {"type": "Point", "coordinates": [72.845313, 19.116051]}}, {"type": "Feature", "id": "obs-ANDHERI-SEG-053-10", "properties": {"roadId": "ANDHERI-SEG-053", "roadName": "Barfiwala Flyover", "condition": "WATCH", "color": "#eab308", "score": 64}, "geometry": {"type": "Point", "coordinates": [72.8455465, 19.1158808]}}, {"type": "Feature", "id": "obs-ANDHERI-SEG-054-0", "properties": {"roadId": "ANDHERI-SEG-054", "roadName": "RTO Road", "condition": "CRITICAL", "color": "#ef4444", "score": 46}, "geometry": {"type": "Point", "coordinates": [72.8295087, 19.1330435]}}, {"type": "Feature", "id": "obs-ANDHERI-SEG-054-1", "properties": {"roadId": "ANDHERI-SEG-054", "roadName": "RTO Road", "condition": "POOR", "color": "#f97316", "score": 46}, "geometry": {"type": "Point", "coordinates": [72.829848, 19.13288]}}, {"type": "Feature", "id": "obs-ANDHERI-SEG-054-2", "properties": {"roadId": "ANDHERI-SEG-054", "roadName": "RTO Road", "condition": "POOR", "color": "#f97316", "score": 46}, "geometry": {"type": "Point", "coordinates": [72.8298981, 19.1328558]}}, {"type": "Feature", "id": "obs-ANDHERI-SEG-055-0", "properties": {"roadId": "ANDHERI-SEG-055", "roadName": "Gilbert Hill Road", "condition": "HEALTHY", "color": "#10b981", "score": 85}, "geometry": {"type": "Point", "coordinates": [72.8383083, 19.1234546]}}, {"type": "Feature", "id": "obs-ANDHERI-SEG-055-1", "properties": {"roadId": "ANDHERI-SEG-055", "roadName": "Gilbert Hill Road", "condition": "HEALTHY", "color": "#10b981", "score": 85}, "geometry": {"type": "Point", "coordinates": [72.838204, 19.123124]}}, {"type": "Feature", "id": "obs-ANDHERI-SEG-055-2", "properties": {"roadId": "ANDHERI-SEG-055", "roadName": "Gilbert Hill Road", "condition": "HEALTHY", "color": "#10b981", "score": 85}, "geometry": {"type": "Point", "coordinates": [72.83815, 19.12277]}}, {"type": "Feature", "id": "obs-ANDHERI-SEG-055-3", "properties": {"roadId": "ANDHERI-SEG-055", "roadName": "Gilbert Hill Road", "condition": "HEALTHY", "color": "#10b981", "score": 85}, "geometry": {"type": "Point", "coordinates": [72.838053, 19.122422]}}, {"type": "Feature", "id": "obs-ANDHERI-SEG-055-4", "properties": {"roadId": "ANDHERI-SEG-055", "roadName": "Gilbert Hill Road", "condition": "HEALTHY", "color": "#10b981", "score": 85}, "geometry": {"type": "Point", "coordinates": [72.837947, 19.122077]}}, {"type": "Feature", "id": "obs-ANDHERI-SEG-055-5", "properties": {"roadId": "ANDHERI-SEG-055", "roadName": "Gilbert Hill Road", "condition": "HEALTHY", "color": "#10b981", "score": 85}, "geometry": {"type": "Point", "coordinates": [72.837884, 19.121722]}}, {"type": "Feature", "id": "obs-ANDHERI-SEG-055-6", "properties": {"roadId": "ANDHERI-SEG-055", "roadName": "Gilbert Hill Road", "condition": "HEALTHY", "color": "#10b981", "score": 85}, "geometry": {"type": "Point", "coordinates": [72.837825, 19.121367]}}, {"type": "Feature", "id": "obs-ANDHERI-SEG-055-7", "properties": {"roadId": "ANDHERI-SEG-055", "roadName": "Gilbert Hill Road", "condition": "HEALTHY", "color": "#10b981", "score": 85}, "geometry": {"type": "Point", "coordinates": [72.837691, 19.121032]}}, {"type": "Feature", "id": "obs-ANDHERI-SEG-055-8", "properties": {"roadId": "ANDHERI-SEG-055", "roadName": "Gilbert Hill Road", "condition": "HEALTHY", "color": "#10b981", "score": 85}, "geometry": {"type": "Point", "coordinates": [72.837563, 19.120694]}}, {"type": "Feature", "id": "obs-ANDHERI-SEG-055-9", "properties": {"roadId": "ANDHERI-SEG-055", "roadName": "Gilbert Hill Road", "condition": "HEALTHY", "color": "#10b981", "score": 85}, "geometry": {"type": "Point", "coordinates": [72.837489, 19.120342]}}, {"type": "Feature", "id": "obs-ANDHERI-SEG-055-10", "properties": {"roadId": "ANDHERI-SEG-055", "roadName": "Gilbert Hill Road", "condition": "HEALTHY", "color": "#10b981", "score": 85}, "geometry": {"type": "Point", "coordinates": [72.837483, 19.119983]}}, {"type": "Feature", "id": "obs-ANDHERI-SEG-055-11", "properties": {"roadId": "ANDHERI-SEG-055", "roadName": "Gilbert Hill Road", "condition": "HEALTHY", "color": "#10b981", "score": 85}, "geometry": {"type": "Point", "coordinates": [72.8375149, 19.119815]}}, {"type": "Feature", "id": "obs-ANDHERI-SEG-056-0", "properties": {"roadId": "ANDHERI-SEG-056", "roadName": "Tertiary (437935589)", "condition": "POOR", "color": "#f97316", "score": 71}, "geometry": {"type": "Point", "coordinates": [72.829444, 19.1160805]}}, {"type": "Feature", "id": "obs-ANDHERI-SEG-056-1", "properties": {"roadId": "ANDHERI-SEG-056", "roadName": "Tertiary (437935589)", "condition": "WATCH", "color": "#eab308", "score": 71}, "geometry": {"type": "Point", "coordinates": [72.829817, 19.11615]}}, {"type": "Feature", "id": "obs-ANDHERI-SEG-056-2", "properties": {"roadId": "ANDHERI-SEG-056", "roadName": "Tertiary (437935589)", "condition": "WATCH", "color": "#eab308", "score": 71}, "geometry": {"type": "Point", "coordinates": [72.8298429, 19.116155]}}, {"type": "Feature", "id": "obs-ANDHERI-SEG-057-0", "properties": {"roadId": "ANDHERI-SEG-057", "roadName": "Ceasar Road", "condition": "CRITICAL", "color": "#ef4444", "score": 29}, "geometry": {"type": "Point", "coordinates": [72.8401315, 19.1270715]}}, {"type": "Feature", "id": "obs-ANDHERI-SEG-057-1", "properties": {"roadId": "ANDHERI-SEG-057", "roadName": "Ceasar Road", "condition": "CRITICAL", "color": "#ef4444", "score": 29}, "geometry": {"type": "Point", "coordinates": [72.839903, 19.126784]}}, {"type": "Feature", "id": "obs-ANDHERI-SEG-057-2", "properties": {"roadId": "ANDHERI-SEG-057", "roadName": "Ceasar Road", "condition": "CRITICAL", "color": "#ef4444", "score": 29}, "geometry": {"type": "Point", "coordinates": [72.8397522, 19.1264693]}}, {"type": "Feature", "id": "obs-ANDHERI-SEG-058-0", "properties": {"roadId": "ANDHERI-SEG-058", "roadName": "Tertiary (686120871)", "condition": "CRITICAL", "color": "#ef4444", "score": 42}, "geometry": {"type": "Point", "coordinates": [72.8416552, 19.1242687]}}, {"type": "Feature", "id": "obs-ANDHERI-SEG-058-1", "properties": {"roadId": "ANDHERI-SEG-058", "roadName": "Tertiary (686120871)", "condition": "POOR", "color": "#f97316", "score": 42}, "geometry": {"type": "Point", "coordinates": [72.841941, 19.124489]}}, {"type": "Feature", "id": "obs-ANDHERI-SEG-058-2", "properties": {"roadId": "ANDHERI-SEG-058", "roadName": "Tertiary (686120871)", "condition": "POOR", "color": "#f97316", "score": 42}, "geometry": {"type": "Point", "coordinates": [72.8419841, 19.1245065]}}, {"type": "Feature", "id": "obs-ANDHERI-SEG-059-0", "properties": {"roadId": "ANDHERI-SEG-059", "roadName": "Dadabhai Cross Road No 2", "condition": "HEALTHY", "color": "#10b981", "score": 79}, "geometry": {"type": "Point", "coordinates": [72.8376741, 19.1198165]}}, {"type": "Feature", "id": "obs-ANDHERI-SEG-059-1", "properties": {"roadId": "ANDHERI-SEG-059", "roadName": "Dadabhai Cross Road No 2", "condition": "HEALTHY", "color": "#10b981", "score": 79}, "geometry": {"type": "Point", "coordinates": [72.837824, 19.120141]}}, {"type": "Feature", "id": "obs-ANDHERI-SEG-059-2", "properties": {"roadId": "ANDHERI-SEG-059", "roadName": "Dadabhai Cross Road No 2", "condition": "HEALTHY", "color": "#10b981", "score": 79}, "geometry": {"type": "Point", "coordinates": [72.838021, 19.120448]}}, {"type": "Feature", "id": "obs-ANDHERI-SEG-059-3", "properties": {"roadId": "ANDHERI-SEG-059", "roadName": "Dadabhai Cross Road No 2", "condition": "HEALTHY", "color": "#10b981", "score": 79}, "geometry": {"type": "Point", "coordinates": [72.838218, 19.120756]}}, {"type": "Feature", "id": "obs-ANDHERI-SEG-059-4", "properties": {"roadId": "ANDHERI-SEG-059", "roadName": "Dadabhai Cross Road No 2", "condition": "HEALTHY", "color": "#10b981", "score": 79}, "geometry": {"type": "Point", "coordinates": [72.838397, 19.121074]}}, {"type": "Feature", "id": "obs-ANDHERI-SEG-059-5", "properties": {"roadId": "ANDHERI-SEG-059", "roadName": "Dadabhai Cross Road No 2", "condition": "HEALTHY", "color": "#10b981", "score": 79}, "geometry": {"type": "Point", "coordinates": [72.838611, 19.121371]}}, {"type": "Feature", "id": "obs-ANDHERI-SEG-059-6", "properties": {"roadId": "ANDHERI-SEG-059", "roadName": "Dadabhai Cross Road No 2", "condition": "HEALTHY", "color": "#10b981", "score": 79}, "geometry": {"type": "Point", "coordinates": [72.83884, 19.121658]}}, {"type": "Feature", "id": "obs-ANDHERI-SEG-059-7", "properties": {"roadId": "ANDHERI-SEG-059", "roadName": "Dadabhai Cross Road No 2", "condition": "HEALTHY", "color": "#10b981", "score": 79}, "geometry": {"type": "Point", "coordinates": [72.83907, 19.121945]}}, {"type": "Feature", "id": "obs-ANDHERI-SEG-059-8", "properties": {"roadId": "ANDHERI-SEG-059", "roadName": "Dadabhai Cross Road No 2", "condition": "HEALTHY", "color": "#10b981", "score": 79}, "geometry": {"type": "Point", "coordinates": [72.839149, 19.122265]}}, {"type": "Feature", "id": "obs-ANDHERI-SEG-059-9", "properties": {"roadId": "ANDHERI-SEG-059", "roadName": "Dadabhai Cross Road No 2", "condition": "HEALTHY", "color": "#10b981", "score": 79}, "geometry": {"type": "Point", "coordinates": [72.839156, 19.122608]}}, {"type": "Feature", "id": "obs-ANDHERI-SEG-059-10", "properties": {"roadId": "ANDHERI-SEG-059", "roadName": "Dadabhai Cross Road No 2", "condition": "HEALTHY", "color": "#10b981", "score": 79}, "geometry": {"type": "Point", "coordinates": [72.839148, 19.122946]}}, {"type": "Feature", "id": "obs-ANDHERI-SEG-059-11", "properties": {"roadId": "ANDHERI-SEG-059", "roadName": "Dadabhai Cross Road No 2", "condition": "HEALTHY", "color": "#10b981", "score": 79}, "geometry": {"type": "Point", "coordinates": [72.838833, 19.123147]}}, {"type": "Feature", "id": "obs-ANDHERI-SEG-059-12", "properties": {"roadId": "ANDHERI-SEG-059", "roadName": "Dadabhai Cross Road No 2", "condition": "HEALTHY", "color": "#10b981", "score": 79}, "geometry": {"type": "Point", "coordinates": [72.838509, 19.123337]}}, {"type": "Feature", "id": "obs-ANDHERI-SEG-059-13", "properties": {"roadId": "ANDHERI-SEG-059", "roadName": "Dadabhai Cross Road No 2", "condition": "HEALTHY", "color": "#10b981", "score": 79}, "geometry": {"type": "Point", "coordinates": [72.8383083, 19.1234546]}}, {"type": "Feature", "id": "obs-ANDHERI-SEG-060-0", "properties": {"roadId": "ANDHERI-SEG-060", "roadName": "Bhakti Vendanta Swami Marg", "condition": "POOR", "color": "#f97316", "score": 65}, "geometry": {"type": "Point", "coordinates": [72.834238, 19.1157665]}}, {"type": "Feature", "id": "obs-ANDHERI-SEG-060-1", "properties": {"roadId": "ANDHERI-SEG-060", "roadName": "Bhakti Vendanta Swami Marg", "condition": "WATCH", "color": "#eab308", "score": 65}, "geometry": {"type": "Point", "coordinates": [72.833889, 19.115911]}}, {"type": "Feature", "id": "obs-ANDHERI-SEG-060-2", "properties": {"roadId": "ANDHERI-SEG-060", "roadName": "Bhakti Vendanta Swami Marg", "condition": "WATCH", "color": "#eab308", "score": 65}, "geometry": {"type": "Point", "coordinates": [72.833515, 19.115976]}}, {"type": "Feature", "id": "obs-ANDHERI-SEG-060-3", "properties": {"roadId": "ANDHERI-SEG-060", "roadName": "Bhakti Vendanta Swami Marg", "condition": "WATCH", "color": "#eab308", "score": 65}, "geometry": {"type": "Point", "coordinates": [72.833136, 19.115999]}}, {"type": "Feature", "id": "obs-ANDHERI-SEG-060-4", "properties": {"roadId": "ANDHERI-SEG-060", "roadName": "Bhakti Vendanta Swami Marg", "condition": "POOR", "color": "#f97316", "score": 65}, "geometry": {"type": "Point", "coordinates": [72.832755, 19.116004]}}, {"type": "Feature", "id": "obs-ANDHERI-SEG-060-5", "properties": {"roadId": "ANDHERI-SEG-060", "roadName": "Bhakti Vendanta Swami Marg", "condition": "WATCH", "color": "#eab308", "score": 65}, "geometry": {"type": "Point", "coordinates": [72.832374, 19.116005]}}, {"type": "Feature", "id": "obs-ANDHERI-SEG-060-6", "properties": {"roadId": "ANDHERI-SEG-060", "roadName": "Bhakti Vendanta Swami Marg", "condition": "WATCH", "color": "#eab308", "score": 65}, "geometry": {"type": "Point", "coordinates": [72.831993, 19.116006]}}, {"type": "Feature", "id": "obs-ANDHERI-SEG-060-7", "properties": {"roadId": "ANDHERI-SEG-060", "roadName": "Bhakti Vendanta Swami Marg", "condition": "WATCH", "color": "#eab308", "score": 65}, "geometry": {"type": "Point", "coordinates": [72.831613, 19.116007]}}, {"type": "Feature", "id": "obs-ANDHERI-SEG-060-8", "properties": {"roadId": "ANDHERI-SEG-060", "roadName": "Bhakti Vendanta Swami Marg", "condition": "POOR", "color": "#f97316", "score": 65}, "geometry": {"type": "Point", "coordinates": [72.831232, 19.116011]}}, {"type": "Feature", "id": "obs-ANDHERI-SEG-060-9", "properties": {"roadId": "ANDHERI-SEG-060", "roadName": "Bhakti Vendanta Swami Marg", "condition": "WATCH", "color": "#eab308", "score": 65}, "geometry": {"type": "Point", "coordinates": [72.830851, 19.116016]}}, {"type": "Feature", "id": "obs-ANDHERI-SEG-060-10", "properties": {"roadId": "ANDHERI-SEG-060", "roadName": "Bhakti Vendanta Swami Marg", "condition": "WATCH", "color": "#eab308", "score": 65}, "geometry": {"type": "Point", "coordinates": [72.8305113, 19.1160271]}}, {"type": "Feature", "id": "obs-ANDHERI-SEG-061-0", "properties": {"roadId": "ANDHERI-SEG-061", "roadName": "Juhu Church Road", "condition": "HEALTHY", "color": "#10b981", "score": 88}, "geometry": {"type": "Point", "coordinates": [72.8266875, 19.1111114]}}, {"type": "Feature", "id": "obs-ANDHERI-SEG-061-1", "properties": {"roadId": "ANDHERI-SEG-061", "roadName": "Juhu Church Road", "condition": "HEALTHY", "color": "#10b981", "score": 88}, "geometry": {"type": "Point", "coordinates": [72.82668, 19.110752]}}, {"type": "Feature", "id": "obs-ANDHERI-SEG-061-2", "properties": {"roadId": "ANDHERI-SEG-061", "roadName": "Juhu Church Road", "condition": "HEALTHY", "color": "#10b981", "score": 88}, "geometry": {"type": "Point", "coordinates": [72.82666, 19.110393]}}, {"type": "Feature", "id": "obs-ANDHERI-SEG-061-3", "properties": {"roadId": "ANDHERI-SEG-061", "roadName": "Juhu Church Road", "condition": "HEALTHY", "color": "#10b981", "score": 88}, "geometry": {"type": "Point", "coordinates": [72.826625, 19.110034]}}, {"type": "Feature", "id": "obs-ANDHERI-SEG-061-4", "properties": {"roadId": "ANDHERI-SEG-061", "roadName": "Juhu Church Road", "condition": "HEALTHY", "color": "#10b981", "score": 88}, "geometry": {"type": "Point", "coordinates": [72.826574, 19.109678]}}, {"type": "Feature", "id": "obs-ANDHERI-SEG-061-5", "properties": {"roadId": "ANDHERI-SEG-061", "roadName": "Juhu Church Road", "condition": "HEALTHY", "color": "#10b981", "score": 88}, "geometry": {"type": "Point", "coordinates": [72.826523, 19.109322]}}, {"type": "Feature", "id": "obs-ANDHERI-SEG-061-6", "properties": {"roadId": "ANDHERI-SEG-061", "roadName": "Juhu Church Road", "condition": "HEALTHY", "color": "#10b981", "score": 88}, "geometry": {"type": "Point", "coordinates": [72.826492, 19.108964]}}, {"type": "Feature", "id": "obs-ANDHERI-SEG-061-7", "properties": {"roadId": "ANDHERI-SEG-061", "roadName": "Juhu Church Road", "condition": "HEALTHY", "color": "#10b981", "score": 88}, "geometry": {"type": "Point", "coordinates": [72.826483, 19.108604]}}, {"type": "Feature", "id": "obs-ANDHERI-SEG-061-8", "properties": {"roadId": "ANDHERI-SEG-061", "roadName": "Juhu Church Road", "condition": "HEALTHY", "color": "#10b981", "score": 88}, "geometry": {"type": "Point", "coordinates": [72.826465, 19.108245]}}, {"type": "Feature", "id": "obs-ANDHERI-SEG-061-9", "properties": {"roadId": "ANDHERI-SEG-061", "roadName": "Juhu Church Road", "condition": "HEALTHY", "color": "#10b981", "score": 88}, "geometry": {"type": "Point", "coordinates": [72.826448, 19.107886]}}, {"type": "Feature", "id": "obs-ANDHERI-SEG-061-10", "properties": {"roadId": "ANDHERI-SEG-061", "roadName": "Juhu Church Road", "condition": "HEALTHY", "color": "#10b981", "score": 88}, "geometry": {"type": "Point", "coordinates": [72.826347, 19.107539]}}, {"type": "Feature", "id": "obs-ANDHERI-SEG-061-11", "properties": {"roadId": "ANDHERI-SEG-061", "roadName": "Juhu Church Road", "condition": "HEALTHY", "color": "#10b981", "score": 88}, "geometry": {"type": "Point", "coordinates": [72.8263348, 19.1074725]}}, {"type": "Feature", "id": "obs-ANDHERI-SEG-062-0", "properties": {"roadId": "ANDHERI-SEG-062", "roadName": "Tertiary (766592818)", "condition": "HEALTHY", "color": "#10b981", "score": 82}, "geometry": {"type": "Point", "coordinates": [72.8212807, 19.1328159]}}, {"type": "Feature", "id": "obs-ANDHERI-SEG-062-1", "properties": {"roadId": "ANDHERI-SEG-062", "roadName": "Tertiary (766592818)", "condition": "HEALTHY", "color": "#10b981", "score": 82}, "geometry": {"type": "Point", "coordinates": [72.821552, 19.132953]}}, {"type": "Feature", "id": "obs-ANDHERI-SEG-062-2", "properties": {"roadId": "ANDHERI-SEG-062", "roadName": "Tertiary (766592818)", "condition": "HEALTHY", "color": "#10b981", "score": 82}, "geometry": {"type": "Point", "coordinates": [72.821926, 19.133022]}}, {"type": "Feature", "id": "obs-ANDHERI-SEG-062-3", "properties": {"roadId": "ANDHERI-SEG-062", "roadName": "Tertiary (766592818)", "condition": "HEALTHY", "color": "#10b981", "score": 82}, "geometry": {"type": "Point", "coordinates": [72.8223, 19.133091]}}, {"type": "Feature", "id": "obs-ANDHERI-SEG-062-4", "properties": {"roadId": "ANDHERI-SEG-062", "roadName": "Tertiary (766592818)", "condition": "HEALTHY", "color": "#10b981", "score": 82}, "geometry": {"type": "Point", "coordinates": [72.822674, 19.133159]}}, {"type": "Feature", "id": "obs-ANDHERI-SEG-062-5", "properties": {"roadId": "ANDHERI-SEG-062", "roadName": "Tertiary (766592818)", "condition": "HEALTHY", "color": "#10b981", "score": 82}, "geometry": {"type": "Point", "coordinates": [72.823048, 19.133223]}}, {"type": "Feature", "id": "obs-ANDHERI-SEG-062-6", "properties": {"roadId": "ANDHERI-SEG-062", "roadName": "Tertiary (766592818)", "condition": "HEALTHY", "color": "#10b981", "score": 82}, "geometry": {"type": "Point", "coordinates": [72.823423, 19.133252]}}, {"type": "Feature", "id": "obs-ANDHERI-SEG-062-7", "properties": {"roadId": "ANDHERI-SEG-062", "roadName": "Tertiary (766592818)", "condition": "HEALTHY", "color": "#10b981", "score": 82}, "geometry": {"type": "Point", "coordinates": [72.823794, 19.133174]}}, {"type": "Feature", "id": "obs-ANDHERI-SEG-062-8", "properties": {"roadId": "ANDHERI-SEG-062", "roadName": "Tertiary (766592818)", "condition": "HEALTHY", "color": "#10b981", "score": 82}, "geometry": {"type": "Point", "coordinates": [72.824169, 19.133109]}}, {"type": "Feature", "id": "obs-ANDHERI-SEG-062-9", "properties": {"roadId": "ANDHERI-SEG-062", "roadName": "Tertiary (766592818)", "condition": "HEALTHY", "color": "#10b981", "score": 82}, "geometry": {"type": "Point", "coordinates": [72.824542, 19.133038]}}, {"type": "Feature", "id": "obs-ANDHERI-SEG-062-10", "properties": {"roadId": "ANDHERI-SEG-062", "roadName": "Tertiary (766592818)", "condition": "HEALTHY", "color": "#10b981", "score": 82}, "geometry": {"type": "Point", "coordinates": [72.824905, 19.132929]}}, {"type": "Feature", "id": "obs-ANDHERI-SEG-062-11", "properties": {"roadId": "ANDHERI-SEG-062", "roadName": "Tertiary (766592818)", "condition": "HEALTHY", "color": "#10b981", "score": 82}, "geometry": {"type": "Point", "coordinates": [72.825274, 19.132843]}}, {"type": "Feature", "id": "obs-ANDHERI-SEG-062-12", "properties": {"roadId": "ANDHERI-SEG-062", "roadName": "Tertiary (766592818)", "condition": "HEALTHY", "color": "#10b981", "score": 82}, "geometry": {"type": "Point", "coordinates": [72.825644, 19.132756]}}, {"type": "Feature", "id": "obs-ANDHERI-SEG-062-13", "properties": {"roadId": "ANDHERI-SEG-062", "roadName": "Tertiary (766592818)", "condition": "HEALTHY", "color": "#10b981", "score": 82}, "geometry": {"type": "Point", "coordinates": [72.8257628, 19.1326997]}}, {"type": "Feature", "id": "obs-ANDHERI-SEG-063-0", "properties": {"roadId": "ANDHERI-SEG-063", "roadName": "Wamanrao Mahadik Marg", "condition": "POOR", "color": "#f97316", "score": 68}, "geometry": {"type": "Point", "coordinates": [72.8198753, 19.1364066]}}, {"type": "Feature", "id": "obs-ANDHERI-SEG-063-1", "properties": {"roadId": "ANDHERI-SEG-063", "roadName": "Wamanrao Mahadik Marg", "condition": "WATCH", "color": "#eab308", "score": 68}, "geometry": {"type": "Point", "coordinates": [72.820216, 19.13625]}}, {"type": "Feature", "id": "obs-ANDHERI-SEG-063-2", "properties": {"roadId": "ANDHERI-SEG-063", "roadName": "Wamanrao Mahadik Marg", "condition": "WATCH", "color": "#eab308", "score": 68}, "geometry": {"type": "Point", "coordinates": [72.820549, 19.136074]}}, {"type": "Feature", "id": "obs-ANDHERI-SEG-063-3", "properties": {"roadId": "ANDHERI-SEG-063", "roadName": "Wamanrao Mahadik Marg", "condition": "WATCH", "color": "#eab308", "score": 68}, "geometry": {"type": "Point", "coordinates": [72.820883, 19.135902]}}, {"type": "Feature", "id": "obs-ANDHERI-SEG-063-4", "properties": {"roadId": "ANDHERI-SEG-063", "roadName": "Wamanrao Mahadik Marg", "condition": "POOR", "color": "#f97316", "score": 68}, "geometry": {"type": "Point", "coordinates": [72.821218, 19.13573]}}, {"type": "Feature", "id": "obs-ANDHERI-SEG-063-5", "properties": {"roadId": "ANDHERI-SEG-063", "roadName": "Wamanrao Mahadik Marg", "condition": "WATCH", "color": "#eab308", "score": 68}, "geometry": {"type": "Point", "coordinates": [72.821553, 19.13556]}}, {"type": "Feature", "id": "obs-ANDHERI-SEG-063-6", "properties": {"roadId": "ANDHERI-SEG-063", "roadName": "Wamanrao Mahadik Marg", "condition": "WATCH", "color": "#eab308", "score": 68}, "geometry": {"type": "Point", "coordinates": [72.821888, 19.135389]}}, {"type": "Feature", "id": "obs-ANDHERI-SEG-063-7", "properties": {"roadId": "ANDHERI-SEG-063", "roadName": "Wamanrao Mahadik Marg", "condition": "WATCH", "color": "#eab308", "score": 68}, "geometry": {"type": "Point", "coordinates": [72.82222, 19.135213]}}, {"type": "Feature", "id": "obs-ANDHERI-SEG-063-8", "properties": {"roadId": "ANDHERI-SEG-063", "roadName": "Wamanrao Mahadik Marg", "condition": "POOR", "color": "#f97316", "score": 68}, "geometry": {"type": "Point", "coordinates": [72.822546, 19.135027]}}, {"type": "Feature", "id": "obs-ANDHERI-SEG-063-9", "properties": {"roadId": "ANDHERI-SEG-063", "roadName": "Wamanrao Mahadik Marg", "condition": "WATCH", "color": "#eab308", "score": 68}, "geometry": {"type": "Point", "coordinates": [72.822878, 19.134851]}}, {"type": "Feature", "id": "obs-ANDHERI-SEG-063-10", "properties": {"roadId": "ANDHERI-SEG-063", "roadName": "Wamanrao Mahadik Marg", "condition": "WATCH", "color": "#eab308", "score": 68}, "geometry": {"type": "Point", "coordinates": [72.823211, 19.134677]}}, {"type": "Feature", "id": "obs-ANDHERI-SEG-063-11", "properties": {"roadId": "ANDHERI-SEG-063", "roadName": "Wamanrao Mahadik Marg", "condition": "WATCH", "color": "#eab308", "score": 68}, "geometry": {"type": "Point", "coordinates": [72.82359, 19.13471]}}, {"type": "Feature", "id": "obs-ANDHERI-SEG-063-12", "properties": {"roadId": "ANDHERI-SEG-063", "roadName": "Wamanrao Mahadik Marg", "condition": "POOR", "color": "#f97316", "score": 68}, "geometry": {"type": "Point", "coordinates": [72.823968, 19.134748]}}, {"type": "Feature", "id": "obs-ANDHERI-SEG-063-13", "properties": {"roadId": "ANDHERI-SEG-063", "roadName": "Wamanrao Mahadik Marg", "condition": "WATCH", "color": "#eab308", "score": 68}, "geometry": {"type": "Point", "coordinates": [72.824347, 19.134787]}}, {"type": "Feature", "id": "obs-ANDHERI-SEG-063-14", "properties": {"roadId": "ANDHERI-SEG-063", "roadName": "Wamanrao Mahadik Marg", "condition": "WATCH", "color": "#eab308", "score": 68}, "geometry": {"type": "Point", "coordinates": [72.824725, 19.134823]}}, {"type": "Feature", "id": "obs-ANDHERI-SEG-063-15", "properties": {"roadId": "ANDHERI-SEG-063", "roadName": "Wamanrao Mahadik Marg", "condition": "WATCH", "color": "#eab308", "score": 68}, "geometry": {"type": "Point", "coordinates": [72.8247522, 19.1348131]}}, {"type": "Feature", "id": "obs-ANDHERI-SEG-064-0", "properties": {"roadId": "ANDHERI-SEG-064", "roadName": "Tertiary (787133019)", "condition": "HEALTHY", "color": "#10b981", "score": 91}, "geometry": {"type": "Point", "coordinates": [72.8207687, 19.1260068]}}, {"type": "Feature", "id": "obs-ANDHERI-SEG-064-1", "properties": {"roadId": "ANDHERI-SEG-064", "roadName": "Tertiary (787133019)", "condition": "HEALTHY", "color": "#10b981", "score": 91}, "geometry": {"type": "Point", "coordinates": [72.821006, 19.126274]}}, {"type": "Feature", "id": "obs-ANDHERI-SEG-064-2", "properties": {"roadId": "ANDHERI-SEG-064", "roadName": "Tertiary (787133019)", "condition": "HEALTHY", "color": "#10b981", "score": 91}, "geometry": {"type": "Point", "coordinates": [72.821341, 19.126441]}}, {"type": "Feature", "id": "obs-ANDHERI-SEG-064-3", "properties": {"roadId": "ANDHERI-SEG-064", "roadName": "Tertiary (787133019)", "condition": "HEALTHY", "color": "#10b981", "score": 91}, "geometry": {"type": "Point", "coordinates": [72.821709, 19.126521]}}, {"type": "Feature", "id": "obs-ANDHERI-SEG-064-4", "properties": {"roadId": "ANDHERI-SEG-064", "roadName": "Tertiary (787133019)", "condition": "HEALTHY", "color": "#10b981", "score": 91}, "geometry": {"type": "Point", "coordinates": [72.8220315, 19.1265356]}}, {"type": "Feature", "id": "obs-ANDHERI-SEG-065-0", "properties": {"roadId": "ANDHERI-SEG-065", "roadName": "Tertiary (788401442)", "condition": "POOR", "color": "#f97316", "score": 64}, "geometry": {"type": "Point", "coordinates": [72.8373432, 19.1161003]}}, {"type": "Feature", "id": "obs-ANDHERI-SEG-065-1", "properties": {"roadId": "ANDHERI-SEG-065", "roadName": "Tertiary (788401442)", "condition": "WATCH", "color": "#eab308", "score": 64}, "geometry": {"type": "Point", "coordinates": [72.837379, 19.115742]}}, {"type": "Feature", "id": "obs-ANDHERI-SEG-065-2", "properties": {"roadId": "ANDHERI-SEG-065", "roadName": "Tertiary (788401442)", "condition": "WATCH", "color": "#eab308", "score": 64}, "geometry": {"type": "Point", "coordinates": [72.837409, 19.115384]}}, {"type": "Feature", "id": "obs-ANDHERI-SEG-065-3", "properties": {"roadId": "ANDHERI-SEG-065", "roadName": "Tertiary (788401442)", "condition": "WATCH", "color": "#eab308", "score": 64}, "geometry": {"type": "Point", "coordinates": [72.837446, 19.115026]}}, {"type": "Feature", "id": "obs-ANDHERI-SEG-065-4", "properties": {"roadId": "ANDHERI-SEG-065", "roadName": "Tertiary (788401442)", "condition": "POOR", "color": "#f97316", "score": 64}, "geometry": {"type": "Point", "coordinates": [72.837417, 19.114668]}}, {"type": "Feature", "id": "obs-ANDHERI-SEG-065-5", "properties": {"roadId": "ANDHERI-SEG-065", "roadName": "Tertiary (788401442)", "condition": "WATCH", "color": "#eab308", "score": 64}, "geometry": {"type": "Point", "coordinates": [72.837398, 19.1146114]}}, {"type": "Feature", "id": "obs-ANDHERI-SEG-066-0", "properties": {"roadId": "ANDHERI-SEG-066", "roadName": "Saint Louis Convent Marg", "condition": "CRITICAL", "color": "#ef4444", "score": 46}, "geometry": {"type": "Point", "coordinates": [72.8257466, 19.1292388]}}, {"type": "Feature", "id": "obs-ANDHERI-SEG-066-1", "properties": {"roadId": "ANDHERI-SEG-066", "roadName": "Saint Louis Convent Marg", "condition": "POOR", "color": "#f97316", "score": 46}, "geometry": {"type": "Point", "coordinates": [72.825702, 19.128883]}}, {"type": "Feature", "id": "obs-ANDHERI-SEG-066-2", "properties": {"roadId": "ANDHERI-SEG-066", "roadName": "Saint Louis Convent Marg", "condition": "POOR", "color": "#f97316", "score": 46}, "geometry": {"type": "Point", "coordinates": [72.825619, 19.128532]}}, {"type": "Feature", "id": "obs-ANDHERI-SEG-066-3", "properties": {"roadId": "ANDHERI-SEG-066", "roadName": "Saint Louis Convent Marg", "condition": "CRITICAL", "color": "#ef4444", "score": 46}, "geometry": {"type": "Point", "coordinates": [72.825535, 19.128181]}}, {"type": "Feature", "id": "obs-ANDHERI-SEG-066-4", "properties": {"roadId": "ANDHERI-SEG-066", "roadName": "Saint Louis Convent Marg", "condition": "POOR", "color": "#f97316", "score": 46}, "geometry": {"type": "Point", "coordinates": [72.82546, 19.127828]}}, {"type": "Feature", "id": "obs-ANDHERI-SEG-066-5", "properties": {"roadId": "ANDHERI-SEG-066", "roadName": "Saint Louis Convent Marg", "condition": "POOR", "color": "#f97316", "score": 46}, "geometry": {"type": "Point", "coordinates": [72.825385, 19.127476]}}, {"type": "Feature", "id": "obs-ANDHERI-SEG-066-6", "properties": {"roadId": "ANDHERI-SEG-066", "roadName": "Saint Louis Convent Marg", "condition": "CRITICAL", "color": "#ef4444", "score": 46}, "geometry": {"type": "Point", "coordinates": [72.825314, 19.127122]}}, {"type": "Feature", "id": "obs-ANDHERI-SEG-066-7", "properties": {"roadId": "ANDHERI-SEG-066", "roadName": "Saint Louis Convent Marg", "condition": "POOR", "color": "#f97316", "score": 46}, "geometry": {"type": "Point", "coordinates": [72.825237, 19.12677]}}, {"type": "Feature", "id": "obs-ANDHERI-SEG-066-8", "properties": {"roadId": "ANDHERI-SEG-066", "roadName": "Saint Louis Convent Marg", "condition": "POOR", "color": "#f97316", "score": 46}, "geometry": {"type": "Point", "coordinates": [72.825177, 19.126415]}}, {"type": "Feature", "id": "obs-ANDHERI-SEG-066-9", "properties": {"roadId": "ANDHERI-SEG-066", "roadName": "Saint Louis Convent Marg", "condition": "CRITICAL", "color": "#ef4444", "score": 46}, "geometry": {"type": "Point", "coordinates": [72.825117, 19.12606]}}, {"type": "Feature", "id": "obs-ANDHERI-SEG-066-10", "properties": {"roadId": "ANDHERI-SEG-066", "roadName": "Saint Louis Convent Marg", "condition": "POOR", "color": "#f97316", "score": 46}, "geometry": {"type": "Point", "coordinates": [72.825062, 19.125704]}}, {"type": "Feature", "id": "obs-ANDHERI-SEG-066-11", "properties": {"roadId": "ANDHERI-SEG-066", "roadName": "Saint Louis Convent Marg", "condition": "POOR", "color": "#f97316", "score": 46}, "geometry": {"type": "Point", "coordinates": [72.824941, 19.125366]}}, {"type": "Feature", "id": "obs-ANDHERI-SEG-066-12", "properties": {"roadId": "ANDHERI-SEG-066", "roadName": "Saint Louis Convent Marg", "condition": "CRITICAL", "color": "#ef4444", "score": 46}, "geometry": {"type": "Point", "coordinates": [72.824753, 19.125053]}}, {"type": "Feature", "id": "obs-ANDHERI-SEG-066-13", "properties": {"roadId": "ANDHERI-SEG-066", "roadName": "Saint Louis Convent Marg", "condition": "POOR", "color": "#f97316", "score": 46}, "geometry": {"type": "Point", "coordinates": [72.824558, 19.124744]}}, {"type": "Feature", "id": "obs-ANDHERI-SEG-066-14", "properties": {"roadId": "ANDHERI-SEG-066", "roadName": "Saint Louis Convent Marg", "condition": "POOR", "color": "#f97316", "score": 46}, "geometry": {"type": "Point", "coordinates": [72.824371, 19.124432]}}, {"type": "Feature", "id": "obs-ANDHERI-SEG-066-15", "properties": {"roadId": "ANDHERI-SEG-066", "roadName": "Saint Louis Convent Marg", "condition": "CRITICAL", "color": "#ef4444", "score": 46}, "geometry": {"type": "Point", "coordinates": [72.824151, 19.124139]}}, {"type": "Feature", "id": "obs-ANDHERI-SEG-066-16", "properties": {"roadId": "ANDHERI-SEG-066", "roadName": "Saint Louis Convent Marg", "condition": "POOR", "color": "#f97316", "score": 46}, "geometry": {"type": "Point", "coordinates": [72.8239183, 19.1239045]}}, {"type": "Feature", "id": "obs-ANDHERI-SEG-067-0", "properties": {"roadId": "ANDHERI-SEG-067", "roadName": "Achutrao Pawardhan Marg", "condition": "HEALTHY", "color": "#10b981", "score": 85}, "geometry": {"type": "Point", "coordinates": [72.8257769, 19.1343245]}}, {"type": "Feature", "id": "obs-ANDHERI-SEG-067-1", "properties": {"roadId": "ANDHERI-SEG-067", "roadName": "Achutrao Pawardhan Marg", "condition": "HEALTHY", "color": "#10b981", "score": 85}, "geometry": {"type": "Point", "coordinates": [72.825767, 19.133965]}}, {"type": "Feature", "id": "obs-ANDHERI-SEG-067-2", "properties": {"roadId": "ANDHERI-SEG-067", "roadName": "Achutrao Pawardhan Marg", "condition": "HEALTHY", "color": "#10b981", "score": 85}, "geometry": {"type": "Point", "coordinates": [72.825762, 19.133605]}}, {"type": "Feature", "id": "obs-ANDHERI-SEG-067-3", "properties": {"roadId": "ANDHERI-SEG-067", "roadName": "Achutrao Pawardhan Marg", "condition": "HEALTHY", "color": "#10b981", "score": 85}, "geometry": {"type": "Point", "coordinates": [72.825763, 19.133246]}}, {"type": "Feature", "id": "obs-ANDHERI-SEG-067-4", "properties": {"roadId": "ANDHERI-SEG-067", "roadName": "Achutrao Pawardhan Marg", "condition": "HEALTHY", "color": "#10b981", "score": 85}, "geometry": {"type": "Point", "coordinates": [72.825763, 19.132886]}}, {"type": "Feature", "id": "obs-ANDHERI-SEG-067-5", "properties": {"roadId": "ANDHERI-SEG-067", "roadName": "Achutrao Pawardhan Marg", "condition": "HEALTHY", "color": "#10b981", "score": 85}, "geometry": {"type": "Point", "coordinates": [72.825754, 19.132526]}}, {"type": "Feature", "id": "obs-ANDHERI-SEG-067-6", "properties": {"roadId": "ANDHERI-SEG-067", "roadName": "Achutrao Pawardhan Marg", "condition": "HEALTHY", "color": "#10b981", "score": 85}, "geometry": {"type": "Point", "coordinates": [72.825743, 19.132167]}}, {"type": "Feature", "id": "obs-ANDHERI-SEG-067-7", "properties": {"roadId": "ANDHERI-SEG-067", "roadName": "Achutrao Pawardhan Marg", "condition": "HEALTHY", "color": "#10b981", "score": 85}, "geometry": {"type": "Point", "coordinates": [72.825746, 19.131807]}}, {"type": "Feature", "id": "obs-ANDHERI-SEG-067-8", "properties": {"roadId": "ANDHERI-SEG-067", "roadName": "Achutrao Pawardhan Marg", "condition": "HEALTHY", "color": "#10b981", "score": 85}, "geometry": {"type": "Point", "coordinates": [72.825748, 19.131447]}}, {"type": "Feature", "id": "obs-ANDHERI-SEG-067-9", "properties": {"roadId": "ANDHERI-SEG-067", "roadName": "Achutrao Pawardhan Marg", "condition": "HEALTHY", "color": "#10b981", "score": 85}, "geometry": {"type": "Point", "coordinates": [72.825751, 19.131088]}}, {"type": "Feature", "id": "obs-ANDHERI-SEG-067-10", "properties": {"roadId": "ANDHERI-SEG-067", "roadName": "Achutrao Pawardhan Marg", "condition": "HEALTHY", "color": "#10b981", "score": 85}, "geometry": {"type": "Point", "coordinates": [72.825755, 19.130728]}}, {"type": "Feature", "id": "obs-ANDHERI-SEG-067-11", "properties": {"roadId": "ANDHERI-SEG-067", "roadName": "Achutrao Pawardhan Marg", "condition": "HEALTHY", "color": "#10b981", "score": 85}, "geometry": {"type": "Point", "coordinates": [72.825749, 19.130368]}}, {"type": "Feature", "id": "obs-ANDHERI-SEG-067-12", "properties": {"roadId": "ANDHERI-SEG-067", "roadName": "Achutrao Pawardhan Marg", "condition": "HEALTHY", "color": "#10b981", "score": 85}, "geometry": {"type": "Point", "coordinates": [72.825749, 19.130009]}}, {"type": "Feature", "id": "obs-ANDHERI-SEG-067-13", "properties": {"roadId": "ANDHERI-SEG-067", "roadName": "Achutrao Pawardhan Marg", "condition": "HEALTHY", "color": "#10b981", "score": 85}, "geometry": {"type": "Point", "coordinates": [72.825749, 19.129649]}}, {"type": "Feature", "id": "obs-ANDHERI-SEG-067-14", "properties": {"roadId": "ANDHERI-SEG-067", "roadName": "Achutrao Pawardhan Marg", "condition": "HEALTHY", "color": "#10b981", "score": 85}, "geometry": {"type": "Point", "coordinates": [72.8257527, 19.1293345]}}, {"type": "Feature", "id": "obs-ANDHERI-SEG-068-0", "properties": {"roadId": "ANDHERI-SEG-068", "roadName": "Jai Prakash Road", "condition": "POOR", "color": "#f97316", "score": 71}, "geometry": {"type": "Point", "coordinates": [72.8256654, 19.1292546]}}, {"type": "Feature", "id": "obs-ANDHERI-SEG-068-1", "properties": {"roadId": "ANDHERI-SEG-068", "roadName": "Jai Prakash Road", "condition": "WATCH", "color": "#eab308", "score": 71}, "geometry": {"type": "Point", "coordinates": [72.825295, 19.129339]}}, {"type": "Feature", "id": "obs-ANDHERI-SEG-068-2", "properties": {"roadId": "ANDHERI-SEG-068", "roadName": "Jai Prakash Road", "condition": "WATCH", "color": "#eab308", "score": 71}, "geometry": {"type": "Point", "coordinates": [72.824925, 19.129424]}}, {"type": "Feature", "id": "obs-ANDHERI-SEG-068-3", "properties": {"roadId": "ANDHERI-SEG-068", "roadName": "Jai Prakash Road", "condition": "WATCH", "color": "#eab308", "score": 71}, "geometry": {"type": "Point", "coordinates": [72.824555, 19.129507]}}, {"type": "Feature", "id": "obs-ANDHERI-SEG-068-4", "properties": {"roadId": "ANDHERI-SEG-068", "roadName": "Jai Prakash Road", "condition": "POOR", "color": "#f97316", "score": 71}, "geometry": {"type": "Point", "coordinates": [72.824184, 19.129589]}}, {"type": "Feature", "id": "obs-ANDHERI-SEG-068-5", "properties": {"roadId": "ANDHERI-SEG-068", "roadName": "Jai Prakash Road", "condition": "WATCH", "color": "#eab308", "score": 71}, "geometry": {"type": "Point", "coordinates": [72.823811, 19.129662]}}, {"type": "Feature", "id": "obs-ANDHERI-SEG-068-6", "properties": {"roadId": "ANDHERI-SEG-068", "roadName": "Jai Prakash Road", "condition": "WATCH", "color": "#eab308", "score": 71}, "geometry": {"type": "Point", "coordinates": [72.823442, 19.129749]}}, {"type": "Feature", "id": "obs-ANDHERI-SEG-068-7", "properties": {"roadId": "ANDHERI-SEG-068", "roadName": "Jai Prakash Road", "condition": "WATCH", "color": "#eab308", "score": 71}, "geometry": {"type": "Point", "coordinates": [72.823071, 19.129832]}}, {"type": "Feature", "id": "obs-ANDHERI-SEG-068-8", "properties": {"roadId": "ANDHERI-SEG-068", "roadName": "Jai Prakash Road", "condition": "POOR", "color": "#f97316", "score": 71}, "geometry": {"type": "Point", "coordinates": [72.822701, 19.129915]}}, {"type": "Feature", "id": "obs-ANDHERI-SEG-068-9", "properties": {"roadId": "ANDHERI-SEG-068", "roadName": "Jai Prakash Road", "condition": "WATCH", "color": "#eab308", "score": 71}, "geometry": {"type": "Point", "coordinates": [72.822331, 19.129998]}}, {"type": "Feature", "id": "obs-ANDHERI-SEG-068-10", "properties": {"roadId": "ANDHERI-SEG-068", "roadName": "Jai Prakash Road", "condition": "WATCH", "color": "#eab308", "score": 71}, "geometry": {"type": "Point", "coordinates": [72.82196, 19.130081]}}, {"type": "Feature", "id": "obs-ANDHERI-SEG-068-11", "properties": {"roadId": "ANDHERI-SEG-068", "roadName": "Jai Prakash Road", "condition": "WATCH", "color": "#eab308", "score": 71}, "geometry": {"type": "Point", "coordinates": [72.821592, 19.130172]}}, {"type": "Feature", "id": "obs-ANDHERI-SEG-068-12", "properties": {"roadId": "ANDHERI-SEG-068", "roadName": "Jai Prakash Road", "condition": "POOR", "color": "#f97316", "score": 71}, "geometry": {"type": "Point", "coordinates": [72.821224, 19.130264]}}, {"type": "Feature", "id": "obs-ANDHERI-SEG-068-13", "properties": {"roadId": "ANDHERI-SEG-068", "roadName": "Jai Prakash Road", "condition": "WATCH", "color": "#eab308", "score": 71}, "geometry": {"type": "Point", "coordinates": [72.820856, 19.130356]}}, {"type": "Feature", "id": "obs-ANDHERI-SEG-068-14", "properties": {"roadId": "ANDHERI-SEG-068", "roadName": "Jai Prakash Road", "condition": "WATCH", "color": "#eab308", "score": 71}, "geometry": {"type": "Point", "coordinates": [72.820487, 19.130448]}}, {"type": "Feature", "id": "obs-ANDHERI-SEG-068-15", "properties": {"roadId": "ANDHERI-SEG-068", "roadName": "Jai Prakash Road", "condition": "WATCH", "color": "#eab308", "score": 71}, "geometry": {"type": "Point", "coordinates": [72.820119, 19.130539]}}, {"type": "Feature", "id": "obs-ANDHERI-SEG-068-16", "properties": {"roadId": "ANDHERI-SEG-068", "roadName": "Jai Prakash Road", "condition": "POOR", "color": "#f97316", "score": 71}, "geometry": {"type": "Point", "coordinates": [72.819741, 19.130564]}}, {"type": "Feature", "id": "obs-ANDHERI-SEG-068-17", "properties": {"roadId": "ANDHERI-SEG-068", "roadName": "Jai Prakash Road", "condition": "WATCH", "color": "#eab308", "score": 71}, "geometry": {"type": "Point", "coordinates": [72.819371, 19.130486]}}, {"type": "Feature", "id": "obs-ANDHERI-SEG-068-18", "properties": {"roadId": "ANDHERI-SEG-068", "roadName": "Jai Prakash Road", "condition": "WATCH", "color": "#eab308", "score": 71}, "geometry": {"type": "Point", "coordinates": [72.819026, 19.130335]}}, {"type": "Feature", "id": "obs-ANDHERI-SEG-068-19", "properties": {"roadId": "ANDHERI-SEG-068", "roadName": "Jai Prakash Road", "condition": "WATCH", "color": "#eab308", "score": 71}, "geometry": {"type": "Point", "coordinates": [72.818686, 19.130173]}}, {"type": "Feature", "id": "obs-ANDHERI-SEG-068-20", "properties": {"roadId": "ANDHERI-SEG-068", "roadName": "Jai Prakash Road", "condition": "POOR", "color": "#f97316", "score": 71}, "geometry": {"type": "Point", "coordinates": [72.818343, 19.130017]}}, {"type": "Feature", "id": "obs-ANDHERI-SEG-068-21", "properties": {"roadId": "ANDHERI-SEG-068", "roadName": "Jai Prakash Road", "condition": "WATCH", "color": "#eab308", "score": 71}, "geometry": {"type": "Point", "coordinates": [72.81799, 19.129881]}}, {"type": "Feature", "id": "obs-ANDHERI-SEG-068-22", "properties": {"roadId": "ANDHERI-SEG-068", "roadName": "Jai Prakash Road", "condition": "WATCH", "color": "#eab308", "score": 71}, "geometry": {"type": "Point", "coordinates": [72.8179034, 19.1298495]}}, {"type": "Feature", "id": "obs-ANDHERI-SEG-069-0", "properties": {"roadId": "ANDHERI-SEG-069", "roadName": "Link Road", "condition": "CRITICAL", "color": "#ef4444", "score": 29}, "geometry": {"type": "Point", "coordinates": [72.8311117, 19.1280128]}}, {"type": "Feature", "id": "obs-ANDHERI-SEG-069-1", "properties": {"roadId": "ANDHERI-SEG-069", "roadName": "Link Road", "condition": "CRITICAL", "color": "#ef4444", "score": 29}, "geometry": {"type": "Point", "coordinates": [72.831077, 19.127655]}}, {"type": "Feature", "id": "obs-ANDHERI-SEG-069-2", "properties": {"roadId": "ANDHERI-SEG-069", "roadName": "Link Road", "condition": "CRITICAL", "color": "#ef4444", "score": 29}, "geometry": {"type": "Point", "coordinates": [72.831066, 19.127295]}}, {"type": "Feature", "id": "obs-ANDHERI-SEG-069-3", "properties": {"roadId": "ANDHERI-SEG-069", "roadName": "Link Road", "condition": "CRITICAL", "color": "#ef4444", "score": 29}, "geometry": {"type": "Point", "coordinates": [72.831064, 19.126936]}}, {"type": "Feature", "id": "obs-ANDHERI-SEG-069-4", "properties": {"roadId": "ANDHERI-SEG-069", "roadName": "Link Road", "condition": "CRITICAL", "color": "#ef4444", "score": 29}, "geometry": {"type": "Point", "coordinates": [72.831055, 19.126576]}}, {"type": "Feature", "id": "obs-ANDHERI-SEG-069-5", "properties": {"roadId": "ANDHERI-SEG-069", "roadName": "Link Road", "condition": "CRITICAL", "color": "#ef4444", "score": 29}, "geometry": {"type": "Point", "coordinates": [72.831044, 19.126216]}}, {"type": "Feature", "id": "obs-ANDHERI-SEG-069-6", "properties": {"roadId": "ANDHERI-SEG-069", "roadName": "Link Road", "condition": "CRITICAL", "color": "#ef4444", "score": 29}, "geometry": {"type": "Point", "coordinates": [72.831034, 19.125857]}}, {"type": "Feature", "id": "obs-ANDHERI-SEG-069-7", "properties": {"roadId": "ANDHERI-SEG-069", "roadName": "Link Road", "condition": "CRITICAL", "color": "#ef4444", "score": 29}, "geometry": {"type": "Point", "coordinates": [72.83099, 19.125502]}}, {"type": "Feature", "id": "obs-ANDHERI-SEG-069-8", "properties": {"roadId": "ANDHERI-SEG-069", "roadName": "Link Road", "condition": "CRITICAL", "color": "#ef4444", "score": 29}, "geometry": {"type": "Point", "coordinates": [72.83088, 19.125158]}}, {"type": "Feature", "id": "obs-ANDHERI-SEG-069-9", "properties": {"roadId": "ANDHERI-SEG-069", "roadName": "Link Road", "condition": "CRITICAL", "color": "#ef4444", "score": 29}, "geometry": {"type": "Point", "coordinates": [72.830768, 19.124814]}}, {"type": "Feature", "id": "obs-ANDHERI-SEG-069-10", "properties": {"roadId": "ANDHERI-SEG-069", "roadName": "Link Road", "condition": "CRITICAL", "color": "#ef4444", "score": 29}, "geometry": {"type": "Point", "coordinates": [72.830662, 19.124469]}}, {"type": "Feature", "id": "obs-ANDHERI-SEG-069-11", "properties": {"roadId": "ANDHERI-SEG-069", "roadName": "Link Road", "condition": "CRITICAL", "color": "#ef4444", "score": 29}, "geometry": {"type": "Point", "coordinates": [72.830555, 19.124123]}}, {"type": "Feature", "id": "obs-ANDHERI-SEG-069-12", "properties": {"roadId": "ANDHERI-SEG-069", "roadName": "Link Road", "condition": "CRITICAL", "color": "#ef4444", "score": 29}, "geometry": {"type": "Point", "coordinates": [72.830453, 19.123777]}}, {"type": "Feature", "id": "obs-ANDHERI-SEG-069-13", "properties": {"roadId": "ANDHERI-SEG-069", "roadName": "Link Road", "condition": "CRITICAL", "color": "#ef4444", "score": 29}, "geometry": {"type": "Point", "coordinates": [72.830379, 19.123424]}}, {"type": "Feature", "id": "obs-ANDHERI-SEG-069-14", "properties": {"roadId": "ANDHERI-SEG-069", "roadName": "Link Road", "condition": "CRITICAL", "color": "#ef4444", "score": 29}, "geometry": {"type": "Point", "coordinates": [72.830304, 19.123071]}}, {"type": "Feature", "id": "obs-ANDHERI-SEG-069-15", "properties": {"roadId": "ANDHERI-SEG-069", "roadName": "Link Road", "condition": "CRITICAL", "color": "#ef4444", "score": 29}, "geometry": {"type": "Point", "coordinates": [72.830223, 19.12272]}}, {"type": "Feature", "id": "obs-ANDHERI-SEG-069-16", "properties": {"roadId": "ANDHERI-SEG-069", "roadName": "Link Road", "condition": "CRITICAL", "color": "#ef4444", "score": 29}, "geometry": {"type": "Point", "coordinates": [72.830124, 19.122373]}}, {"type": "Feature", "id": "obs-ANDHERI-SEG-069-17", "properties": {"roadId": "ANDHERI-SEG-069", "roadName": "Link Road", "condition": "CRITICAL", "color": "#ef4444", "score": 29}, "geometry": {"type": "Point", "coordinates": [72.830024, 19.122025]}}, {"type": "Feature", "id": "obs-ANDHERI-SEG-069-18", "properties": {"roadId": "ANDHERI-SEG-069", "roadName": "Link Road", "condition": "CRITICAL", "color": "#ef4444", "score": 29}, "geometry": {"type": "Point", "coordinates": [72.829932, 19.121677]}}, {"type": "Feature", "id": "obs-ANDHERI-SEG-069-19", "properties": {"roadId": "ANDHERI-SEG-069", "roadName": "Link Road", "condition": "CRITICAL", "color": "#ef4444", "score": 29}, "geometry": {"type": "Point", "coordinates": [72.829877, 19.121321]}}, {"type": "Feature", "id": "obs-ANDHERI-SEG-069-20", "properties": {"roadId": "ANDHERI-SEG-069", "roadName": "Link Road", "condition": "CRITICAL", "color": "#ef4444", "score": 29}, "geometry": {"type": "Point", "coordinates": [72.829857, 19.120962]}}, {"type": "Feature", "id": "obs-ANDHERI-SEG-069-21", "properties": {"roadId": "ANDHERI-SEG-069", "roadName": "Link Road", "condition": "CRITICAL", "color": "#ef4444", "score": 29}, "geometry": {"type": "Point", "coordinates": [72.82986, 19.120602]}}, {"type": "Feature", "id": "obs-ANDHERI-SEG-069-22", "properties": {"roadId": "ANDHERI-SEG-069", "roadName": "Link Road", "condition": "CRITICAL", "color": "#ef4444", "score": 29}, "geometry": {"type": "Point", "coordinates": [72.829872, 19.120242]}}, {"type": "Feature", "id": "obs-ANDHERI-SEG-069-23", "properties": {"roadId": "ANDHERI-SEG-069", "roadName": "Link Road", "condition": "CRITICAL", "color": "#ef4444", "score": 29}, "geometry": {"type": "Point", "coordinates": [72.829878, 19.119883]}}, {"type": "Feature", "id": "obs-ANDHERI-SEG-069-24", "properties": {"roadId": "ANDHERI-SEG-069", "roadName": "Link Road", "condition": "CRITICAL", "color": "#ef4444", "score": 29}, "geometry": {"type": "Point", "coordinates": [72.829883, 19.119523]}}, {"type": "Feature", "id": "obs-ANDHERI-SEG-069-25", "properties": {"roadId": "ANDHERI-SEG-069", "roadName": "Link Road", "condition": "CRITICAL", "color": "#ef4444", "score": 29}, "geometry": {"type": "Point", "coordinates": [72.829886, 19.119163]}}, {"type": "Feature", "id": "obs-ANDHERI-SEG-069-26", "properties": {"roadId": "ANDHERI-SEG-069", "roadName": "Link Road", "condition": "CRITICAL", "color": "#ef4444", "score": 29}, "geometry": {"type": "Point", "coordinates": [72.829888, 19.118804]}}, {"type": "Feature", "id": "obs-ANDHERI-SEG-069-27", "properties": {"roadId": "ANDHERI-SEG-069", "roadName": "Link Road", "condition": "CRITICAL", "color": "#ef4444", "score": 29}, "geometry": {"type": "Point", "coordinates": [72.829891, 19.118444]}}, {"type": "Feature", "id": "obs-ANDHERI-SEG-069-28", "properties": {"roadId": "ANDHERI-SEG-069", "roadName": "Link Road", "condition": "CRITICAL", "color": "#ef4444", "score": 29}, "geometry": {"type": "Point", "coordinates": [72.829893, 19.118084]}}, {"type": "Feature", "id": "obs-ANDHERI-SEG-069-29", "properties": {"roadId": "ANDHERI-SEG-069", "roadName": "Link Road", "condition": "CRITICAL", "color": "#ef4444", "score": 29}, "geometry": {"type": "Point", "coordinates": [72.829887, 19.117724]}}, {"type": "Feature", "id": "obs-ANDHERI-SEG-069-30", "properties": {"roadId": "ANDHERI-SEG-069", "roadName": "Link Road", "condition": "CRITICAL", "color": "#ef4444", "score": 29}, "geometry": {"type": "Point", "coordinates": [72.829893, 19.117365]}}, {"type": "Feature", "id": "obs-ANDHERI-SEG-069-31", "properties": {"roadId": "ANDHERI-SEG-069", "roadName": "Link Road", "condition": "CRITICAL", "color": "#ef4444", "score": 29}, "geometry": {"type": "Point", "coordinates": [72.8298959, 19.1172521]}}, {"type": "Feature", "id": "obs-ANDHERI-SEG-070-0", "properties": {"roadId": "ANDHERI-SEG-070", "roadName": "Achutrao Patwardhan Marg", "condition": "CRITICAL", "color": "#ef4444", "score": 42}, "geometry": {"type": "Point", "coordinates": [72.8256736, 19.1343909]}}, {"type": "Feature", "id": "obs-ANDHERI-SEG-070-1", "properties": {"roadId": "ANDHERI-SEG-070", "roadName": "Achutrao Patwardhan Marg", "condition": "POOR", "color": "#f97316", "score": 42}, "geometry": {"type": "Point", "coordinates": [72.825666, 19.134751]}}, {"type": "Feature", "id": "obs-ANDHERI-SEG-070-2", "properties": {"roadId": "ANDHERI-SEG-070", "roadName": "Achutrao Patwardhan Marg", "condition": "POOR", "color": "#f97316", "score": 42}, "geometry": {"type": "Point", "coordinates": [72.825665, 19.13511]}}, {"type": "Feature", "id": "obs-ANDHERI-SEG-070-3", "properties": {"roadId": "ANDHERI-SEG-070", "roadName": "Achutrao Patwardhan Marg", "condition": "CRITICAL", "color": "#ef4444", "score": 42}, "geometry": {"type": "Point", "coordinates": [72.825664, 19.13547]}}, {"type": "Feature", "id": "obs-ANDHERI-SEG-070-4", "properties": {"roadId": "ANDHERI-SEG-070", "roadName": "Achutrao Patwardhan Marg", "condition": "POOR", "color": "#f97316", "score": 42}, "geometry": {"type": "Point", "coordinates": [72.825663, 19.13583]}}, {"type": "Feature", "id": "obs-ANDHERI-SEG-070-5", "properties": {"roadId": "ANDHERI-SEG-070", "roadName": "Achutrao Patwardhan Marg", "condition": "POOR", "color": "#f97316", "score": 42}, "geometry": {"type": "Point", "coordinates": [72.825658, 19.136189]}}, {"type": "Feature", "id": "obs-ANDHERI-SEG-070-6", "properties": {"roadId": "ANDHERI-SEG-070", "roadName": "Achutrao Patwardhan Marg", "condition": "CRITICAL", "color": "#ef4444", "score": 42}, "geometry": {"type": "Point", "coordinates": [72.825653, 19.136549]}}, {"type": "Feature", "id": "obs-ANDHERI-SEG-070-7", "properties": {"roadId": "ANDHERI-SEG-070", "roadName": "Achutrao Patwardhan Marg", "condition": "POOR", "color": "#f97316", "score": 42}, "geometry": {"type": "Point", "coordinates": [72.825649, 19.136909]}}, {"type": "Feature", "id": "obs-ANDHERI-SEG-070-8", "properties": {"roadId": "ANDHERI-SEG-070", "roadName": "Achutrao Patwardhan Marg", "condition": "POOR", "color": "#f97316", "score": 42}, "geometry": {"type": "Point", "coordinates": [72.825643, 19.137269]}}, {"type": "Feature", "id": "obs-ANDHERI-SEG-070-9", "properties": {"roadId": "ANDHERI-SEG-070", "roadName": "Achutrao Patwardhan Marg", "condition": "CRITICAL", "color": "#ef4444", "score": 42}, "geometry": {"type": "Point", "coordinates": [72.825635, 19.137628]}}, {"type": "Feature", "id": "obs-ANDHERI-SEG-070-10", "properties": {"roadId": "ANDHERI-SEG-070", "roadName": "Achutrao Patwardhan Marg", "condition": "POOR", "color": "#f97316", "score": 42}, "geometry": {"type": "Point", "coordinates": [72.825628, 19.137988]}}, {"type": "Feature", "id": "obs-ANDHERI-SEG-070-11", "properties": {"roadId": "ANDHERI-SEG-070", "roadName": "Achutrao Patwardhan Marg", "condition": "POOR", "color": "#f97316", "score": 42}, "geometry": {"type": "Point", "coordinates": [72.82562, 19.138347]}}, {"type": "Feature", "id": "obs-ANDHERI-SEG-070-12", "properties": {"roadId": "ANDHERI-SEG-070", "roadName": "Achutrao Patwardhan Marg", "condition": "CRITICAL", "color": "#ef4444", "score": 42}, "geometry": {"type": "Point", "coordinates": [72.825607, 19.138707]}}, {"type": "Feature", "id": "obs-ANDHERI-SEG-070-13", "properties": {"roadId": "ANDHERI-SEG-070", "roadName": "Achutrao Patwardhan Marg", "condition": "POOR", "color": "#f97316", "score": 42}, "geometry": {"type": "Point", "coordinates": [72.825591, 19.139066]}}, {"type": "Feature", "id": "obs-ANDHERI-SEG-070-14", "properties": {"roadId": "ANDHERI-SEG-070", "roadName": "Achutrao Patwardhan Marg", "condition": "POOR", "color": "#f97316", "score": 42}, "geometry": {"type": "Point", "coordinates": [72.825563, 19.139424]}}, {"type": "Feature", "id": "obs-ANDHERI-SEG-070-15", "properties": {"roadId": "ANDHERI-SEG-070", "roadName": "Achutrao Patwardhan Marg", "condition": "CRITICAL", "color": "#ef4444", "score": 42}, "geometry": {"type": "Point", "coordinates": [72.8255352, 19.1395491]}}, {"type": "Feature", "id": "obs-ANDHERI-SEG-071-0", "properties": {"roadId": "ANDHERI-SEG-071", "roadName": "Bhakti Vedanta Swami Marg", "condition": "HEALTHY", "color": "#10b981", "score": 79}, "geometry": {"type": "Point", "coordinates": [72.8300457, 19.1161558]}}, {"type": "Feature", "id": "obs-ANDHERI-SEG-071-1", "properties": {"roadId": "ANDHERI-SEG-071", "roadName": "Bhakti Vedanta Swami Marg", "condition": "HEALTHY", "color": "#10b981", "score": 79}, "geometry": {"type": "Point", "coordinates": [72.8303324, 19.1161537]}}, {"type": "Feature", "id": "obs-ANDHERI-SEG-072-0", "properties": {"roadId": "ANDHERI-SEG-072", "roadName": "Kamalakar Pant Walawalkar Marg", "condition": "POOR", "color": "#f97316", "score": 65}, "geometry": {"type": "Point", "coordinates": [72.8299272, 19.1165318]}}, {"type": "Feature", "id": "obs-ANDHERI-SEG-072-1", "properties": {"roadId": "ANDHERI-SEG-072", "roadName": "Kamalakar Pant Walawalkar Marg", "condition": "WATCH", "color": "#eab308", "score": 65}, "geometry": {"type": "Point", "coordinates": [72.8299415, 19.1162575]}}, {"type": "Feature", "id": "obs-ANDHERI-SEG-073-0", "properties": {"roadId": "ANDHERI-SEG-073", "roadName": "Kamalakar Pant Walawalkar Marg", "condition": "HEALTHY", "color": "#10b981", "score": 88}, "geometry": {"type": "Point", "coordinates": [72.8299035, 19.1170985]}}, {"type": "Feature", "id": "obs-ANDHERI-SEG-073-1", "properties": {"roadId": "ANDHERI-SEG-073", "roadName": "Kamalakar Pant Walawalkar Marg", "condition": "HEALTHY", "color": "#10b981", "score": 88}, "geometry": {"type": "Point", "coordinates": [72.829916, 19.116739]}}, {"type": "Feature", "id": "obs-ANDHERI-SEG-073-2", "properties": {"roadId": "ANDHERI-SEG-073", "roadName": "Kamalakar Pant Walawalkar Marg", "condition": "HEALTHY", "color": "#10b981", "score": 88}, "geometry": {"type": "Point", "coordinates": [72.8299215, 19.1166386]}}, {"type": "Feature", "id": "obs-ANDHERI-SEG-074-0", "properties": {"roadId": "ANDHERI-SEG-074", "roadName": "Balasaheb Sawant Road", "condition": "HEALTHY", "color": "#10b981", "score": 82}, "geometry": {"type": "Point", "coordinates": [72.8239183, 19.1239045]}}, {"type": "Feature", "id": "obs-ANDHERI-SEG-074-1", "properties": {"roadId": "ANDHERI-SEG-074", "roadName": "Balasaheb Sawant Road", "condition": "HEALTHY", "color": "#10b981", "score": 82}, "geometry": {"type": "Point", "coordinates": [72.824161, 19.123628]}}, {"type": "Feature", "id": "obs-ANDHERI-SEG-074-2", "properties": {"roadId": "ANDHERI-SEG-074", "roadName": "Balasaheb Sawant Road", "condition": "HEALTHY", "color": "#10b981", "score": 82}, "geometry": {"type": "Point", "coordinates": [72.824406, 19.123352]}}, {"type": "Feature", "id": "obs-ANDHERI-SEG-074-3", "properties": {"roadId": "ANDHERI-SEG-074", "roadName": "Balasaheb Sawant Road", "condition": "HEALTHY", "color": "#10b981", "score": 82}, "geometry": {"type": "Point", "coordinates": [72.824651, 19.123077]}}, {"type": "Feature", "id": "obs-ANDHERI-SEG-074-4", "properties": {"roadId": "ANDHERI-SEG-074", "roadName": "Balasaheb Sawant Road", "condition": "HEALTHY", "color": "#10b981", "score": 82}, "geometry": {"type": "Point", "coordinates": [72.824896, 19.122801]}}, {"type": "Feature", "id": "obs-ANDHERI-SEG-074-5", "properties": {"roadId": "ANDHERI-SEG-074", "roadName": "Balasaheb Sawant Road", "condition": "HEALTHY", "color": "#10b981", "score": 82}, "geometry": {"type": "Point", "coordinates": [72.825132, 19.122519]}}, {"type": "Feature", "id": "obs-ANDHERI-SEG-074-6", "properties": {"roadId": "ANDHERI-SEG-074", "roadName": "Balasaheb Sawant Road", "condition": "HEALTHY", "color": "#10b981", "score": 82}, "geometry": {"type": "Point", "coordinates": [72.825368, 19.122237]}}, {"type": "Feature", "id": "obs-ANDHERI-SEG-074-7", "properties": {"roadId": "ANDHERI-SEG-074", "roadName": "Balasaheb Sawant Road", "condition": "HEALTHY", "color": "#10b981", "score": 82}, "geometry": {"type": "Point", "coordinates": [72.825604, 19.121954]}}, {"type": "Feature", "id": "obs-ANDHERI-SEG-074-8", "properties": {"roadId": "ANDHERI-SEG-074", "roadName": "Balasaheb Sawant Road", "condition": "HEALTHY", "color": "#10b981", "score": 82}, "geometry": {"type": "Point", "coordinates": [72.82585, 19.12168]}}, {"type": "Feature", "id": "obs-ANDHERI-SEG-074-9", "properties": {"roadId": "ANDHERI-SEG-074", "roadName": "Balasaheb Sawant Road", "condition": "HEALTHY", "color": "#10b981", "score": 82}, "geometry": {"type": "Point", "coordinates": [72.826106, 19.121413]}}, {"type": "Feature", "id": "obs-ANDHERI-SEG-074-10", "properties": {"roadId": "ANDHERI-SEG-074", "roadName": "Balasaheb Sawant Road", "condition": "HEALTHY", "color": "#10b981", "score": 82}, "geometry": {"type": "Point", "coordinates": [72.826358, 19.121144]}}, {"type": "Feature", "id": "obs-ANDHERI-SEG-074-11", "properties": {"roadId": "ANDHERI-SEG-074", "roadName": "Balasaheb Sawant Road", "condition": "HEALTHY", "color": "#10b981", "score": 82}, "geometry": {"type": "Point", "coordinates": [72.82661, 19.120875]}}, {"type": "Feature", "id": "obs-ANDHERI-SEG-074-12", "properties": {"roadId": "ANDHERI-SEG-074", "roadName": "Balasaheb Sawant Road", "condition": "HEALTHY", "color": "#10b981", "score": 82}, "geometry": {"type": "Point", "coordinates": [72.826853, 19.120598]}}, {"type": "Feature", "id": "obs-ANDHERI-SEG-074-13", "properties": {"roadId": "ANDHERI-SEG-074", "roadName": "Balasaheb Sawant Road", "condition": "HEALTHY", "color": "#10b981", "score": 82}, "geometry": {"type": "Point", "coordinates": [72.827094, 19.120319]}}, {"type": "Feature", "id": "obs-ANDHERI-SEG-074-14", "properties": {"roadId": "ANDHERI-SEG-074", "roadName": "Balasaheb Sawant Road", "condition": "HEALTHY", "color": "#10b981", "score": 82}, "geometry": {"type": "Point", "coordinates": [72.827337, 19.120042]}}, {"type": "Feature", "id": "obs-ANDHERI-SEG-074-15", "properties": {"roadId": "ANDHERI-SEG-074", "roadName": "Balasaheb Sawant Road", "condition": "HEALTHY", "color": "#10b981", "score": 82}, "geometry": {"type": "Point", "coordinates": [72.827575, 19.119762]}}, {"type": "Feature", "id": "obs-ANDHERI-SEG-074-16", "properties": {"roadId": "ANDHERI-SEG-074", "roadName": "Balasaheb Sawant Road", "condition": "HEALTHY", "color": "#10b981", "score": 82}, "geometry": {"type": "Point", "coordinates": [72.827816, 19.119483]}}, {"type": "Feature", "id": "obs-ANDHERI-SEG-074-17", "properties": {"roadId": "ANDHERI-SEG-074", "roadName": "Balasaheb Sawant Road", "condition": "HEALTHY", "color": "#10b981", "score": 82}, "geometry": {"type": "Point", "coordinates": [72.828059, 19.119206]}}, {"type": "Feature", "id": "obs-ANDHERI-SEG-074-18", "properties": {"roadId": "ANDHERI-SEG-074", "roadName": "Balasaheb Sawant Road", "condition": "HEALTHY", "color": "#10b981", "score": 82}, "geometry": {"type": "Point", "coordinates": [72.828303, 19.11893]}}, {"type": "Feature", "id": "obs-ANDHERI-SEG-074-19", "properties": {"roadId": "ANDHERI-SEG-074", "roadName": "Balasaheb Sawant Road", "condition": "HEALTHY", "color": "#10b981", "score": 82}, "geometry": {"type": "Point", "coordinates": [72.828547, 19.118654]}}, {"type": "Feature", "id": "obs-ANDHERI-SEG-074-20", "properties": {"roadId": "ANDHERI-SEG-074", "roadName": "Balasaheb Sawant Road", "condition": "HEALTHY", "color": "#10b981", "score": 82}, "geometry": {"type": "Point", "coordinates": [72.82879, 19.118377]}}, {"type": "Feature", "id": "obs-ANDHERI-SEG-074-21", "properties": {"roadId": "ANDHERI-SEG-074", "roadName": "Balasaheb Sawant Road", "condition": "HEALTHY", "color": "#10b981", "score": 82}, "geometry": {"type": "Point", "coordinates": [72.829034, 19.118101]}}, {"type": "Feature", "id": "obs-ANDHERI-SEG-074-22", "properties": {"roadId": "ANDHERI-SEG-074", "roadName": "Balasaheb Sawant Road", "condition": "HEALTHY", "color": "#10b981", "score": 82}, "geometry": {"type": "Point", "coordinates": [72.829278, 19.117825]}}, {"type": "Feature", "id": "obs-ANDHERI-SEG-074-23", "properties": {"roadId": "ANDHERI-SEG-074", "roadName": "Balasaheb Sawant Road", "condition": "HEALTHY", "color": "#10b981", "score": 82}, "geometry": {"type": "Point", "coordinates": [72.829521, 19.117548]}}, {"type": "Feature", "id": "obs-ANDHERI-SEG-074-24", "properties": {"roadId": "ANDHERI-SEG-074", "roadName": "Balasaheb Sawant Road", "condition": "HEALTHY", "color": "#10b981", "score": 82}, "geometry": {"type": "Point", "coordinates": [72.829755, 19.117264]}}, {"type": "Feature", "id": "obs-ANDHERI-SEG-074-25", "properties": {"roadId": "ANDHERI-SEG-074", "roadName": "Balasaheb Sawant Road", "condition": "HEALTHY", "color": "#10b981", "score": 82}, "geometry": {"type": "Point", "coordinates": [72.8297958, 19.1172151]}}, {"type": "Feature", "id": "obs-ANDHERI-SEG-075-0", "properties": {"roadId": "ANDHERI-SEG-075", "roadName": "Jai Prakash Road", "condition": "POOR", "color": "#f97316", "score": 68}, "geometry": {"type": "Point", "coordinates": [72.8257527, 19.1293345]}}, {"type": "Feature", "id": "obs-ANDHERI-SEG-075-1", "properties": {"roadId": "ANDHERI-SEG-075", "roadName": "Jai Prakash Road", "condition": "WATCH", "color": "#eab308", "score": 68}, "geometry": {"type": "Point", "coordinates": [72.826121, 19.129242]}}, {"type": "Feature", "id": "obs-ANDHERI-SEG-075-2", "properties": {"roadId": "ANDHERI-SEG-075", "roadName": "Jai Prakash Road", "condition": "WATCH", "color": "#eab308", "score": 68}, "geometry": {"type": "Point", "coordinates": [72.82649, 19.129154]}}, {"type": "Feature", "id": "obs-ANDHERI-SEG-075-3", "properties": {"roadId": "ANDHERI-SEG-075", "roadName": "Jai Prakash Road", "condition": "WATCH", "color": "#eab308", "score": 68}, "geometry": {"type": "Point", "coordinates": [72.826861, 19.129073]}}, {"type": "Feature", "id": "obs-ANDHERI-SEG-075-4", "properties": {"roadId": "ANDHERI-SEG-075", "roadName": "Jai Prakash Road", "condition": "POOR", "color": "#f97316", "score": 68}, "geometry": {"type": "Point", "coordinates": [72.827235, 19.129007]}}, {"type": "Feature", "id": "obs-ANDHERI-SEG-075-5", "properties": {"roadId": "ANDHERI-SEG-075", "roadName": "Jai Prakash Road", "condition": "WATCH", "color": "#eab308", "score": 68}, "geometry": {"type": "Point", "coordinates": [72.827609, 19.128937]}}, {"type": "Feature", "id": "obs-ANDHERI-SEG-075-6", "properties": {"roadId": "ANDHERI-SEG-075", "roadName": "Jai Prakash Road", "condition": "WATCH", "color": "#eab308", "score": 68}, "geometry": {"type": "Point", "coordinates": [72.827976, 19.128845]}}, {"type": "Feature", "id": "obs-ANDHERI-SEG-075-7", "properties": {"roadId": "ANDHERI-SEG-075", "roadName": "Jai Prakash Road", "condition": "WATCH", "color": "#eab308", "score": 68}, "geometry": {"type": "Point", "coordinates": [72.828345, 19.128754]}}, {"type": "Feature", "id": "obs-ANDHERI-SEG-075-8", "properties": {"roadId": "ANDHERI-SEG-075", "roadName": "Jai Prakash Road", "condition": "POOR", "color": "#f97316", "score": 68}, "geometry": {"type": "Point", "coordinates": [72.828714, 19.128668]}}, {"type": "Feature", "id": "obs-ANDHERI-SEG-075-9", "properties": {"roadId": "ANDHERI-SEG-075", "roadName": "Jai Prakash Road", "condition": "WATCH", "color": "#eab308", "score": 68}, "geometry": {"type": "Point", "coordinates": [72.829084, 19.128582]}}, {"type": "Feature", "id": "obs-ANDHERI-SEG-075-10", "properties": {"roadId": "ANDHERI-SEG-075", "roadName": "Jai Prakash Road", "condition": "WATCH", "color": "#eab308", "score": 68}, "geometry": {"type": "Point", "coordinates": [72.829453, 19.128492]}}, {"type": "Feature", "id": "obs-ANDHERI-SEG-075-11", "properties": {"roadId": "ANDHERI-SEG-075", "roadName": "Jai Prakash Road", "condition": "WATCH", "color": "#eab308", "score": 68}, "geometry": {"type": "Point", "coordinates": [72.829824, 19.12841]}}, {"type": "Feature", "id": "obs-ANDHERI-SEG-075-12", "properties": {"roadId": "ANDHERI-SEG-075", "roadName": "Jai Prakash Road", "condition": "POOR", "color": "#f97316", "score": 68}, "geometry": {"type": "Point", "coordinates": [72.830195, 19.128331]}}, {"type": "Feature", "id": "obs-ANDHERI-SEG-075-13", "properties": {"roadId": "ANDHERI-SEG-075", "roadName": "Jai Prakash Road", "condition": "WATCH", "color": "#eab308", "score": 68}, "geometry": {"type": "Point", "coordinates": [72.830566, 19.128251]}}, {"type": "Feature", "id": "obs-ANDHERI-SEG-075-14", "properties": {"roadId": "ANDHERI-SEG-075", "roadName": "Jai Prakash Road", "condition": "WATCH", "color": "#eab308", "score": 68}, "geometry": {"type": "Point", "coordinates": [72.830938, 19.128172]}}, {"type": "Feature", "id": "obs-ANDHERI-SEG-075-15", "properties": {"roadId": "ANDHERI-SEG-075", "roadName": "Jai Prakash Road", "condition": "WATCH", "color": "#eab308", "score": 68}, "geometry": {"type": "Point", "coordinates": [72.831029, 19.128147]}}, {"type": "Feature", "id": "obs-ANDHERI-SEG-076-0", "properties": {"roadId": "ANDHERI-SEG-076", "roadName": "Jai Prakash Road", "condition": "HEALTHY", "color": "#10b981", "score": 91}, "geometry": {"type": "Point", "coordinates": [72.8310144, 19.128035]}}, {"type": "Feature", "id": "obs-ANDHERI-SEG-076-1", "properties": {"roadId": "ANDHERI-SEG-076", "roadName": "Jai Prakash Road", "condition": "HEALTHY", "color": "#10b981", "score": 91}, "geometry": {"type": "Point", "coordinates": [72.830646, 19.128126]}}, {"type": "Feature", "id": "obs-ANDHERI-SEG-076-2", "properties": {"roadId": "ANDHERI-SEG-076", "roadName": "Jai Prakash Road", "condition": "HEALTHY", "color": "#10b981", "score": 91}, "geometry": {"type": "Point", "coordinates": [72.830276, 19.128212]}}, {"type": "Feature", "id": "obs-ANDHERI-SEG-076-3", "properties": {"roadId": "ANDHERI-SEG-076", "roadName": "Jai Prakash Road", "condition": "HEALTHY", "color": "#10b981", "score": 91}, "geometry": {"type": "Point", "coordinates": [72.829907, 19.128299]}}, {"type": "Feature", "id": "obs-ANDHERI-SEG-076-4", "properties": {"roadId": "ANDHERI-SEG-076", "roadName": "Jai Prakash Road", "condition": "HEALTHY", "color": "#10b981", "score": 91}, "geometry": {"type": "Point", "coordinates": [72.829537, 19.128385]}}, {"type": "Feature", "id": "obs-ANDHERI-SEG-076-5", "properties": {"roadId": "ANDHERI-SEG-076", "roadName": "Jai Prakash Road", "condition": "HEALTHY", "color": "#10b981", "score": 91}, "geometry": {"type": "Point", "coordinates": [72.829167, 19.128467]}}, {"type": "Feature", "id": "obs-ANDHERI-SEG-076-6", "properties": {"roadId": "ANDHERI-SEG-076", "roadName": "Jai Prakash Road", "condition": "HEALTHY", "color": "#10b981", "score": 91}, "geometry": {"type": "Point", "coordinates": [72.828795, 19.128542]}}, {"type": "Feature", "id": "obs-ANDHERI-SEG-076-7", "properties": {"roadId": "ANDHERI-SEG-076", "roadName": "Jai Prakash Road", "condition": "HEALTHY", "color": "#10b981", "score": 91}, "geometry": {"type": "Point", "coordinates": [72.828427, 19.128634]}}, {"type": "Feature", "id": "obs-ANDHERI-SEG-076-8", "properties": {"roadId": "ANDHERI-SEG-076", "roadName": "Jai Prakash Road", "condition": "HEALTHY", "color": "#10b981", "score": 91}, "geometry": {"type": "Point", "coordinates": [72.828058, 19.128723]}}, {"type": "Feature", "id": "obs-ANDHERI-SEG-076-9", "properties": {"roadId": "ANDHERI-SEG-076", "roadName": "Jai Prakash Road", "condition": "HEALTHY", "color": "#10b981", "score": 91}, "geometry": {"type": "Point", "coordinates": [72.827686, 19.128801]}}, {"type": "Feature", "id": "obs-ANDHERI-SEG-076-10", "properties": {"roadId": "ANDHERI-SEG-076", "roadName": "Jai Prakash Road", "condition": "HEALTHY", "color": "#10b981", "score": 91}, "geometry": {"type": "Point", "coordinates": [72.827315, 19.128879]}}, {"type": "Feature", "id": "obs-ANDHERI-SEG-076-11", "properties": {"roadId": "ANDHERI-SEG-076", "roadName": "Jai Prakash Road", "condition": "HEALTHY", "color": "#10b981", "score": 91}, "geometry": {"type": "Point", "coordinates": [72.826945, 19.128963]}}, {"type": "Feature", "id": "obs-ANDHERI-SEG-076-12", "properties": {"roadId": "ANDHERI-SEG-076", "roadName": "Jai Prakash Road", "condition": "HEALTHY", "color": "#10b981", "score": 91}, "geometry": {"type": "Point", "coordinates": [72.826574, 19.129048]}}, {"type": "Feature", "id": "obs-ANDHERI-SEG-076-13", "properties": {"roadId": "ANDHERI-SEG-076", "roadName": "Jai Prakash Road", "condition": "HEALTHY", "color": "#10b981", "score": 91}, "geometry": {"type": "Point", "coordinates": [72.826204, 19.129132]}}, {"type": "Feature", "id": "obs-ANDHERI-SEG-076-14", "properties": {"roadId": "ANDHERI-SEG-076", "roadName": "Jai Prakash Road", "condition": "HEALTHY", "color": "#10b981", "score": 91}, "geometry": {"type": "Point", "coordinates": [72.825834, 19.129216]}}, {"type": "Feature", "id": "obs-ANDHERI-SEG-076-15", "properties": {"roadId": "ANDHERI-SEG-076", "roadName": "Jai Prakash Road", "condition": "HEALTHY", "color": "#10b981", "score": 91}, "geometry": {"type": "Point", "coordinates": [72.8257466, 19.1292388]}}, {"type": "Feature", "id": "obs-ANDHERI-SEG-077-0", "properties": {"roadId": "ANDHERI-SEG-077", "roadName": "Kamalakar Pant Walawalkar Marg", "condition": "POOR", "color": "#f97316", "score": 64}, "geometry": {"type": "Point", "coordinates": [72.8298429, 19.116155]}}, {"type": "Feature", "id": "obs-ANDHERI-SEG-077-1", "properties": {"roadId": "ANDHERI-SEG-077", "roadName": "Kamalakar Pant Walawalkar Marg", "condition": "WATCH", "color": "#eab308", "score": 64}, "geometry": {"type": "Point", "coordinates": [72.829824, 19.116514]}}, {"type": "Feature", "id": "obs-ANDHERI-SEG-077-2", "properties": {"roadId": "ANDHERI-SEG-077", "roadName": "Kamalakar Pant Walawalkar Marg", "condition": "WATCH", "color": "#eab308", "score": 64}, "geometry": {"type": "Point", "coordinates": [72.8298179, 19.1166528]}}, {"type": "Feature", "id": "obs-ANDHERI-SEG-078-0", "properties": {"roadId": "ANDHERI-SEG-078", "roadName": "Jai Prakash Road", "condition": "CRITICAL", "color": "#ef4444", "score": 46}, "geometry": {"type": "Point", "coordinates": [72.831029, 19.128147]}}, {"type": "Feature", "id": "obs-ANDHERI-SEG-078-1", "properties": {"roadId": "ANDHERI-SEG-078", "roadName": "Jai Prakash Road", "condition": "POOR", "color": "#f97316", "score": 46}, "geometry": {"type": "Point", "coordinates": [72.8311333, 19.1281251]}}, {"type": "Feature", "id": "obs-ANDHERI-SEG-079-0", "properties": {"roadId": "ANDHERI-SEG-079", "roadName": "Link Road", "condition": "HEALTHY", "color": "#10b981", "score": 85}, "geometry": {"type": "Point", "coordinates": [72.8310144, 19.128035]}}, {"type": "Feature", "id": "obs-ANDHERI-SEG-079-1", "properties": {"roadId": "ANDHERI-SEG-079", "roadName": "Link Road", "condition": "HEALTHY", "color": "#10b981", "score": 85}, "geometry": {"type": "Point", "coordinates": [72.831029, 19.128147]}}, {"type": "Feature", "id": "obs-ANDHERI-SEG-080-0", "properties": {"roadId": "ANDHERI-SEG-080", "roadName": "Jai Prakash Road", "condition": "POOR", "color": "#f97316", "score": 71}, "geometry": {"type": "Point", "coordinates": [72.8311117, 19.1280128]}}, {"type": "Feature", "id": "obs-ANDHERI-SEG-080-1", "properties": {"roadId": "ANDHERI-SEG-080", "roadName": "Jai Prakash Road", "condition": "WATCH", "color": "#eab308", "score": 71}, "geometry": {"type": "Point", "coordinates": [72.8310144, 19.128035]}}, {"type": "Feature", "id": "obs-ANDHERI-SEG-081-0", "properties": {"roadId": "ANDHERI-SEG-081", "roadName": "Balasaheb Sawant Road", "condition": "CRITICAL", "color": "#ef4444", "score": 29}, "geometry": {"type": "Point", "coordinates": [72.8221835, 19.1300316]}}, {"type": "Feature", "id": "obs-ANDHERI-SEG-081-1", "properties": {"roadId": "ANDHERI-SEG-081", "roadName": "Balasaheb Sawant Road", "condition": "CRITICAL", "color": "#ef4444", "score": 29}, "geometry": {"type": "Point", "coordinates": [72.822059, 19.129692]}}, {"type": "Feature", "id": "obs-ANDHERI-SEG-081-2", "properties": {"roadId": "ANDHERI-SEG-081", "roadName": "Balasaheb Sawant Road", "condition": "CRITICAL", "color": "#ef4444", "score": 29}, "geometry": {"type": "Point", "coordinates": [72.821934, 19.129352]}}, {"type": "Feature", "id": "obs-ANDHERI-SEG-081-3", "properties": {"roadId": "ANDHERI-SEG-081", "roadName": "Balasaheb Sawant Road", "condition": "CRITICAL", "color": "#ef4444", "score": 29}, "geometry": {"type": "Point", "coordinates": [72.821809, 19.129012]}}, {"type": "Feature", "id": "obs-ANDHERI-SEG-081-4", "properties": {"roadId": "ANDHERI-SEG-081", "roadName": "Balasaheb Sawant Road", "condition": "CRITICAL", "color": "#ef4444", "score": 29}, "geometry": {"type": "Point", "coordinates": [72.821685, 19.128672]}}, {"type": "Feature", "id": "obs-ANDHERI-SEG-081-5", "properties": {"roadId": "ANDHERI-SEG-081", "roadName": "Balasaheb Sawant Road", "condition": "CRITICAL", "color": "#ef4444", "score": 29}, "geometry": {"type": "Point", "coordinates": [72.821669, 19.128323]}}, {"type": "Feature", "id": "obs-ANDHERI-SEG-081-6", "properties": {"roadId": "ANDHERI-SEG-081", "roadName": "Balasaheb Sawant Road", "condition": "CRITICAL", "color": "#ef4444", "score": 29}, "geometry": {"type": "Point", "coordinates": [72.821694, 19.127964]}}, {"type": "Feature", "id": "obs-ANDHERI-SEG-081-7", "properties": {"roadId": "ANDHERI-SEG-081", "roadName": "Balasaheb Sawant Road", "condition": "CRITICAL", "color": "#ef4444", "score": 29}, "geometry": {"type": "Point", "coordinates": [72.821719, 19.127605]}}, {"type": "Feature", "id": "obs-ANDHERI-SEG-081-8", "properties": {"roadId": "ANDHERI-SEG-081", "roadName": "Balasaheb Sawant Road", "condition": "CRITICAL", "color": "#ef4444", "score": 29}, "geometry": {"type": "Point", "coordinates": [72.821791, 19.127254]}}, {"type": "Feature", "id": "obs-ANDHERI-SEG-081-9", "properties": {"roadId": "ANDHERI-SEG-081", "roadName": "Balasaheb Sawant Road", "condition": "CRITICAL", "color": "#ef4444", "score": 29}, "geometry": {"type": "Point", "coordinates": [72.821916, 19.126914]}}, {"type": "Feature", "id": "obs-ANDHERI-SEG-081-10", "properties": {"roadId": "ANDHERI-SEG-081", "roadName": "Balasaheb Sawant Road", "condition": "CRITICAL", "color": "#ef4444", "score": 29}, "geometry": {"type": "Point", "coordinates": [72.822023, 19.12657]}}, {"type": "Feature", "id": "obs-ANDHERI-SEG-081-11", "properties": {"roadId": "ANDHERI-SEG-081", "roadName": "Balasaheb Sawant Road", "condition": "CRITICAL", "color": "#ef4444", "score": 29}, "geometry": {"type": "Point", "coordinates": [72.8220315, 19.1265356]}}, {"type": "Feature", "id": "obs-ANDHERI-SEG-082-0", "properties": {"roadId": "ANDHERI-SEG-082", "roadName": "Balasaheb Sawant Road", "condition": "CRITICAL", "color": "#ef4444", "score": 42}, "geometry": {"type": "Point", "coordinates": [72.8219528, 19.1264375]}}, {"type": "Feature", "id": "obs-ANDHERI-SEG-082-1", "properties": {"roadId": "ANDHERI-SEG-082", "roadName": "Balasaheb Sawant Road", "condition": "POOR", "color": "#f97316", "score": 42}, "geometry": {"type": "Point", "coordinates": [72.821836, 19.12678]}}, {"type": "Feature", "id": "obs-ANDHERI-SEG-082-2", "properties": {"roadId": "ANDHERI-SEG-082", "roadName": "Balasaheb Sawant Road", "condition": "POOR", "color": "#f97316", "score": 42}, "geometry": {"type": "Point", "coordinates": [72.821726, 19.127124]}}, {"type": "Feature", "id": "obs-ANDHERI-SEG-082-3", "properties": {"roadId": "ANDHERI-SEG-082", "roadName": "Balasaheb Sawant Road", "condition": "CRITICAL", "color": "#ef4444", "score": 42}, "geometry": {"type": "Point", "coordinates": [72.821634, 19.127473]}}, {"type": "Feature", "id": "obs-ANDHERI-SEG-082-4", "properties": {"roadId": "ANDHERI-SEG-082", "roadName": "Balasaheb Sawant Road", "condition": "POOR", "color": "#f97316", "score": 42}, "geometry": {"type": "Point", "coordinates": [72.821597, 19.12783]}}, {"type": "Feature", "id": "obs-ANDHERI-SEG-082-5", "properties": {"roadId": "ANDHERI-SEG-082", "roadName": "Balasaheb Sawant Road", "condition": "POOR", "color": "#f97316", "score": 42}, "geometry": {"type": "Point", "coordinates": [72.821574, 19.128189]}}, {"type": "Feature", "id": "obs-ANDHERI-SEG-082-6", "properties": {"roadId": "ANDHERI-SEG-082", "roadName": "Balasaheb Sawant Road", "condition": "CRITICAL", "color": "#ef4444", "score": 42}, "geometry": {"type": "Point", "coordinates": [72.821541, 19.128546]}}, {"type": "Feature", "id": "obs-ANDHERI-SEG-082-7", "properties": {"roadId": "ANDHERI-SEG-082", "roadName": "Balasaheb Sawant Road", "condition": "POOR", "color": "#f97316", "score": 42}, "geometry": {"type": "Point", "coordinates": [72.821656, 19.128888]}}, {"type": "Feature", "id": "obs-ANDHERI-SEG-082-8", "properties": {"roadId": "ANDHERI-SEG-082", "roadName": "Balasaheb Sawant Road", "condition": "POOR", "color": "#f97316", "score": 42}, "geometry": {"type": "Point", "coordinates": [72.821775, 19.12923]}}, {"type": "Feature", "id": "obs-ANDHERI-SEG-082-9", "properties": {"roadId": "ANDHERI-SEG-082", "roadName": "Balasaheb Sawant Road", "condition": "CRITICAL", "color": "#ef4444", "score": 42}, "geometry": {"type": "Point", "coordinates": [72.821896, 19.129571]}}, {"type": "Feature", "id": "obs-ANDHERI-SEG-082-10", "properties": {"roadId": "ANDHERI-SEG-082", "roadName": "Balasaheb Sawant Road", "condition": "POOR", "color": "#f97316", "score": 42}, "geometry": {"type": "Point", "coordinates": [72.822016, 19.129912]}}, {"type": "Feature", "id": "obs-ANDHERI-SEG-082-11", "properties": {"roadId": "ANDHERI-SEG-082", "roadName": "Balasaheb Sawant Road", "condition": "POOR", "color": "#f97316", "score": 42}, "geometry": {"type": "Point", "coordinates": [72.8220657, 19.1300543]}}, {"type": "Feature", "id": "obs-ANDHERI-SEG-083-0", "properties": {"roadId": "ANDHERI-SEG-083", "roadName": "Kamalakar Pant Walawalkar Marg", "condition": "HEALTHY", "color": "#10b981", "score": 79}, "geometry": {"type": "Point", "coordinates": [72.8298179, 19.1166528]}}, {"type": "Feature", "id": "obs-ANDHERI-SEG-083-1", "properties": {"roadId": "ANDHERI-SEG-083", "roadName": "Kamalakar Pant Walawalkar Marg", "condition": "HEALTHY", "color": "#10b981", "score": 79}, "geometry": {"type": "Point", "coordinates": [72.829802, 19.117012]}}, {"type": "Feature", "id": "obs-ANDHERI-SEG-083-2", "properties": {"roadId": "ANDHERI-SEG-083", "roadName": "Kamalakar Pant Walawalkar Marg", "condition": "HEALTHY", "color": "#10b981", "score": 79}, "geometry": {"type": "Point", "coordinates": [72.8297993, 19.1170677]}}, {"type": "Feature", "id": "obs-ANDHERI-SEG-084-0", "properties": {"roadId": "ANDHERI-SEG-084", "roadName": "Parulekar Road", "condition": "POOR", "color": "#f97316", "score": 65}, "geometry": {"type": "Point", "coordinates": [72.8290622, 19.1121321]}}, {"type": "Feature", "id": "obs-ANDHERI-SEG-084-1", "properties": {"roadId": "ANDHERI-SEG-084", "roadName": "Parulekar Road", "condition": "WATCH", "color": "#eab308", "score": 65}, "geometry": {"type": "Point", "coordinates": [72.829382, 19.111938]}}, {"type": "Feature", "id": "obs-ANDHERI-SEG-084-2", "properties": {"roadId": "ANDHERI-SEG-084", "roadName": "Parulekar Road", "condition": "WATCH", "color": "#eab308", "score": 65}, "geometry": {"type": "Point", "coordinates": [72.829703, 19.111743]}}, {"type": "Feature", "id": "obs-ANDHERI-SEG-084-3", "properties": {"roadId": "ANDHERI-SEG-084", "roadName": "Parulekar Road", "condition": "WATCH", "color": "#eab308", "score": 65}, "geometry": {"type": "Point", "coordinates": [72.8299606, 19.1115899]}}, {"type": "Feature", "id": "obs-ANDHERI-SEG-085-0", "properties": {"roadId": "ANDHERI-SEG-085", "roadName": "Jai Prakash Road", "condition": "HEALTHY", "color": "#10b981", "score": 88}, "geometry": {"type": "Point", "coordinates": [72.8420091, 19.1242231]}}, {"type": "Feature", "id": "obs-ANDHERI-SEG-085-1", "properties": {"roadId": "ANDHERI-SEG-085", "roadName": "Jai Prakash Road", "condition": "HEALTHY", "color": "#10b981", "score": 88}, "geometry": {"type": "Point", "coordinates": [72.841828, 19.124539]}}, {"type": "Feature", "id": "obs-ANDHERI-SEG-085-2", "properties": {"roadId": "ANDHERI-SEG-085", "roadName": "Jai Prakash Road", "condition": "HEALTHY", "color": "#10b981", "score": 88}, "geometry": {"type": "Point", "coordinates": [72.841689, 19.124873]}}, {"type": "Feature", "id": "obs-ANDHERI-SEG-085-3", "properties": {"roadId": "ANDHERI-SEG-085", "roadName": "Jai Prakash Road", "condition": "HEALTHY", "color": "#10b981", "score": 88}, "geometry": {"type": "Point", "coordinates": [72.841529, 19.125199]}}, {"type": "Feature", "id": "obs-ANDHERI-SEG-085-4", "properties": {"roadId": "ANDHERI-SEG-085", "roadName": "Jai Prakash Road", "condition": "HEALTHY", "color": "#10b981", "score": 88}, "geometry": {"type": "Point", "coordinates": [72.841314, 19.125493]}}, {"type": "Feature", "id": "obs-ANDHERI-SEG-085-5", "properties": {"roadId": "ANDHERI-SEG-085", "roadName": "Jai Prakash Road", "condition": "HEALTHY", "color": "#10b981", "score": 88}, "geometry": {"type": "Point", "coordinates": [72.841041, 19.125743]}}, {"type": "Feature", "id": "obs-ANDHERI-SEG-085-6", "properties": {"roadId": "ANDHERI-SEG-085", "roadName": "Jai Prakash Road", "condition": "HEALTHY", "color": "#10b981", "score": 88}, "geometry": {"type": "Point", "coordinates": [72.840731, 19.125951]}}, {"type": "Feature", "id": "obs-ANDHERI-SEG-085-7", "properties": {"roadId": "ANDHERI-SEG-085", "roadName": "Jai Prakash Road", "condition": "HEALTHY", "color": "#10b981", "score": 88}, "geometry": {"type": "Point", "coordinates": [72.840391, 19.12611]}}, {"type": "Feature", "id": "obs-ANDHERI-SEG-085-8", "properties": {"roadId": "ANDHERI-SEG-085", "roadName": "Jai Prakash Road", "condition": "HEALTHY", "color": "#10b981", "score": 88}, "geometry": {"type": "Point", "coordinates": [72.840036, 19.126241]}}, {"type": "Feature", "id": "obs-ANDHERI-SEG-085-9", "properties": {"roadId": "ANDHERI-SEG-085", "roadName": "Jai Prakash Road", "condition": "HEALTHY", "color": "#10b981", "score": 88}, "geometry": {"type": "Point", "coordinates": [72.8397117, 19.1263369]}}, {"type": "Feature", "id": "obs-ANDHERI-SEG-086-0", "properties": {"roadId": "ANDHERI-SEG-086", "roadName": "Tertiary (1078157896)", "condition": "HEALTHY", "color": "#10b981", "score": 82}, "geometry": {"type": "Point", "coordinates": [72.8375499, 19.1316307]}}, {"type": "Feature", "id": "obs-ANDHERI-SEG-086-1", "properties": {"roadId": "ANDHERI-SEG-086", "roadName": "Tertiary (1078157896)", "condition": "HEALTHY", "color": "#10b981", "score": 82}, "geometry": {"type": "Point", "coordinates": [72.837544, 19.13199]}}, {"type": "Feature", "id": "obs-ANDHERI-SEG-086-2", "properties": {"roadId": "ANDHERI-SEG-086", "roadName": "Tertiary (1078157896)", "condition": "HEALTHY", "color": "#10b981", "score": 82}, "geometry": {"type": "Point", "coordinates": [72.837543, 19.13235]}}, {"type": "Feature", "id": "obs-ANDHERI-SEG-086-3", "properties": {"roadId": "ANDHERI-SEG-086", "roadName": "Tertiary (1078157896)", "condition": "HEALTHY", "color": "#10b981", "score": 82}, "geometry": {"type": "Point", "coordinates": [72.837559, 19.132709]}}, {"type": "Feature", "id": "obs-ANDHERI-SEG-086-4", "properties": {"roadId": "ANDHERI-SEG-086", "roadName": "Tertiary (1078157896)", "condition": "HEALTHY", "color": "#10b981", "score": 82}, "geometry": {"type": "Point", "coordinates": [72.837574, 19.133069]}}, {"type": "Feature", "id": "obs-ANDHERI-SEG-086-5", "properties": {"roadId": "ANDHERI-SEG-086", "roadName": "Tertiary (1078157896)", "condition": "HEALTHY", "color": "#10b981", "score": 82}, "geometry": {"type": "Point", "coordinates": [72.837582, 19.133429]}}, {"type": "Feature", "id": "obs-ANDHERI-SEG-086-6", "properties": {"roadId": "ANDHERI-SEG-086", "roadName": "Tertiary (1078157896)", "condition": "HEALTHY", "color": "#10b981", "score": 82}, "geometry": {"type": "Point", "coordinates": [72.837588, 19.133788]}}, {"type": "Feature", "id": "obs-ANDHERI-SEG-086-7", "properties": {"roadId": "ANDHERI-SEG-086", "roadName": "Tertiary (1078157896)", "condition": "HEALTHY", "color": "#10b981", "score": 82}, "geometry": {"type": "Point", "coordinates": [72.837591, 19.134148]}}, {"type": "Feature", "id": "obs-ANDHERI-SEG-086-8", "properties": {"roadId": "ANDHERI-SEG-086", "roadName": "Tertiary (1078157896)", "condition": "HEALTHY", "color": "#10b981", "score": 82}, "geometry": {"type": "Point", "coordinates": [72.837591, 19.134508]}}, {"type": "Feature", "id": "obs-ANDHERI-SEG-086-9", "properties": {"roadId": "ANDHERI-SEG-086", "roadName": "Tertiary (1078157896)", "condition": "HEALTHY", "color": "#10b981", "score": 82}, "geometry": {"type": "Point", "coordinates": [72.837589, 19.134867]}}, {"type": "Feature", "id": "obs-ANDHERI-SEG-086-10", "properties": {"roadId": "ANDHERI-SEG-086", "roadName": "Tertiary (1078157896)", "condition": "HEALTHY", "color": "#10b981", "score": 82}, "geometry": {"type": "Point", "coordinates": [72.837558, 19.135226]}}, {"type": "Feature", "id": "obs-ANDHERI-SEG-086-11", "properties": {"roadId": "ANDHERI-SEG-086", "roadName": "Tertiary (1078157896)", "condition": "HEALTHY", "color": "#10b981", "score": 82}, "geometry": {"type": "Point", "coordinates": [72.837524, 19.135584]}}, {"type": "Feature", "id": "obs-ANDHERI-SEG-086-12", "properties": {"roadId": "ANDHERI-SEG-086", "roadName": "Tertiary (1078157896)", "condition": "HEALTHY", "color": "#10b981", "score": 82}, "geometry": {"type": "Point", "coordinates": [72.83749, 19.135942]}}, {"type": "Feature", "id": "obs-ANDHERI-SEG-086-13", "properties": {"roadId": "ANDHERI-SEG-086", "roadName": "Tertiary (1078157896)", "condition": "HEALTHY", "color": "#10b981", "score": 82}, "geometry": {"type": "Point", "coordinates": [72.837457, 19.136301]}}, {"type": "Feature", "id": "obs-ANDHERI-SEG-086-14", "properties": {"roadId": "ANDHERI-SEG-086", "roadName": "Tertiary (1078157896)", "condition": "HEALTHY", "color": "#10b981", "score": 82}, "geometry": {"type": "Point", "coordinates": [72.837433, 19.13666]}}, {"type": "Feature", "id": "obs-ANDHERI-SEG-086-15", "properties": {"roadId": "ANDHERI-SEG-086", "roadName": "Tertiary (1078157896)", "condition": "HEALTHY", "color": "#10b981", "score": 82}, "geometry": {"type": "Point", "coordinates": [72.837398, 19.137015]}}, {"type": "Feature", "id": "obs-ANDHERI-SEG-086-16", "properties": {"roadId": "ANDHERI-SEG-086", "roadName": "Tertiary (1078157896)", "condition": "HEALTHY", "color": "#10b981", "score": 82}, "geometry": {"type": "Point", "coordinates": [72.837295, 19.137362]}}, {"type": "Feature", "id": "obs-ANDHERI-SEG-086-17", "properties": {"roadId": "ANDHERI-SEG-086", "roadName": "Tertiary (1078157896)", "condition": "HEALTHY", "color": "#10b981", "score": 82}, "geometry": {"type": "Point", "coordinates": [72.837192, 19.137708]}}, {"type": "Feature", "id": "obs-ANDHERI-SEG-086-18", "properties": {"roadId": "ANDHERI-SEG-086", "roadName": "Tertiary (1078157896)", "condition": "HEALTHY", "color": "#10b981", "score": 82}, "geometry": {"type": "Point", "coordinates": [72.837141, 19.138063]}}, {"type": "Feature", "id": "obs-ANDHERI-SEG-086-19", "properties": {"roadId": "ANDHERI-SEG-086", "roadName": "Tertiary (1078157896)", "condition": "HEALTHY", "color": "#10b981", "score": 82}, "geometry": {"type": "Point", "coordinates": [72.837134, 19.138423]}}, {"type": "Feature", "id": "obs-ANDHERI-SEG-086-20", "properties": {"roadId": "ANDHERI-SEG-086", "roadName": "Tertiary (1078157896)", "condition": "HEALTHY", "color": "#10b981", "score": 82}, "geometry": {"type": "Point", "coordinates": [72.837144, 19.138783]}}, {"type": "Feature", "id": "obs-ANDHERI-SEG-086-21", "properties": {"roadId": "ANDHERI-SEG-086", "roadName": "Tertiary (1078157896)", "condition": "HEALTHY", "color": "#10b981", "score": 82}, "geometry": {"type": "Point", "coordinates": [72.837162, 19.139142]}}, {"type": "Feature", "id": "obs-ANDHERI-SEG-086-22", "properties": {"roadId": "ANDHERI-SEG-086", "roadName": "Tertiary (1078157896)", "condition": "HEALTHY", "color": "#10b981", "score": 82}, "geometry": {"type": "Point", "coordinates": [72.837179, 19.139501]}}, {"type": "Feature", "id": "obs-ANDHERI-SEG-086-23", "properties": {"roadId": "ANDHERI-SEG-086", "roadName": "Tertiary (1078157896)", "condition": "HEALTHY", "color": "#10b981", "score": 82}, "geometry": {"type": "Point", "coordinates": [72.837197, 19.139861]}}, {"type": "Feature", "id": "obs-ANDHERI-SEG-086-24", "properties": {"roadId": "ANDHERI-SEG-086", "roadName": "Tertiary (1078157896)", "condition": "HEALTHY", "color": "#10b981", "score": 82}, "geometry": {"type": "Point", "coordinates": [72.837214, 19.14022]}}, {"type": "Feature", "id": "obs-ANDHERI-SEG-086-25", "properties": {"roadId": "ANDHERI-SEG-086", "roadName": "Tertiary (1078157896)", "condition": "HEALTHY", "color": "#10b981", "score": 82}, "geometry": {"type": "Point", "coordinates": [72.8371908, 19.140433]}}, {"type": "Feature", "id": "obs-ANDHERI-SEG-087-0", "properties": {"roadId": "ANDHERI-SEG-087", "roadName": "Tertiary (1090898709)", "condition": "POOR", "color": "#f97316", "score": 68}, "geometry": {"type": "Point", "coordinates": [72.8289398, 19.1122059]}}, {"type": "Feature", "id": "obs-ANDHERI-SEG-087-1", "properties": {"roadId": "ANDHERI-SEG-087", "roadName": "Tertiary (1090898709)", "condition": "WATCH", "color": "#eab308", "score": 68}, "geometry": {"type": "Point", "coordinates": [72.828613, 19.112361]}}, {"type": "Feature", "id": "obs-ANDHERI-SEG-087-2", "properties": {"roadId": "ANDHERI-SEG-087", "roadName": "Tertiary (1090898709)", "condition": "WATCH", "color": "#eab308", "score": 68}, "geometry": {"type": "Point", "coordinates": [72.828311, 19.112581]}}, {"type": "Feature", "id": "obs-ANDHERI-SEG-087-3", "properties": {"roadId": "ANDHERI-SEG-087", "roadName": "Tertiary (1090898709)", "condition": "WATCH", "color": "#eab308", "score": 68}, "geometry": {"type": "Point", "coordinates": [72.8281298, 19.1127122]}}, {"type": "Feature", "id": "obs-ANDHERI-SEG-088-0", "properties": {"roadId": "ANDHERI-SEG-088", "roadName": "Comrade Shamrao Parulekar Marg", "condition": "HEALTHY", "color": "#10b981", "score": 91}, "geometry": {"type": "Point", "coordinates": [72.8290622, 19.1121321]}}, {"type": "Feature", "id": "obs-ANDHERI-SEG-088-1", "properties": {"roadId": "ANDHERI-SEG-088", "roadName": "Comrade Shamrao Parulekar Marg", "condition": "HEALTHY", "color": "#10b981", "score": 91}, "geometry": {"type": "Point", "coordinates": [72.82885, 19.111835]}}, {"type": "Feature", "id": "obs-ANDHERI-SEG-088-2", "properties": {"roadId": "ANDHERI-SEG-088", "roadName": "Comrade Shamrao Parulekar Marg", "condition": "HEALTHY", "color": "#10b981", "score": 91}, "geometry": {"type": "Point", "coordinates": [72.828603, 19.111561]}}, {"type": "Feature", "id": "obs-ANDHERI-SEG-088-3", "properties": {"roadId": "ANDHERI-SEG-088", "roadName": "Comrade Shamrao Parulekar Marg", "condition": "HEALTHY", "color": "#10b981", "score": 91}, "geometry": {"type": "Point", "coordinates": [72.828357, 19.111287]}}, {"type": "Feature", "id": "obs-ANDHERI-SEG-088-4", "properties": {"roadId": "ANDHERI-SEG-088", "roadName": "Comrade Shamrao Parulekar Marg", "condition": "HEALTHY", "color": "#10b981", "score": 91}, "geometry": {"type": "Point", "coordinates": [72.828127, 19.111001]}}, {"type": "Feature", "id": "obs-ANDHERI-SEG-088-5", "properties": {"roadId": "ANDHERI-SEG-088", "roadName": "Comrade Shamrao Parulekar Marg", "condition": "HEALTHY", "color": "#10b981", "score": 91}, "geometry": {"type": "Point", "coordinates": [72.827924, 19.110697]}}, {"type": "Feature", "id": "obs-ANDHERI-SEG-088-6", "properties": {"roadId": "ANDHERI-SEG-088", "roadName": "Comrade Shamrao Parulekar Marg", "condition": "HEALTHY", "color": "#10b981", "score": 91}, "geometry": {"type": "Point", "coordinates": [72.82772, 19.110393]}}, {"type": "Feature", "id": "obs-ANDHERI-SEG-088-7", "properties": {"roadId": "ANDHERI-SEG-088", "roadName": "Comrade Shamrao Parulekar Marg", "condition": "HEALTHY", "color": "#10b981", "score": 91}, "geometry": {"type": "Point", "coordinates": [72.827516, 19.11009]}}, {"type": "Feature", "id": "obs-ANDHERI-SEG-088-8", "properties": {"roadId": "ANDHERI-SEG-088", "roadName": "Comrade Shamrao Parulekar Marg", "condition": "HEALTHY", "color": "#10b981", "score": 91}, "geometry": {"type": "Point", "coordinates": [72.827322, 19.10978]}}, {"type": "Feature", "id": "obs-ANDHERI-SEG-088-9", "properties": {"roadId": "ANDHERI-SEG-088", "roadName": "Comrade Shamrao Parulekar Marg", "condition": "HEALTHY", "color": "#10b981", "score": 91}, "geometry": {"type": "Point", "coordinates": [72.827123, 19.109474]}}, {"type": "Feature", "id": "obs-ANDHERI-SEG-088-10", "properties": {"roadId": "ANDHERI-SEG-088", "roadName": "Comrade Shamrao Parulekar Marg", "condition": "HEALTHY", "color": "#10b981", "score": 91}, "geometry": {"type": "Point", "coordinates": [72.826932, 19.109163]}}, {"type": "Feature", "id": "obs-ANDHERI-SEG-088-11", "properties": {"roadId": "ANDHERI-SEG-088", "roadName": "Comrade Shamrao Parulekar Marg", "condition": "HEALTHY", "color": "#10b981", "score": 91}, "geometry": {"type": "Point", "coordinates": [72.82678, 19.108837]}}, {"type": "Feature", "id": "obs-ANDHERI-SEG-088-12", "properties": {"roadId": "ANDHERI-SEG-088", "roadName": "Comrade Shamrao Parulekar Marg", "condition": "HEALTHY", "color": "#10b981", "score": 91}, "geometry": {"type": "Point", "coordinates": [72.82677, 19.108481]}}, {"type": "Feature", "id": "obs-ANDHERI-SEG-088-13", "properties": {"roadId": "ANDHERI-SEG-088", "roadName": "Comrade Shamrao Parulekar Marg", "condition": "HEALTHY", "color": "#10b981", "score": 91}, "geometry": {"type": "Point", "coordinates": [72.8267803, 19.1083714]}}, {"type": "Feature", "id": "obs-ANDHERI-SEG-089-0", "properties": {"roadId": "ANDHERI-SEG-089", "roadName": "Swami Vivekanand Road", "condition": "POOR", "color": "#f97316", "score": 64}, "geometry": {"type": "Point", "coordinates": [72.8410916, 19.1104498]}}, {"type": "Feature", "id": "obs-ANDHERI-SEG-089-1", "properties": {"roadId": "ANDHERI-SEG-089", "roadName": "Swami Vivekanand Road", "condition": "WATCH", "color": "#eab308", "score": 64}, "geometry": {"type": "Point", "coordinates": [72.840991, 19.110103]}}, {"type": "Feature", "id": "obs-ANDHERI-SEG-089-2", "properties": {"roadId": "ANDHERI-SEG-089", "roadName": "Swami Vivekanand Road", "condition": "WATCH", "color": "#eab308", "score": 64}, "geometry": {"type": "Point", "coordinates": [72.840889, 19.109756]}}, {"type": "Feature", "id": "obs-ANDHERI-SEG-089-3", "properties": {"roadId": "ANDHERI-SEG-089", "roadName": "Swami Vivekanand Road", "condition": "WATCH", "color": "#eab308", "score": 64}, "geometry": {"type": "Point", "coordinates": [72.840786, 19.10941]}}, {"type": "Feature", "id": "obs-ANDHERI-SEG-089-4", "properties": {"roadId": "ANDHERI-SEG-089", "roadName": "Swami Vivekanand Road", "condition": "POOR", "color": "#f97316", "score": 64}, "geometry": {"type": "Point", "coordinates": [72.840684, 19.109063]}}, {"type": "Feature", "id": "obs-ANDHERI-SEG-089-5", "properties": {"roadId": "ANDHERI-SEG-089", "roadName": "Swami Vivekanand Road", "condition": "WATCH", "color": "#eab308", "score": 64}, "geometry": {"type": "Point", "coordinates": [72.840582, 19.108717]}}, {"type": "Feature", "id": "obs-ANDHERI-SEG-089-6", "properties": {"roadId": "ANDHERI-SEG-089", "roadName": "Swami Vivekanand Road", "condition": "WATCH", "color": "#eab308", "score": 64}, "geometry": {"type": "Point", "coordinates": [72.840493, 19.108367]}}, {"type": "Feature", "id": "obs-ANDHERI-SEG-089-7", "properties": {"roadId": "ANDHERI-SEG-089", "roadName": "Swami Vivekanand Road", "condition": "WATCH", "color": "#eab308", "score": 64}, "geometry": {"type": "Point", "coordinates": [72.840407, 19.108017]}}, {"type": "Feature", "id": "obs-ANDHERI-SEG-089-8", "properties": {"roadId": "ANDHERI-SEG-089", "roadName": "Swami Vivekanand Road", "condition": "POOR", "color": "#f97316", "score": 64}, "geometry": {"type": "Point", "coordinates": [72.84031, 19.107669]}}, {"type": "Feature", "id": "obs-ANDHERI-SEG-089-9", "properties": {"roadId": "ANDHERI-SEG-089", "roadName": "Swami Vivekanand Road", "condition": "WATCH", "color": "#eab308", "score": 64}, "geometry": {"type": "Point", "coordinates": [72.840211, 19.107321]}}, {"type": "Feature", "id": "obs-ANDHERI-SEG-089-10", "properties": {"roadId": "ANDHERI-SEG-089", "roadName": "Swami Vivekanand Road", "condition": "WATCH", "color": "#eab308", "score": 64}, "geometry": {"type": "Point", "coordinates": [72.840116, 19.106973]}}, {"type": "Feature", "id": "obs-ANDHERI-SEG-089-11", "properties": {"roadId": "ANDHERI-SEG-089", "roadName": "Swami Vivekanand Road", "condition": "WATCH", "color": "#eab308", "score": 64}, "geometry": {"type": "Point", "coordinates": [72.840022, 19.106625]}}, {"type": "Feature", "id": "obs-ANDHERI-SEG-089-12", "properties": {"roadId": "ANDHERI-SEG-089", "roadName": "Swami Vivekanand Road", "condition": "POOR", "color": "#f97316", "score": 64}, "geometry": {"type": "Point", "coordinates": [72.839927, 19.106276]}}, {"type": "Feature", "id": "obs-ANDHERI-SEG-089-13", "properties": {"roadId": "ANDHERI-SEG-089", "roadName": "Swami Vivekanand Road", "condition": "WATCH", "color": "#eab308", "score": 64}, "geometry": {"type": "Point", "coordinates": [72.8398534, 19.1060055]}}, {"type": "Feature", "id": "obs-ANDHERI-SEG-090-0", "properties": {"roadId": "ANDHERI-SEG-090", "roadName": "Barfiwala Flyover", "condition": "CRITICAL", "color": "#ef4444", "score": 46}, "geometry": {"type": "Point", "coordinates": [72.8405535, 19.1162836]}}, {"type": "Feature", "id": "obs-ANDHERI-SEG-090-1", "properties": {"roadId": "ANDHERI-SEG-090", "roadName": "Barfiwala Flyover", "condition": "POOR", "color": "#f97316", "score": 46}, "geometry": {"type": "Point", "coordinates": [72.840934, 19.116296]}}, {"type": "Feature", "id": "obs-ANDHERI-SEG-090-2", "properties": {"roadId": "ANDHERI-SEG-090", "roadName": "Barfiwala Flyover", "condition": "POOR", "color": "#f97316", "score": 46}, "geometry": {"type": "Point", "coordinates": [72.841314, 19.116314]}}, {"type": "Feature", "id": "obs-ANDHERI-SEG-090-3", "properties": {"roadId": "ANDHERI-SEG-090", "roadName": "Barfiwala Flyover", "condition": "CRITICAL", "color": "#ef4444", "score": 46}, "geometry": {"type": "Point", "coordinates": [72.841695, 19.116328]}}, {"type": "Feature", "id": "obs-ANDHERI-SEG-090-4", "properties": {"roadId": "ANDHERI-SEG-090", "roadName": "Barfiwala Flyover", "condition": "POOR", "color": "#f97316", "score": 46}, "geometry": {"type": "Point", "coordinates": [72.8419577, 19.1163277]}}, {"type": "Feature", "id": "obs-ANDHERI-SEG-091-0", "properties": {"roadId": "ANDHERI-SEG-091", "roadName": "Ceasar Road", "condition": "HEALTHY", "color": "#10b981", "score": 85}, "geometry": {"type": "Point", "coordinates": [72.8396545, 19.1264983]}}, {"type": "Feature", "id": "obs-ANDHERI-SEG-091-1", "properties": {"roadId": "ANDHERI-SEG-091", "roadName": "Ceasar Road", "condition": "HEALTHY", "color": "#10b981", "score": 85}, "geometry": {"type": "Point", "coordinates": [72.839798, 19.126832]}}, {"type": "Feature", "id": "obs-ANDHERI-SEG-091-2", "properties": {"roadId": "ANDHERI-SEG-091", "roadName": "Ceasar Road", "condition": "HEALTHY", "color": "#10b981", "score": 85}, "geometry": {"type": "Point", "coordinates": [72.840023, 19.127116]}}, {"type": "Feature", "id": "obs-ANDHERI-SEG-091-3", "properties": {"roadId": "ANDHERI-SEG-091", "roadName": "Ceasar Road", "condition": "HEALTHY", "color": "#10b981", "score": 85}, "geometry": {"type": "Point", "coordinates": [72.8400664, 19.1271487]}}, {"type": "Feature", "id": "obs-ANDHERI-SEG-092-0", "properties": {"roadId": "ANDHERI-SEG-092", "roadName": "Parulekar Road", "condition": "POOR", "color": "#f97316", "score": 71}, "geometry": {"type": "Point", "coordinates": [72.8281298, 19.1127122]}}, {"type": "Feature", "id": "obs-ANDHERI-SEG-092-1", "properties": {"roadId": "ANDHERI-SEG-092", "roadName": "Parulekar Road", "condition": "WATCH", "color": "#eab308", "score": 71}, "geometry": {"type": "Point", "coordinates": [72.827903, 19.112997]}}, {"type": "Feature", "id": "obs-ANDHERI-SEG-092-2", "properties": {"roadId": "ANDHERI-SEG-092", "roadName": "Parulekar Road", "condition": "WATCH", "color": "#eab308", "score": 71}, "geometry": {"type": "Point", "coordinates": [72.827748, 19.113326]}}, {"type": "Feature", "id": "obs-ANDHERI-SEG-092-3", "properties": {"roadId": "ANDHERI-SEG-092", "roadName": "Parulekar Road", "condition": "WATCH", "color": "#eab308", "score": 71}, "geometry": {"type": "Point", "coordinates": [72.8277427, 19.1135671]}}, {"type": "Feature", "id": "obs-ANDHERI-SEG-093-0", "properties": {"roadId": "ANDHERI-SEG-093", "roadName": "Tertiary (1123844593)", "condition": "CRITICAL", "color": "#ef4444", "score": 29}, "geometry": {"type": "Point", "coordinates": [72.8277427, 19.1135671]}}, {"type": "Feature", "id": "obs-ANDHERI-SEG-093-1", "properties": {"roadId": "ANDHERI-SEG-093", "roadName": "Tertiary (1123844593)", "condition": "CRITICAL", "color": "#ef4444", "score": 29}, "geometry": {"type": "Point", "coordinates": [72.827897, 19.113252]}}, {"type": "Feature", "id": "obs-ANDHERI-SEG-093-2", "properties": {"roadId": "ANDHERI-SEG-093", "roadName": "Tertiary (1123844593)", "condition": "CRITICAL", "color": "#ef4444", "score": 29}, "geometry": {"type": "Point", "coordinates": [72.828081, 19.112938]}}, {"type": "Feature", "id": "obs-ANDHERI-SEG-093-3", "properties": {"roadId": "ANDHERI-SEG-093", "roadName": "Tertiary (1123844593)", "condition": "CRITICAL", "color": "#ef4444", "score": 29}, "geometry": {"type": "Point", "coordinates": [72.8282777, 19.1127355]}}, {"type": "Feature", "id": "obs-ANDHERI-SEG-094-0", "properties": {"roadId": "ANDHERI-SEG-094", "roadName": "Tertiary (1124939122)", "condition": "CRITICAL", "color": "#ef4444", "score": 42}, "geometry": {"type": "Point", "coordinates": [72.8373088, 19.1270279]}}, {"type": "Feature", "id": "obs-ANDHERI-SEG-094-1", "properties": {"roadId": "ANDHERI-SEG-094", "roadName": "Tertiary (1124939122)", "condition": "POOR", "color": "#f97316", "score": 42}, "geometry": {"type": "Point", "coordinates": [72.837402, 19.127377]}}, {"type": "Feature", "id": "obs-ANDHERI-SEG-094-2", "properties": {"roadId": "ANDHERI-SEG-094", "roadName": "Tertiary (1124939122)", "condition": "POOR", "color": "#f97316", "score": 42}, "geometry": {"type": "Point", "coordinates": [72.837498, 19.127725]}}, {"type": "Feature", "id": "obs-ANDHERI-SEG-094-3", "properties": {"roadId": "ANDHERI-SEG-094", "roadName": "Tertiary (1124939122)", "condition": "CRITICAL", "color": "#ef4444", "score": 42}, "geometry": {"type": "Point", "coordinates": [72.837595, 19.128073]}}, {"type": "Feature", "id": "obs-ANDHERI-SEG-094-4", "properties": {"roadId": "ANDHERI-SEG-094", "roadName": "Tertiary (1124939122)", "condition": "POOR", "color": "#f97316", "score": 42}, "geometry": {"type": "Point", "coordinates": [72.83769, 19.128421]}}, {"type": "Feature", "id": "obs-ANDHERI-SEG-094-5", "properties": {"roadId": "ANDHERI-SEG-094", "roadName": "Tertiary (1124939122)", "condition": "POOR", "color": "#f97316", "score": 42}, "geometry": {"type": "Point", "coordinates": [72.8377071, 19.1285039]}}, {"type": "Feature", "id": "obs-ANDHERI-SEG-095-0", "properties": {"roadId": "ANDHERI-SEG-095", "roadName": "CD Barfiwala Road", "condition": "HEALTHY", "color": "#10b981", "score": 79}, "geometry": {"type": "Point", "coordinates": [72.8436046, 19.115953]}}, {"type": "Feature", "id": "obs-ANDHERI-SEG-095-1", "properties": {"roadId": "ANDHERI-SEG-095", "roadName": "CD Barfiwala Road", "condition": "HEALTHY", "color": "#10b981", "score": 79}, "geometry": {"type": "Point", "coordinates": [72.8434964, 19.116195]}}, {"type": "Feature", "id": "obs-ANDHERI-SEG-096-0", "properties": {"roadId": "ANDHERI-SEG-096", "roadName": "S Dnyaneshwar Marg", "condition": "POOR", "color": "#f97316", "score": 65}, "geometry": {"type": "Point", "coordinates": [72.8266843, 19.1144766]}}, {"type": "Feature", "id": "obs-ANDHERI-SEG-096-1", "properties": {"roadId": "ANDHERI-SEG-096", "roadName": "S Dnyaneshwar Marg", "condition": "WATCH", "color": "#eab308", "score": 65}, "geometry": {"type": "Point", "coordinates": [72.82669, 19.114835]}}, {"type": "Feature", "id": "obs-ANDHERI-SEG-096-2", "properties": {"roadId": "ANDHERI-SEG-096", "roadName": "S Dnyaneshwar Marg", "condition": "WATCH", "color": "#eab308", "score": 65}, "geometry": {"type": "Point", "coordinates": [72.8266147, 19.1150886]}}, {"type": "Feature", "id": "obs-ANDHERI-SEG-097-0", "properties": {"roadId": "ANDHERI-SEG-097", "roadName": "Tertiary (1138595345)", "condition": "HEALTHY", "color": "#10b981", "score": 88}, "geometry": {"type": "Point", "coordinates": [72.8292686, 19.1276035]}}, {"type": "Feature", "id": "obs-ANDHERI-SEG-097-1", "properties": {"roadId": "ANDHERI-SEG-097", "roadName": "Tertiary (1138595345)", "condition": "HEALTHY", "color": "#10b981", "score": 88}, "geometry": {"type": "Point", "coordinates": [72.829189, 19.127252]}}, {"type": "Feature", "id": "obs-ANDHERI-SEG-097-2", "properties": {"roadId": "ANDHERI-SEG-097", "roadName": "Tertiary (1138595345)", "condition": "HEALTHY", "color": "#10b981", "score": 88}, "geometry": {"type": "Point", "coordinates": [72.829113, 19.126899]}}, {"type": "Feature", "id": "obs-ANDHERI-SEG-097-3", "properties": {"roadId": "ANDHERI-SEG-097", "roadName": "Tertiary (1138595345)", "condition": "HEALTHY", "color": "#10b981", "score": 88}, "geometry": {"type": "Point", "coordinates": [72.829039, 19.126546]}}, {"type": "Feature", "id": "obs-ANDHERI-SEG-097-4", "properties": {"roadId": "ANDHERI-SEG-097", "roadName": "Tertiary (1138595345)", "condition": "HEALTHY", "color": "#10b981", "score": 88}, "geometry": {"type": "Point", "coordinates": [72.828966, 19.126193]}}, {"type": "Feature", "id": "obs-ANDHERI-SEG-097-5", "properties": {"roadId": "ANDHERI-SEG-097", "roadName": "Tertiary (1138595345)", "condition": "HEALTHY", "color": "#10b981", "score": 88}, "geometry": {"type": "Point", "coordinates": [72.828892, 19.12584]}}, {"type": "Feature", "id": "obs-ANDHERI-SEG-097-6", "properties": {"roadId": "ANDHERI-SEG-097", "roadName": "Tertiary (1138595345)", "condition": "HEALTHY", "color": "#10b981", "score": 88}, "geometry": {"type": "Point", "coordinates": [72.828813, 19.125489]}}, {"type": "Feature", "id": "obs-ANDHERI-SEG-097-7", "properties": {"roadId": "ANDHERI-SEG-097", "roadName": "Tertiary (1138595345)", "condition": "HEALTHY", "color": "#10b981", "score": 88}, "geometry": {"type": "Point", "coordinates": [72.828717, 19.125141]}}, {"type": "Feature", "id": "obs-ANDHERI-SEG-097-8", "properties": {"roadId": "ANDHERI-SEG-097", "roadName": "Tertiary (1138595345)", "condition": "HEALTHY", "color": "#10b981", "score": 88}, "geometry": {"type": "Point", "coordinates": [72.82862, 19.124793]}}, {"type": "Feature", "id": "obs-ANDHERI-SEG-097-9", "properties": {"roadId": "ANDHERI-SEG-097", "roadName": "Tertiary (1138595345)", "condition": "HEALTHY", "color": "#10b981", "score": 88}, "geometry": {"type": "Point", "coordinates": [72.828524, 19.124445]}}, {"type": "Feature", "id": "obs-ANDHERI-SEG-097-10", "properties": {"roadId": "ANDHERI-SEG-097", "roadName": "Tertiary (1138595345)", "condition": "HEALTHY", "color": "#10b981", "score": 88}, "geometry": {"type": "Point", "coordinates": [72.828433, 19.124096]}}, {"type": "Feature", "id": "obs-ANDHERI-SEG-097-11", "properties": {"roadId": "ANDHERI-SEG-097", "roadName": "Tertiary (1138595345)", "condition": "HEALTHY", "color": "#10b981", "score": 88}, "geometry": {"type": "Point", "coordinates": [72.8283689, 19.1239939]}}, {"type": "Feature", "id": "obs-ANDHERI-SEG-098-0", "properties": {"roadId": "ANDHERI-SEG-098", "roadName": "Bhai Bhagat Marg", "condition": "HEALTHY", "color": "#10b981", "score": 82}, "geometry": {"type": "Point", "coordinates": [72.8283689, 19.1239939]}}, {"type": "Feature", "id": "obs-ANDHERI-SEG-098-1", "properties": {"roadId": "ANDHERI-SEG-098", "roadName": "Bhai Bhagat Marg", "condition": "HEALTHY", "color": "#10b981", "score": 82}, "geometry": {"type": "Point", "coordinates": [72.828287, 19.123643]}}, {"type": "Feature", "id": "obs-ANDHERI-SEG-098-2", "properties": {"roadId": "ANDHERI-SEG-098", "roadName": "Bhai Bhagat Marg", "condition": "HEALTHY", "color": "#10b981", "score": 82}, "geometry": {"type": "Point", "coordinates": [72.8282864, 19.123642]}}, {"type": "Feature", "id": "obs-ANDHERI-SEG-099-0", "properties": {"roadId": "ANDHERI-SEG-099", "roadName": "Swami Vivekanand Road", "condition": "POOR", "color": "#f97316", "score": 68}, "geometry": {"type": "Point", "coordinates": [72.8403347, 19.1080892]}}, {"type": "Feature", "id": "obs-ANDHERI-SEG-099-1", "properties": {"roadId": "ANDHERI-SEG-099", "roadName": "Swami Vivekanand Road", "condition": "WATCH", "color": "#eab308", "score": 68}, "geometry": {"type": "Point", "coordinates": [72.840434, 19.108436]}}, {"type": "Feature", "id": "obs-ANDHERI-SEG-099-2", "properties": {"roadId": "ANDHERI-SEG-099", "roadName": "Swami Vivekanand Road", "condition": "WATCH", "color": "#eab308", "score": 68}, "geometry": {"type": "Point", "coordinates": [72.840535, 19.108783]}}, {"type": "Feature", "id": "obs-ANDHERI-SEG-099-3", "properties": {"roadId": "ANDHERI-SEG-099", "roadName": "Swami Vivekanand Road", "condition": "WATCH", "color": "#eab308", "score": 68}, "geometry": {"type": "Point", "coordinates": [72.840637, 19.10913]}}, {"type": "Feature", "id": "obs-ANDHERI-SEG-099-4", "properties": {"roadId": "ANDHERI-SEG-099", "roadName": "Swami Vivekanand Road", "condition": "POOR", "color": "#f97316", "score": 68}, "geometry": {"type": "Point", "coordinates": [72.84074, 19.109476]}}, {"type": "Feature", "id": "obs-ANDHERI-SEG-099-5", "properties": {"roadId": "ANDHERI-SEG-099", "roadName": "Swami Vivekanand Road", "condition": "WATCH", "color": "#eab308", "score": 68}, "geometry": {"type": "Point", "coordinates": [72.840843, 19.109823]}}, {"type": "Feature", "id": "obs-ANDHERI-SEG-099-6", "properties": {"roadId": "ANDHERI-SEG-099", "roadName": "Swami Vivekanand Road", "condition": "WATCH", "color": "#eab308", "score": 68}, "geometry": {"type": "Point", "coordinates": [72.840945, 19.110169]}}, {"type": "Feature", "id": "obs-ANDHERI-SEG-099-7", "properties": {"roadId": "ANDHERI-SEG-099", "roadName": "Swami Vivekanand Road", "condition": "WATCH", "color": "#eab308", "score": 68}, "geometry": {"type": "Point", "coordinates": [72.8410246, 19.1104442]}}, {"type": "Feature", "id": "obs-ANDHERI-SEG-100-0", "properties": {"roadId": "ANDHERI-SEG-100", "roadName": "Balasaheb Sawant Road", "condition": "HEALTHY", "color": "#10b981", "score": 91}, "geometry": {"type": "Point", "coordinates": [72.8297438, 19.1171745]}}, {"type": "Feature", "id": "obs-ANDHERI-SEG-100-1", "properties": {"roadId": "ANDHERI-SEG-100", "roadName": "Balasaheb Sawant Road", "condition": "HEALTHY", "color": "#10b981", "score": 91}, "geometry": {"type": "Point", "coordinates": [72.829502, 19.117453]}}, {"type": "Feature", "id": "obs-ANDHERI-SEG-100-2", "properties": {"roadId": "ANDHERI-SEG-100", "roadName": "Balasaheb Sawant Road", "condition": "HEALTHY", "color": "#10b981", "score": 91}, "geometry": {"type": "Point", "coordinates": [72.829262, 19.117731]}}, {"type": "Feature", "id": "obs-ANDHERI-SEG-100-3", "properties": {"roadId": "ANDHERI-SEG-100", "roadName": "Balasaheb Sawant Road", "condition": "HEALTHY", "color": "#10b981", "score": 91}, "geometry": {"type": "Point", "coordinates": [72.829021, 19.11801]}}, {"type": "Feature", "id": "obs-ANDHERI-SEG-100-4", "properties": {"roadId": "ANDHERI-SEG-100", "roadName": "Balasaheb Sawant Road", "condition": "HEALTHY", "color": "#10b981", "score": 91}, "geometry": {"type": "Point", "coordinates": [72.828775, 19.118284]}}, {"type": "Feature", "id": "obs-ANDHERI-SEG-100-5", "properties": {"roadId": "ANDHERI-SEG-100", "roadName": "Balasaheb Sawant Road", "condition": "HEALTHY", "color": "#10b981", "score": 91}, "geometry": {"type": "Point", "coordinates": [72.828529, 19.118559]}}, {"type": "Feature", "id": "obs-ANDHERI-SEG-100-6", "properties": {"roadId": "ANDHERI-SEG-100", "roadName": "Balasaheb Sawant Road", "condition": "HEALTHY", "color": "#10b981", "score": 91}, "geometry": {"type": "Point", "coordinates": [72.828283, 19.118834]}}, {"type": "Feature", "id": "obs-ANDHERI-SEG-100-7", "properties": {"roadId": "ANDHERI-SEG-100", "roadName": "Balasaheb Sawant Road", "condition": "HEALTHY", "color": "#10b981", "score": 91}, "geometry": {"type": "Point", "coordinates": [72.828037, 19.119108]}}, {"type": "Feature", "id": "obs-ANDHERI-SEG-100-8", "properties": {"roadId": "ANDHERI-SEG-100", "roadName": "Balasaheb Sawant Road", "condition": "HEALTHY", "color": "#10b981", "score": 91}, "geometry": {"type": "Point", "coordinates": [72.827792, 19.119383]}}, {"type": "Feature", "id": "obs-ANDHERI-SEG-100-9", "properties": {"roadId": "ANDHERI-SEG-100", "roadName": "Balasaheb Sawant Road", "condition": "HEALTHY", "color": "#10b981", "score": 91}, "geometry": {"type": "Point", "coordinates": [72.827544, 19.119656]}}, {"type": "Feature", "id": "obs-ANDHERI-SEG-100-10", "properties": {"roadId": "ANDHERI-SEG-100", "roadName": "Balasaheb Sawant Road", "condition": "HEALTHY", "color": "#10b981", "score": 91}, "geometry": {"type": "Point", "coordinates": [72.827288, 19.119923]}}, {"type": "Feature", "id": "obs-ANDHERI-SEG-100-11", "properties": {"roadId": "ANDHERI-SEG-100", "roadName": "Balasaheb Sawant Road", "condition": "HEALTHY", "color": "#10b981", "score": 91}, "geometry": {"type": "Point", "coordinates": [72.827048, 19.120202]}}, {"type": "Feature", "id": "obs-ANDHERI-SEG-100-12", "properties": {"roadId": "ANDHERI-SEG-100", "roadName": "Balasaheb Sawant Road", "condition": "HEALTHY", "color": "#10b981", "score": 91}, "geometry": {"type": "Point", "coordinates": [72.826807, 19.120481]}}, {"type": "Feature", "id": "obs-ANDHERI-SEG-100-13", "properties": {"roadId": "ANDHERI-SEG-100", "roadName": "Balasaheb Sawant Road", "condition": "HEALTHY", "color": "#10b981", "score": 91}, "geometry": {"type": "Point", "coordinates": [72.826567, 19.12076]}}, {"type": "Feature", "id": "obs-ANDHERI-SEG-100-14", "properties": {"roadId": "ANDHERI-SEG-100", "roadName": "Balasaheb Sawant Road", "condition": "HEALTHY", "color": "#10b981", "score": 91}, "geometry": {"type": "Point", "coordinates": [72.826325, 19.121038]}}, {"type": "Feature", "id": "obs-ANDHERI-SEG-100-15", "properties": {"roadId": "ANDHERI-SEG-100", "roadName": "Balasaheb Sawant Road", "condition": "HEALTHY", "color": "#10b981", "score": 91}, "geometry": {"type": "Point", "coordinates": [72.826083, 19.121315]}}, {"type": "Feature", "id": "obs-ANDHERI-SEG-100-16", "properties": {"roadId": "ANDHERI-SEG-100", "roadName": "Balasaheb Sawant Road", "condition": "HEALTHY", "color": "#10b981", "score": 91}, "geometry": {"type": "Point", "coordinates": [72.825831, 19.121585]}}, {"type": "Feature", "id": "obs-ANDHERI-SEG-100-17", "properties": {"roadId": "ANDHERI-SEG-100", "roadName": "Balasaheb Sawant Road", "condition": "HEALTHY", "color": "#10b981", "score": 91}, "geometry": {"type": "Point", "coordinates": [72.825583, 19.121858]}}, {"type": "Feature", "id": "obs-ANDHERI-SEG-100-18", "properties": {"roadId": "ANDHERI-SEG-100", "roadName": "Balasaheb Sawant Road", "condition": "HEALTHY", "color": "#10b981", "score": 91}, "geometry": {"type": "Point", "coordinates": [72.825346, 19.12214]}}, {"type": "Feature", "id": "obs-ANDHERI-SEG-100-19", "properties": {"roadId": "ANDHERI-SEG-100", "roadName": "Balasaheb Sawant Road", "condition": "HEALTHY", "color": "#10b981", "score": 91}, "geometry": {"type": "Point", "coordinates": [72.82511, 19.122421]}}, {"type": "Feature", "id": "obs-ANDHERI-SEG-100-20", "properties": {"roadId": "ANDHERI-SEG-100", "roadName": "Balasaheb Sawant Road", "condition": "HEALTHY", "color": "#10b981", "score": 91}, "geometry": {"type": "Point", "coordinates": [72.82487, 19.122701]}}, {"type": "Feature", "id": "obs-ANDHERI-SEG-100-21", "properties": {"roadId": "ANDHERI-SEG-100", "roadName": "Balasaheb Sawant Road", "condition": "HEALTHY", "color": "#10b981", "score": 91}, "geometry": {"type": "Point", "coordinates": [72.824627, 19.122978]}}, {"type": "Feature", "id": "obs-ANDHERI-SEG-100-22", "properties": {"roadId": "ANDHERI-SEG-100", "roadName": "Balasaheb Sawant Road", "condition": "HEALTHY", "color": "#10b981", "score": 91}, "geometry": {"type": "Point", "coordinates": [72.824385, 19.123255]}}, {"type": "Feature", "id": "obs-ANDHERI-SEG-100-23", "properties": {"roadId": "ANDHERI-SEG-100", "roadName": "Balasaheb Sawant Road", "condition": "HEALTHY", "color": "#10b981", "score": 91}, "geometry": {"type": "Point", "coordinates": [72.824142, 19.123532]}}, {"type": "Feature", "id": "obs-ANDHERI-SEG-100-24", "properties": {"roadId": "ANDHERI-SEG-100", "roadName": "Balasaheb Sawant Road", "condition": "HEALTHY", "color": "#10b981", "score": 91}, "geometry": {"type": "Point", "coordinates": [72.823889, 19.123801]}}, {"type": "Feature", "id": "obs-ANDHERI-SEG-100-25", "properties": {"roadId": "ANDHERI-SEG-100", "roadName": "Balasaheb Sawant Road", "condition": "HEALTHY", "color": "#10b981", "score": 91}, "geometry": {"type": "Point", "coordinates": [72.8237939, 19.1238983]}}, {"type": "Feature", "id": "obs-ANDHERI-SEG-101-0", "properties": {"roadId": "ANDHERI-SEG-101", "roadName": "Link Road", "condition": "POOR", "color": "#f97316", "score": 64}, "geometry": {"type": "Point", "coordinates": [72.8321499, 19.1350544]}}, {"type": "Feature", "id": "obs-ANDHERI-SEG-101-1", "properties": {"roadId": "ANDHERI-SEG-101", "roadName": "Link Road", "condition": "WATCH", "color": "#eab308", "score": 64}, "geometry": {"type": "Point", "coordinates": [72.832078, 19.134701]}}, {"type": "Feature", "id": "obs-ANDHERI-SEG-101-2", "properties": {"roadId": "ANDHERI-SEG-101", "roadName": "Link Road", "condition": "WATCH", "color": "#eab308", "score": 64}, "geometry": {"type": "Point", "coordinates": [72.8320451, 19.1345386]}}, {"type": "Feature", "id": "obs-ANDHERI-SEG-102-0", "properties": {"roadId": "ANDHERI-SEG-102", "roadName": "Ceasar Road", "condition": "CRITICAL", "color": "#ef4444", "score": 46}, "geometry": {"type": "Point", "coordinates": [72.8431213, 19.1279997]}}, {"type": "Feature", "id": "obs-ANDHERI-SEG-102-1", "properties": {"roadId": "ANDHERI-SEG-102", "roadName": "Ceasar Road", "condition": "POOR", "color": "#f97316", "score": 46}, "geometry": {"type": "Point", "coordinates": [72.842745, 19.128054]}}, {"type": "Feature", "id": "obs-ANDHERI-SEG-102-2", "properties": {"roadId": "ANDHERI-SEG-102", "roadName": "Ceasar Road", "condition": "POOR", "color": "#f97316", "score": 46}, "geometry": {"type": "Point", "coordinates": [72.842369, 19.128109]}}, {"type": "Feature", "id": "obs-ANDHERI-SEG-102-3", "properties": {"roadId": "ANDHERI-SEG-102", "roadName": "Ceasar Road", "condition": "CRITICAL", "color": "#ef4444", "score": 46}, "geometry": {"type": "Point", "coordinates": [72.841992, 19.128161]}}, {"type": "Feature", "id": "obs-ANDHERI-SEG-102-4", "properties": {"roadId": "ANDHERI-SEG-102", "roadName": "Ceasar Road", "condition": "POOR", "color": "#f97316", "score": 46}, "geometry": {"type": "Point", "coordinates": [72.841614, 19.128205]}}, {"type": "Feature", "id": "obs-ANDHERI-SEG-102-5", "properties": {"roadId": "ANDHERI-SEG-102", "roadName": "Ceasar Road", "condition": "POOR", "color": "#f97316", "score": 46}, "geometry": {"type": "Point", "coordinates": [72.841236, 19.128244]}}, {"type": "Feature", "id": "obs-ANDHERI-SEG-102-6", "properties": {"roadId": "ANDHERI-SEG-102", "roadName": "Ceasar Road", "condition": "CRITICAL", "color": "#ef4444", "score": 46}, "geometry": {"type": "Point", "coordinates": [72.840872, 19.128215]}}, {"type": "Feature", "id": "obs-ANDHERI-SEG-102-7", "properties": {"roadId": "ANDHERI-SEG-102", "roadName": "Ceasar Road", "condition": "POOR", "color": "#f97316", "score": 46}, "geometry": {"type": "Point", "coordinates": [72.84074, 19.127881]}}, {"type": "Feature", "id": "obs-ANDHERI-SEG-102-8", "properties": {"roadId": "ANDHERI-SEG-102", "roadName": "Ceasar Road", "condition": "POOR", "color": "#f97316", "score": 46}, "geometry": {"type": "Point", "coordinates": [72.840649, 19.127531]}}, {"type": "Feature", "id": "obs-ANDHERI-SEG-102-9", "properties": {"roadId": "ANDHERI-SEG-102", "roadName": "Ceasar Road", "condition": "CRITICAL", "color": "#ef4444", "score": 46}, "geometry": {"type": "Point", "coordinates": [72.840408, 19.127265]}}, {"type": "Feature", "id": "obs-ANDHERI-SEG-102-10", "properties": {"roadId": "ANDHERI-SEG-102", "roadName": "Ceasar Road", "condition": "POOR", "color": "#f97316", "score": 46}, "geometry": {"type": "Point", "coordinates": [72.8402747, 19.1271792]}}, {"type": "Feature", "id": "obs-ANDHERI-SEG-103-0", "properties": {"roadId": "ANDHERI-SEG-103", "roadName": "Swami Vivekanand Road", "condition": "HEALTHY", "color": "#10b981", "score": 85}, "geometry": {"type": "Point", "coordinates": [72.8438951, 19.1162468]}}, {"type": "Feature", "id": "obs-ANDHERI-SEG-103-1", "properties": {"roadId": "ANDHERI-SEG-103", "roadName": "Swami Vivekanand Road", "condition": "HEALTHY", "color": "#10b981", "score": 85}, "geometry": {"type": "Point", "coordinates": [72.843704, 19.115936]}}, {"type": "Feature", "id": "obs-ANDHERI-SEG-103-2", "properties": {"roadId": "ANDHERI-SEG-103", "roadName": "Swami Vivekanand Road", "condition": "HEALTHY", "color": "#10b981", "score": 85}, "geometry": {"type": "Point", "coordinates": [72.8435, 19.115632]}}, {"type": "Feature", "id": "obs-ANDHERI-SEG-103-3", "properties": {"roadId": "ANDHERI-SEG-103", "roadName": "Swami Vivekanand Road", "condition": "HEALTHY", "color": "#10b981", "score": 85}, "geometry": {"type": "Point", "coordinates": [72.84327, 19.115346]}}, {"type": "Feature", "id": "obs-ANDHERI-SEG-103-4", "properties": {"roadId": "ANDHERI-SEG-103", "roadName": "Swami Vivekanand Road", "condition": "HEALTHY", "color": "#10b981", "score": 85}, "geometry": {"type": "Point", "coordinates": [72.843036, 19.115062]}}, {"type": "Feature", "id": "obs-ANDHERI-SEG-103-5", "properties": {"roadId": "ANDHERI-SEG-103", "roadName": "Swami Vivekanand Road", "condition": "HEALTHY", "color": "#10b981", "score": 85}, "geometry": {"type": "Point", "coordinates": [72.8428, 19.11478]}}, {"type": "Feature", "id": "obs-ANDHERI-SEG-103-6", "properties": {"roadId": "ANDHERI-SEG-103", "roadName": "Swami Vivekanand Road", "condition": "HEALTHY", "color": "#10b981", "score": 85}, "geometry": {"type": "Point", "coordinates": [72.842566, 19.114496]}}, {"type": "Feature", "id": "obs-ANDHERI-SEG-103-7", "properties": {"roadId": "ANDHERI-SEG-103", "roadName": "Swami Vivekanand Road", "condition": "HEALTHY", "color": "#10b981", "score": 85}, "geometry": {"type": "Point", "coordinates": [72.842343, 19.114205]}}, {"type": "Feature", "id": "obs-ANDHERI-SEG-103-8", "properties": {"roadId": "ANDHERI-SEG-103", "roadName": "Swami Vivekanand Road", "condition": "HEALTHY", "color": "#10b981", "score": 85}, "geometry": {"type": "Point", "coordinates": [72.842143, 19.113899]}}, {"type": "Feature", "id": "obs-ANDHERI-SEG-103-9", "properties": {"roadId": "ANDHERI-SEG-103", "roadName": "Swami Vivekanand Road", "condition": "HEALTHY", "color": "#10b981", "score": 85}, "geometry": {"type": "Point", "coordinates": [72.841995, 19.11357]}}, {"type": "Feature", "id": "obs-ANDHERI-SEG-103-10", "properties": {"roadId": "ANDHERI-SEG-103", "roadName": "Swami Vivekanand Road", "condition": "HEALTHY", "color": "#10b981", "score": 85}, "geometry": {"type": "Point", "coordinates": [72.841877, 19.113228]}}, {"type": "Feature", "id": "obs-ANDHERI-SEG-103-11", "properties": {"roadId": "ANDHERI-SEG-103", "roadName": "Swami Vivekanand Road", "condition": "HEALTHY", "color": "#10b981", "score": 85}, "geometry": {"type": "Point", "coordinates": [72.841759, 19.112886]}}, {"type": "Feature", "id": "obs-ANDHERI-SEG-103-12", "properties": {"roadId": "ANDHERI-SEG-103", "roadName": "Swami Vivekanand Road", "condition": "HEALTHY", "color": "#10b981", "score": 85}, "geometry": {"type": "Point", "coordinates": [72.841665, 19.112538]}}, {"type": "Feature", "id": "obs-ANDHERI-SEG-103-13", "properties": {"roadId": "ANDHERI-SEG-103", "roadName": "Swami Vivekanand Road", "condition": "HEALTHY", "color": "#10b981", "score": 85}, "geometry": {"type": "Point", "coordinates": [72.84158, 19.112187]}}, {"type": "Feature", "id": "obs-ANDHERI-SEG-103-14", "properties": {"roadId": "ANDHERI-SEG-103", "roadName": "Swami Vivekanand Road", "condition": "HEALTHY", "color": "#10b981", "score": 85}, "geometry": {"type": "Point", "coordinates": [72.841496, 19.111836]}}, {"type": "Feature", "id": "obs-ANDHERI-SEG-103-15", "properties": {"roadId": "ANDHERI-SEG-103", "roadName": "Swami Vivekanand Road", "condition": "HEALTHY", "color": "#10b981", "score": 85}, "geometry": {"type": "Point", "coordinates": [72.841412, 19.111486]}}, {"type": "Feature", "id": "obs-ANDHERI-SEG-103-16", "properties": {"roadId": "ANDHERI-SEG-103", "roadName": "Swami Vivekanand Road", "condition": "HEALTHY", "color": "#10b981", "score": 85}, "geometry": {"type": "Point", "coordinates": [72.841311, 19.111139]}}, {"type": "Feature", "id": "obs-ANDHERI-SEG-103-17", "properties": {"roadId": "ANDHERI-SEG-103", "roadName": "Swami Vivekanand Road", "condition": "HEALTHY", "color": "#10b981", "score": 85}, "geometry": {"type": "Point", "coordinates": [72.8412149, 19.1108049]}}, {"type": "Feature", "id": "obs-ANDHERI-SEG-104-0", "properties": {"roadId": "ANDHERI-SEG-104", "roadName": "Juhu Lane", "condition": "POOR", "color": "#f97316", "score": 71}, "geometry": {"type": "Point", "coordinates": [72.8371726, 19.1125913]}}, {"type": "Feature", "id": "obs-ANDHERI-SEG-104-1", "properties": {"roadId": "ANDHERI-SEG-104", "roadName": "Juhu Lane", "condition": "WATCH", "color": "#eab308", "score": 71}, "geometry": {"type": "Point", "coordinates": [72.837533, 19.1127]}}, {"type": "Feature", "id": "obs-ANDHERI-SEG-104-2", "properties": {"roadId": "ANDHERI-SEG-104", "roadName": "Juhu Lane", "condition": "WATCH", "color": "#eab308", "score": 71}, "geometry": {"type": "Point", "coordinates": [72.837904, 19.112781]}}, {"type": "Feature", "id": "obs-ANDHERI-SEG-104-3", "properties": {"roadId": "ANDHERI-SEG-104", "roadName": "Juhu Lane", "condition": "WATCH", "color": "#eab308", "score": 71}, "geometry": {"type": "Point", "coordinates": [72.838263, 19.112896]}}, {"type": "Feature", "id": "obs-ANDHERI-SEG-104-4", "properties": {"roadId": "ANDHERI-SEG-104", "roadName": "Juhu Lane", "condition": "POOR", "color": "#f97316", "score": 71}, "geometry": {"type": "Point", "coordinates": [72.838616, 19.11303]}}, {"type": "Feature", "id": "obs-ANDHERI-SEG-104-5", "properties": {"roadId": "ANDHERI-SEG-104", "roadName": "Juhu Lane", "condition": "WATCH", "color": "#eab308", "score": 71}, "geometry": {"type": "Point", "coordinates": [72.838967, 19.11317]}}, {"type": "Feature", "id": "obs-ANDHERI-SEG-104-6", "properties": {"roadId": "ANDHERI-SEG-104", "roadName": "Juhu Lane", "condition": "WATCH", "color": "#eab308", "score": 71}, "geometry": {"type": "Point", "coordinates": [72.8391451, 19.1132482]}}, {"type": "Feature", "id": "obs-ANDHERI-SEG-105-0", "properties": {"roadId": "ANDHERI-SEG-105", "roadName": "Tertiary (1170368743)", "condition": "CRITICAL", "color": "#ef4444", "score": 29}, "geometry": {"type": "Point", "coordinates": [72.8383083, 19.1234546]}}, {"type": "Feature", "id": "obs-ANDHERI-SEG-105-1", "properties": {"roadId": "ANDHERI-SEG-105", "roadName": "Tertiary (1170368743)", "condition": "CRITICAL", "color": "#ef4444", "score": 29}, "geometry": {"type": "Point", "coordinates": [72.838162, 19.123746]}}, {"type": "Feature", "id": "obs-ANDHERI-SEG-105-2", "properties": {"roadId": "ANDHERI-SEG-105", "roadName": "Tertiary (1170368743)", "condition": "CRITICAL", "color": "#ef4444", "score": 29}, "geometry": {"type": "Point", "coordinates": [72.838176, 19.124105]}}, {"type": "Feature", "id": "obs-ANDHERI-SEG-105-3", "properties": {"roadId": "ANDHERI-SEG-105", "roadName": "Tertiary (1170368743)", "condition": "CRITICAL", "color": "#ef4444", "score": 29}, "geometry": {"type": "Point", "coordinates": [72.83819, 19.124465]}}, {"type": "Feature", "id": "obs-ANDHERI-SEG-105-4", "properties": {"roadId": "ANDHERI-SEG-105", "roadName": "Tertiary (1170368743)", "condition": "CRITICAL", "color": "#ef4444", "score": 29}, "geometry": {"type": "Point", "coordinates": [72.838205, 19.124824]}}, {"type": "Feature", "id": "obs-ANDHERI-SEG-105-5", "properties": {"roadId": "ANDHERI-SEG-105", "roadName": "Tertiary (1170368743)", "condition": "CRITICAL", "color": "#ef4444", "score": 29}, "geometry": {"type": "Point", "coordinates": [72.8382097, 19.1249508]}}, {"type": "Feature", "id": "obs-ANDHERI-SEG-106-0", "properties": {"roadId": "ANDHERI-SEG-106", "roadName": "Tertiary (1175872557)", "condition": "CRITICAL", "color": "#ef4444", "score": 42}, "geometry": {"type": "Point", "coordinates": [72.837398, 19.1146114]}}, {"type": "Feature", "id": "obs-ANDHERI-SEG-106-1", "properties": {"roadId": "ANDHERI-SEG-106", "roadName": "Tertiary (1175872557)", "condition": "POOR", "color": "#f97316", "score": 42}, "geometry": {"type": "Point", "coordinates": [72.837113, 19.114389]}}, {"type": "Feature", "id": "obs-ANDHERI-SEG-106-2", "properties": {"roadId": "ANDHERI-SEG-106", "roadName": "Tertiary (1175872557)", "condition": "POOR", "color": "#f97316", "score": 42}, "geometry": {"type": "Point", "coordinates": [72.836773, 19.114226]}}, {"type": "Feature", "id": "obs-ANDHERI-SEG-106-3", "properties": {"roadId": "ANDHERI-SEG-106", "roadName": "Tertiary (1175872557)", "condition": "CRITICAL", "color": "#ef4444", "score": 42}, "geometry": {"type": "Point", "coordinates": [72.8364829, 19.1140767]}}, {"type": "Feature", "id": "obs-ANDHERI-SEG-107-0", "properties": {"roadId": "ANDHERI-SEG-107", "roadName": "Gilbert Hill Road", "condition": "HEALTHY", "color": "#10b981", "score": 79}, "geometry": {"type": "Point", "coordinates": [72.8375149, 19.119815]}}, {"type": "Feature", "id": "obs-ANDHERI-SEG-107-1", "properties": {"roadId": "ANDHERI-SEG-107", "roadName": "Gilbert Hill Road", "condition": "HEALTHY", "color": "#10b981", "score": 79}, "geometry": {"type": "Point", "coordinates": [72.8375921, 19.1194988]}}, {"type": "Feature", "id": "obs-ANDHERI-SEG-108-0", "properties": {"roadId": "ANDHERI-SEG-108", "roadName": "Dattaji Salvi Marg", "condition": "POOR", "color": "#f97316", "score": 65}, "geometry": {"type": "Point", "coordinates": [72.8375499, 19.1316307]}}, {"type": "Feature", "id": "obs-ANDHERI-SEG-108-1", "properties": {"roadId": "ANDHERI-SEG-108", "roadName": "Dattaji Salvi Marg", "condition": "WATCH", "color": "#eab308", "score": 65}, "geometry": {"type": "Point", "coordinates": [72.837171, 19.131669]}}, {"type": "Feature", "id": "obs-ANDHERI-SEG-108-2", "properties": {"roadId": "ANDHERI-SEG-108", "roadName": "Dattaji Salvi Marg", "condition": "WATCH", "color": "#eab308", "score": 65}, "geometry": {"type": "Point", "coordinates": [72.836791, 19.131691]}}, {"type": "Feature", "id": "obs-ANDHERI-SEG-108-3", "properties": {"roadId": "ANDHERI-SEG-108", "roadName": "Dattaji Salvi Marg", "condition": "WATCH", "color": "#eab308", "score": 65}, "geometry": {"type": "Point", "coordinates": [72.836411, 19.131711]}}, {"type": "Feature", "id": "obs-ANDHERI-SEG-108-4", "properties": {"roadId": "ANDHERI-SEG-108", "roadName": "Dattaji Salvi Marg", "condition": "POOR", "color": "#f97316", "score": 65}, "geometry": {"type": "Point", "coordinates": [72.836031, 19.131735]}}, {"type": "Feature", "id": "obs-ANDHERI-SEG-108-5", "properties": {"roadId": "ANDHERI-SEG-108", "roadName": "Dattaji Salvi Marg", "condition": "WATCH", "color": "#eab308", "score": 65}, "geometry": {"type": "Point", "coordinates": [72.835652, 19.131761]}}, {"type": "Feature", "id": "obs-ANDHERI-SEG-108-6", "properties": {"roadId": "ANDHERI-SEG-108", "roadName": "Dattaji Salvi Marg", "condition": "WATCH", "color": "#eab308", "score": 65}, "geometry": {"type": "Point", "coordinates": [72.835272, 19.131787]}}, {"type": "Feature", "id": "obs-ANDHERI-SEG-108-7", "properties": {"roadId": "ANDHERI-SEG-108", "roadName": "Dattaji Salvi Marg", "condition": "WATCH", "color": "#eab308", "score": 65}, "geometry": {"type": "Point", "coordinates": [72.834892, 19.131813]}}, {"type": "Feature", "id": "obs-ANDHERI-SEG-108-8", "properties": {"roadId": "ANDHERI-SEG-108", "roadName": "Dattaji Salvi Marg", "condition": "POOR", "color": "#f97316", "score": 65}, "geometry": {"type": "Point", "coordinates": [72.834512, 19.13184]}}, {"type": "Feature", "id": "obs-ANDHERI-SEG-108-9", "properties": {"roadId": "ANDHERI-SEG-108", "roadName": "Dattaji Salvi Marg", "condition": "WATCH", "color": "#eab308", "score": 65}, "geometry": {"type": "Point", "coordinates": [72.834133, 19.131867]}}, {"type": "Feature", "id": "obs-ANDHERI-SEG-108-10", "properties": {"roadId": "ANDHERI-SEG-108", "roadName": "Dattaji Salvi Marg", "condition": "WATCH", "color": "#eab308", "score": 65}, "geometry": {"type": "Point", "coordinates": [72.833753, 19.131894]}}, {"type": "Feature", "id": "obs-ANDHERI-SEG-108-11", "properties": {"roadId": "ANDHERI-SEG-108", "roadName": "Dattaji Salvi Marg", "condition": "WATCH", "color": "#eab308", "score": 65}, "geometry": {"type": "Point", "coordinates": [72.833373, 19.131923]}}, {"type": "Feature", "id": "obs-ANDHERI-SEG-108-12", "properties": {"roadId": "ANDHERI-SEG-108", "roadName": "Dattaji Salvi Marg", "condition": "POOR", "color": "#f97316", "score": 65}, "geometry": {"type": "Point", "coordinates": [72.832994, 19.131953]}}, {"type": "Feature", "id": "obs-ANDHERI-SEG-108-13", "properties": {"roadId": "ANDHERI-SEG-108", "roadName": "Dattaji Salvi Marg", "condition": "WATCH", "color": "#eab308", "score": 65}, "geometry": {"type": "Point", "coordinates": [72.832615, 19.131983]}}, {"type": "Feature", "id": "obs-ANDHERI-SEG-108-14", "properties": {"roadId": "ANDHERI-SEG-108", "roadName": "Dattaji Salvi Marg", "condition": "WATCH", "color": "#eab308", "score": 65}, "geometry": {"type": "Point", "coordinates": [72.832237, 19.132023]}}, {"type": "Feature", "id": "obs-ANDHERI-SEG-108-15", "properties": {"roadId": "ANDHERI-SEG-108", "roadName": "Dattaji Salvi Marg", "condition": "WATCH", "color": "#eab308", "score": 65}, "geometry": {"type": "Point", "coordinates": [72.831865, 19.132099]}}, {"type": "Feature", "id": "obs-ANDHERI-SEG-108-16", "properties": {"roadId": "ANDHERI-SEG-108", "roadName": "Dattaji Salvi Marg", "condition": "POOR", "color": "#f97316", "score": 65}, "geometry": {"type": "Point", "coordinates": [72.8315502, 19.1322263]}}, {"type": "Feature", "id": "obs-ANDHERI-SEG-109-0", "properties": {"roadId": "ANDHERI-SEG-109", "roadName": "Tertiary (1177213283)", "condition": "HEALTHY", "color": "#10b981", "score": 88}, "geometry": {"type": "Point", "coordinates": [72.8293985, 19.1285064]}}, {"type": "Feature", "id": "obs-ANDHERI-SEG-109-1", "properties": {"roadId": "ANDHERI-SEG-109", "roadName": "Tertiary (1177213283)", "condition": "HEALTHY", "color": "#10b981", "score": 88}, "geometry": {"type": "Point", "coordinates": [72.829338, 19.128152]}}, {"type": "Feature", "id": "obs-ANDHERI-SEG-109-2", "properties": {"roadId": "ANDHERI-SEG-109", "roadName": "Tertiary (1177213283)", "condition": "HEALTHY", "color": "#10b981", "score": 88}, "geometry": {"type": "Point", "coordinates": [72.829293, 19.127795]}}, {"type": "Feature", "id": "obs-ANDHERI-SEG-109-3", "properties": {"roadId": "ANDHERI-SEG-109", "roadName": "Tertiary (1177213283)", "condition": "HEALTHY", "color": "#10b981", "score": 88}, "geometry": {"type": "Point", "coordinates": [72.8292686, 19.1276035]}}, {"type": "Feature", "id": "obs-ANDHERI-SEG-110-0", "properties": {"roadId": "ANDHERI-SEG-110", "roadName": "Gulmohar Road", "condition": "HEALTHY", "color": "#10b981", "score": 82}, "geometry": {"type": "Point", "coordinates": [72.8344961, 19.1158175]}}, {"type": "Feature", "id": "obs-ANDHERI-SEG-110-1", "properties": {"roadId": "ANDHERI-SEG-110", "roadName": "Gulmohar Road", "condition": "HEALTHY", "color": "#10b981", "score": 82}, "geometry": {"type": "Point", "coordinates": [72.83484, 19.115664]}}, {"type": "Feature", "id": "obs-ANDHERI-SEG-110-2", "properties": {"roadId": "ANDHERI-SEG-110", "roadName": "Gulmohar Road", "condition": "HEALTHY", "color": "#10b981", "score": 82}, "geometry": {"type": "Point", "coordinates": [72.835172, 19.115488]}}, {"type": "Feature", "id": "obs-ANDHERI-SEG-110-3", "properties": {"roadId": "ANDHERI-SEG-110", "roadName": "Gulmohar Road", "condition": "HEALTHY", "color": "#10b981", "score": 82}, "geometry": {"type": "Point", "coordinates": [72.835488, 19.115287]}}, {"type": "Feature", "id": "obs-ANDHERI-SEG-110-4", "properties": {"roadId": "ANDHERI-SEG-110", "roadName": "Gulmohar Road", "condition": "HEALTHY", "color": "#10b981", "score": 82}, "geometry": {"type": "Point", "coordinates": [72.835781, 19.115059]}}, {"type": "Feature", "id": "obs-ANDHERI-SEG-110-5", "properties": {"roadId": "ANDHERI-SEG-110", "roadName": "Gulmohar Road", "condition": "HEALTHY", "color": "#10b981", "score": 82}, "geometry": {"type": "Point", "coordinates": [72.836052, 19.114807]}}, {"type": "Feature", "id": "obs-ANDHERI-SEG-110-6", "properties": {"roadId": "ANDHERI-SEG-110", "roadName": "Gulmohar Road", "condition": "HEALTHY", "color": "#10b981", "score": 82}, "geometry": {"type": "Point", "coordinates": [72.83629, 19.114527]}}, {"type": "Feature", "id": "obs-ANDHERI-SEG-110-7", "properties": {"roadId": "ANDHERI-SEG-110", "roadName": "Gulmohar Road", "condition": "HEALTHY", "color": "#10b981", "score": 82}, "geometry": {"type": "Point", "coordinates": [72.836513, 19.114235]}}, {"type": "Feature", "id": "obs-ANDHERI-SEG-110-8", "properties": {"roadId": "ANDHERI-SEG-110", "roadName": "Gulmohar Road", "condition": "HEALTHY", "color": "#10b981", "score": 82}, "geometry": {"type": "Point", "coordinates": [72.836705, 19.113926]}}, {"type": "Feature", "id": "obs-ANDHERI-SEG-110-9", "properties": {"roadId": "ANDHERI-SEG-110", "roadName": "Gulmohar Road", "condition": "HEALTHY", "color": "#10b981", "score": 82}, "geometry": {"type": "Point", "coordinates": [72.836881, 19.113607]}}, {"type": "Feature", "id": "obs-ANDHERI-SEG-110-10", "properties": {"roadId": "ANDHERI-SEG-110", "roadName": "Gulmohar Road", "condition": "HEALTHY", "color": "#10b981", "score": 82}, "geometry": {"type": "Point", "coordinates": [72.837046, 19.113283]}}, {"type": "Feature", "id": "obs-ANDHERI-SEG-110-11", "properties": {"roadId": "ANDHERI-SEG-110", "roadName": "Gulmohar Road", "condition": "HEALTHY", "color": "#10b981", "score": 82}, "geometry": {"type": "Point", "coordinates": [72.837177, 19.112946]}}, {"type": "Feature", "id": "obs-ANDHERI-SEG-110-12", "properties": {"roadId": "ANDHERI-SEG-110", "roadName": "Gulmohar Road", "condition": "HEALTHY", "color": "#10b981", "score": 82}, "geometry": {"type": "Point", "coordinates": [72.837281, 19.1126]}}, {"type": "Feature", "id": "obs-ANDHERI-SEG-110-13", "properties": {"roadId": "ANDHERI-SEG-110", "roadName": "Gulmohar Road", "condition": "HEALTHY", "color": "#10b981", "score": 82}, "geometry": {"type": "Point", "coordinates": [72.83733, 19.112244]}}, {"type": "Feature", "id": "obs-ANDHERI-SEG-110-14", "properties": {"roadId": "ANDHERI-SEG-110", "roadName": "Gulmohar Road", "condition": "HEALTHY", "color": "#10b981", "score": 82}, "geometry": {"type": "Point", "coordinates": [72.837362, 19.111886]}}, {"type": "Feature", "id": "obs-ANDHERI-SEG-110-15", "properties": {"roadId": "ANDHERI-SEG-110", "roadName": "Gulmohar Road", "condition": "HEALTHY", "color": "#10b981", "score": 82}, "geometry": {"type": "Point", "coordinates": [72.837368, 19.111526]}}, {"type": "Feature", "id": "obs-ANDHERI-SEG-110-16", "properties": {"roadId": "ANDHERI-SEG-110", "roadName": "Gulmohar Road", "condition": "HEALTHY", "color": "#10b981", "score": 82}, "geometry": {"type": "Point", "coordinates": [72.837359, 19.111168]}}, {"type": "Feature", "id": "obs-ANDHERI-SEG-110-17", "properties": {"roadId": "ANDHERI-SEG-110", "roadName": "Gulmohar Road", "condition": "HEALTHY", "color": "#10b981", "score": 82}, "geometry": {"type": "Point", "coordinates": [72.837312, 19.110811]}}, {"type": "Feature", "id": "obs-ANDHERI-SEG-110-18", "properties": {"roadId": "ANDHERI-SEG-110", "roadName": "Gulmohar Road", "condition": "HEALTHY", "color": "#10b981", "score": 82}, "geometry": {"type": "Point", "coordinates": [72.83728, 19.110452]}}, {"type": "Feature", "id": "obs-ANDHERI-SEG-110-19", "properties": {"roadId": "ANDHERI-SEG-110", "roadName": "Gulmohar Road", "condition": "HEALTHY", "color": "#10b981", "score": 82}, "geometry": {"type": "Point", "coordinates": [72.8372785, 19.1104319]}}, {"type": "Feature", "id": "obs-ANDHERI-SEG-111-0", "properties": {"roadId": "ANDHERI-SEG-111", "roadName": "Ceasar Road", "condition": "POOR", "color": "#f97316", "score": 68}, "geometry": {"type": "Point", "coordinates": [72.8401381, 19.1271943]}}, {"type": "Feature", "id": "obs-ANDHERI-SEG-111-1", "properties": {"roadId": "ANDHERI-SEG-111", "roadName": "Ceasar Road", "condition": "WATCH", "color": "#eab308", "score": 68}, "geometry": {"type": "Point", "coordinates": [72.840431, 19.12742]}}, {"type": "Feature", "id": "obs-ANDHERI-SEG-111-2", "properties": {"roadId": "ANDHERI-SEG-111", "roadName": "Ceasar Road", "condition": "WATCH", "color": "#eab308", "score": 68}, "geometry": {"type": "Point", "coordinates": [72.840588, 19.127744]}}, {"type": "Feature", "id": "obs-ANDHERI-SEG-111-3", "properties": {"roadId": "ANDHERI-SEG-111", "roadName": "Ceasar Road", "condition": "WATCH", "color": "#eab308", "score": 68}, "geometry": {"type": "Point", "coordinates": [72.840692, 19.128089]}}, {"type": "Feature", "id": "obs-ANDHERI-SEG-111-4", "properties": {"roadId": "ANDHERI-SEG-111", "roadName": "Ceasar Road", "condition": "POOR", "color": "#f97316", "score": 68}, "geometry": {"type": "Point", "coordinates": [72.84093, 19.128346]}}, {"type": "Feature", "id": "obs-ANDHERI-SEG-111-5", "properties": {"roadId": "ANDHERI-SEG-111", "roadName": "Ceasar Road", "condition": "WATCH", "color": "#eab308", "score": 68}, "geometry": {"type": "Point", "coordinates": [72.841308, 19.128333]}}, {"type": "Feature", "id": "obs-ANDHERI-SEG-111-6", "properties": {"roadId": "ANDHERI-SEG-111", "roadName": "Ceasar Road", "condition": "WATCH", "color": "#eab308", "score": 68}, "geometry": {"type": "Point", "coordinates": [72.841687, 19.128299]}}, {"type": "Feature", "id": "obs-ANDHERI-SEG-111-7", "properties": {"roadId": "ANDHERI-SEG-111", "roadName": "Ceasar Road", "condition": "WATCH", "color": "#eab308", "score": 68}, "geometry": {"type": "Point", "coordinates": [72.842064, 19.128249]}}, {"type": "Feature", "id": "obs-ANDHERI-SEG-111-8", "properties": {"roadId": "ANDHERI-SEG-111", "roadName": "Ceasar Road", "condition": "POOR", "color": "#f97316", "score": 68}, "geometry": {"type": "Point", "coordinates": [72.842441, 19.1282]}}, {"type": "Feature", "id": "obs-ANDHERI-SEG-111-9", "properties": {"roadId": "ANDHERI-SEG-111", "roadName": "Ceasar Road", "condition": "WATCH", "color": "#eab308", "score": 68}, "geometry": {"type": "Point", "coordinates": [72.842817, 19.12814]}}, {"type": "Feature", "id": "obs-ANDHERI-SEG-111-10", "properties": {"roadId": "ANDHERI-SEG-111", "roadName": "Ceasar Road", "condition": "WATCH", "color": "#eab308", "score": 68}, "geometry": {"type": "Point", "coordinates": [72.8431597, 19.128085]}}, {"type": "Feature", "id": "obs-ANDHERI-SEG-112-0", "properties": {"roadId": "ANDHERI-SEG-112", "roadName": "K D Gaikwad Road", "condition": "HEALTHY", "color": "#10b981", "score": 91}, "geometry": {"type": "Point", "coordinates": [72.8295087, 19.1330435]}}, {"type": "Feature", "id": "obs-ANDHERI-SEG-112-1", "properties": {"roadId": "ANDHERI-SEG-112", "roadName": "K D Gaikwad Road", "condition": "HEALTHY", "color": "#10b981", "score": 91}, "geometry": {"type": "Point", "coordinates": [72.829176, 19.133218]}}, {"type": "Feature", "id": "obs-ANDHERI-SEG-112-2", "properties": {"roadId": "ANDHERI-SEG-112", "roadName": "K D Gaikwad Road", "condition": "HEALTHY", "color": "#10b981", "score": 91}, "geometry": {"type": "Point", "coordinates": [72.828843, 19.133393]}}, {"type": "Feature", "id": "obs-ANDHERI-SEG-112-3", "properties": {"roadId": "ANDHERI-SEG-112", "roadName": "K D Gaikwad Road", "condition": "HEALTHY", "color": "#10b981", "score": 91}, "geometry": {"type": "Point", "coordinates": [72.828505, 19.133559]}}, {"type": "Feature", "id": "obs-ANDHERI-SEG-112-4", "properties": {"roadId": "ANDHERI-SEG-112", "roadName": "K D Gaikwad Road", "condition": "HEALTHY", "color": "#10b981", "score": 91}, "geometry": {"type": "Point", "coordinates": [72.828166, 19.133722]}}, {"type": "Feature", "id": "obs-ANDHERI-SEG-112-5", "properties": {"roadId": "ANDHERI-SEG-112", "roadName": "K D Gaikwad Road", "condition": "HEALTHY", "color": "#10b981", "score": 91}, "geometry": {"type": "Point", "coordinates": [72.8281217, 19.1337434]}}, {"type": "Feature", "id": "obs-ANDHERI-SEG-113-0", "properties": {"roadId": "ANDHERI-SEG-113", "roadName": "Achutrao Patwardhan Marg", "condition": "POOR", "color": "#f97316", "score": 64}, "geometry": {"type": "Point", "coordinates": [72.8257671, 19.1360153]}}, {"type": "Feature", "id": "obs-ANDHERI-SEG-113-1", "properties": {"roadId": "ANDHERI-SEG-113", "roadName": "Achutrao Patwardhan Marg", "condition": "WATCH", "color": "#eab308", "score": 64}, "geometry": {"type": "Point", "coordinates": [72.825768, 19.135656]}}, {"type": "Feature", "id": "obs-ANDHERI-SEG-113-2", "properties": {"roadId": "ANDHERI-SEG-113", "roadName": "Achutrao Patwardhan Marg", "condition": "WATCH", "color": "#eab308", "score": 64}, "geometry": {"type": "Point", "coordinates": [72.825769, 19.135296]}}, {"type": "Feature", "id": "obs-ANDHERI-SEG-113-3", "properties": {"roadId": "ANDHERI-SEG-113", "roadName": "Achutrao Patwardhan Marg", "condition": "WATCH", "color": "#eab308", "score": 64}, "geometry": {"type": "Point", "coordinates": [72.825769, 19.134936]}}, {"type": "Feature", "id": "obs-ANDHERI-SEG-113-4", "properties": {"roadId": "ANDHERI-SEG-113", "roadName": "Achutrao Patwardhan Marg", "condition": "POOR", "color": "#f97316", "score": 64}, "geometry": {"type": "Point", "coordinates": [72.825772, 19.134576]}}, {"type": "Feature", "id": "obs-ANDHERI-SEG-113-5", "properties": {"roadId": "ANDHERI-SEG-113", "roadName": "Achutrao Patwardhan Marg", "condition": "WATCH", "color": "#eab308", "score": 64}, "geometry": {"type": "Point", "coordinates": [72.8257769, 19.1343245]}}, {"type": "Feature", "id": "obs-ANDHERI-SEG-114-0", "properties": {"roadId": "ANDHERI-SEG-114", "roadName": "Saint Louis Convent Marg", "condition": "CRITICAL", "color": "#ef4444", "score": 46}, "geometry": {"type": "Point", "coordinates": [72.8237939, 19.1238983]}}, {"type": "Feature", "id": "obs-ANDHERI-SEG-114-1", "properties": {"roadId": "ANDHERI-SEG-114", "roadName": "Saint Louis Convent Marg", "condition": "POOR", "color": "#f97316", "score": 46}, "geometry": {"type": "Point", "coordinates": [72.824071, 19.124145]}}, {"type": "Feature", "id": "obs-ANDHERI-SEG-114-2", "properties": {"roadId": "ANDHERI-SEG-114", "roadName": "Saint Louis Convent Marg", "condition": "POOR", "color": "#f97316", "score": 46}, "geometry": {"type": "Point", "coordinates": [72.824286, 19.12444]}}, {"type": "Feature", "id": "obs-ANDHERI-SEG-114-3", "properties": {"roadId": "ANDHERI-SEG-114", "roadName": "Saint Louis Convent Marg", "condition": "CRITICAL", "color": "#ef4444", "score": 46}, "geometry": {"type": "Point", "coordinates": [72.824478, 19.12475]}}, {"type": "Feature", "id": "obs-ANDHERI-SEG-114-4", "properties": {"roadId": "ANDHERI-SEG-114", "roadName": "Saint Louis Convent Marg", "condition": "POOR", "color": "#f97316", "score": 46}, "geometry": {"type": "Point", "coordinates": [72.82466, 19.125066]}}, {"type": "Feature", "id": "obs-ANDHERI-SEG-114-5", "properties": {"roadId": "ANDHERI-SEG-114", "roadName": "Saint Louis Convent Marg", "condition": "POOR", "color": "#f97316", "score": 46}, "geometry": {"type": "Point", "coordinates": [72.824843, 19.125381]}}, {"type": "Feature", "id": "obs-ANDHERI-SEG-114-6", "properties": {"roadId": "ANDHERI-SEG-114", "roadName": "Saint Louis Convent Marg", "condition": "CRITICAL", "color": "#ef4444", "score": 46}, "geometry": {"type": "Point", "coordinates": [72.824974, 19.125715]}}, {"type": "Feature", "id": "obs-ANDHERI-SEG-114-7", "properties": {"roadId": "ANDHERI-SEG-114", "roadName": "Saint Louis Convent Marg", "condition": "POOR", "color": "#f97316", "score": 46}, "geometry": {"type": "Point", "coordinates": [72.825024, 19.126072]}}, {"type": "Feature", "id": "obs-ANDHERI-SEG-114-8", "properties": {"roadId": "ANDHERI-SEG-114", "roadName": "Saint Louis Convent Marg", "condition": "POOR", "color": "#f97316", "score": 46}, "geometry": {"type": "Point", "coordinates": [72.82508, 19.126427]}}, {"type": "Feature", "id": "obs-ANDHERI-SEG-114-9", "properties": {"roadId": "ANDHERI-SEG-114", "roadName": "Saint Louis Convent Marg", "condition": "CRITICAL", "color": "#ef4444", "score": 46}, "geometry": {"type": "Point", "coordinates": [72.825145, 19.126782]}}, {"type": "Feature", "id": "obs-ANDHERI-SEG-114-10", "properties": {"roadId": "ANDHERI-SEG-114", "roadName": "Saint Louis Convent Marg", "condition": "POOR", "color": "#f97316", "score": 46}, "geometry": {"type": "Point", "coordinates": [72.825219, 19.127135]}}, {"type": "Feature", "id": "obs-ANDHERI-SEG-114-11", "properties": {"roadId": "ANDHERI-SEG-114", "roadName": "Saint Louis Convent Marg", "condition": "POOR", "color": "#f97316", "score": 46}, "geometry": {"type": "Point", "coordinates": [72.825302, 19.127485]}}, {"type": "Feature", "id": "obs-ANDHERI-SEG-114-12", "properties": {"roadId": "ANDHERI-SEG-114", "roadName": "Saint Louis Convent Marg", "condition": "CRITICAL", "color": "#ef4444", "score": 46}, "geometry": {"type": "Point", "coordinates": [72.825377, 19.127838]}}, {"type": "Feature", "id": "obs-ANDHERI-SEG-114-13", "properties": {"roadId": "ANDHERI-SEG-114", "roadName": "Saint Louis Convent Marg", "condition": "POOR", "color": "#f97316", "score": 46}, "geometry": {"type": "Point", "coordinates": [72.825452, 19.128191]}}, {"type": "Feature", "id": "obs-ANDHERI-SEG-114-14", "properties": {"roadId": "ANDHERI-SEG-114", "roadName": "Saint Louis Convent Marg", "condition": "POOR", "color": "#f97316", "score": 46}, "geometry": {"type": "Point", "coordinates": [72.82554, 19.128541]}}, {"type": "Feature", "id": "obs-ANDHERI-SEG-114-15", "properties": {"roadId": "ANDHERI-SEG-114", "roadName": "Saint Louis Convent Marg", "condition": "CRITICAL", "color": "#ef4444", "score": 46}, "geometry": {"type": "Point", "coordinates": [72.825626, 19.128891]}}, {"type": "Feature", "id": "obs-ANDHERI-SEG-114-16", "properties": {"roadId": "ANDHERI-SEG-114", "roadName": "Saint Louis Convent Marg", "condition": "POOR", "color": "#f97316", "score": 46}, "geometry": {"type": "Point", "coordinates": [72.825665, 19.129247]}}, {"type": "Feature", "id": "obs-ANDHERI-SEG-114-17", "properties": {"roadId": "ANDHERI-SEG-114", "roadName": "Saint Louis Convent Marg", "condition": "POOR", "color": "#f97316", "score": 46}, "geometry": {"type": "Point", "coordinates": [72.8256654, 19.1292546]}}, {"type": "Feature", "id": "obs-ANDHERI-SEG-115-0", "properties": {"roadId": "ANDHERI-SEG-115", "roadName": "Devle Marg", "condition": "HEALTHY", "color": "#10b981", "score": 85}, "geometry": {"type": "Point", "coordinates": [72.8286299, 19.116113]}}, {"type": "Feature", "id": "obs-ANDHERI-SEG-115-1", "properties": {"roadId": "ANDHERI-SEG-115", "roadName": "Devle Marg", "condition": "HEALTHY", "color": "#10b981", "score": 85}, "geometry": {"type": "Point", "coordinates": [72.8284173, 19.116106]}}, {"type": "Feature", "id": "obs-ANDHERI-SEG-116-0", "properties": {"roadId": "ANDHERI-SEG-116", "roadName": "Jai Prakash Road", "condition": "POOR", "color": "#f97316", "score": 71}, "geometry": {"type": "Point", "coordinates": [72.8256708, 19.1293525]}}, {"type": "Feature", "id": "obs-ANDHERI-SEG-116-1", "properties": {"roadId": "ANDHERI-SEG-116", "roadName": "Jai Prakash Road", "condition": "WATCH", "color": "#eab308", "score": 71}, "geometry": {"type": "Point", "coordinates": [72.8257527, 19.1293345]}}, {"type": "Feature", "id": "obs-ANDHERI-SEG-117-0", "properties": {"roadId": "ANDHERI-SEG-117", "roadName": "Guru Nanak Road", "condition": "CRITICAL", "color": "#ef4444", "score": 29}, "geometry": {"type": "Point", "coordinates": [72.8299583, 19.1121079]}}, {"type": "Feature", "id": "obs-ANDHERI-SEG-117-1", "properties": {"roadId": "ANDHERI-SEG-117", "roadName": "Guru Nanak Road", "condition": "CRITICAL", "color": "#ef4444", "score": 29}, "geometry": {"type": "Point", "coordinates": [72.82996, 19.111748]}}, {"type": "Feature", "id": "obs-ANDHERI-SEG-117-2", "properties": {"roadId": "ANDHERI-SEG-117", "roadName": "Guru Nanak Road", "condition": "CRITICAL", "color": "#ef4444", "score": 29}, "geometry": {"type": "Point", "coordinates": [72.8299606, 19.1115899]}}, {"type": "Feature", "id": "obs-ANDHERI-SEG-118-0", "properties": {"roadId": "ANDHERI-SEG-118", "roadName": "Swami Vivekanand Road", "condition": "CRITICAL", "color": "#ef4444", "score": 42}, "geometry": {"type": "Point", "coordinates": [72.84546, 19.1195795]}}, {"type": "Feature", "id": "obs-ANDHERI-SEG-118-1", "properties": {"roadId": "ANDHERI-SEG-118", "roadName": "Swami Vivekanand Road", "condition": "POOR", "color": "#f97316", "score": 42}, "geometry": {"type": "Point", "coordinates": [72.845332, 19.119241]}}, {"type": "Feature", "id": "obs-ANDHERI-SEG-118-2", "properties": {"roadId": "ANDHERI-SEG-118", "roadName": "Swami Vivekanand Road", "condition": "POOR", "color": "#f97316", "score": 42}, "geometry": {"type": "Point", "coordinates": [72.845204, 19.118902]}}, {"type": "Feature", "id": "obs-ANDHERI-SEG-118-3", "properties": {"roadId": "ANDHERI-SEG-118", "roadName": "Swami Vivekanand Road", "condition": "CRITICAL", "color": "#ef4444", "score": 42}, "geometry": {"type": "Point", "coordinates": [72.84508, 19.118562]}}, {"type": "Feature", "id": "obs-ANDHERI-SEG-118-4", "properties": {"roadId": "ANDHERI-SEG-118", "roadName": "Swami Vivekanand Road", "condition": "POOR", "color": "#f97316", "score": 42}, "geometry": {"type": "Point", "coordinates": [72.844965, 19.118219]}}, {"type": "Feature", "id": "obs-ANDHERI-SEG-118-5", "properties": {"roadId": "ANDHERI-SEG-118", "roadName": "Swami Vivekanand Road", "condition": "POOR", "color": "#f97316", "score": 42}, "geometry": {"type": "Point", "coordinates": [72.844853, 19.117875]}}, {"type": "Feature", "id": "obs-ANDHERI-SEG-118-6", "properties": {"roadId": "ANDHERI-SEG-118", "roadName": "Swami Vivekanand Road", "condition": "CRITICAL", "color": "#ef4444", "score": 42}, "geometry": {"type": "Point", "coordinates": [72.844731, 19.117534]}}, {"type": "Feature", "id": "obs-ANDHERI-SEG-118-7", "properties": {"roadId": "ANDHERI-SEG-118", "roadName": "Swami Vivekanand Road", "condition": "POOR", "color": "#f97316", "score": 42}, "geometry": {"type": "Point", "coordinates": [72.8446, 19.117197]}}, {"type": "Feature", "id": "obs-ANDHERI-SEG-118-8", "properties": {"roadId": "ANDHERI-SEG-118", "roadName": "Swami Vivekanand Road", "condition": "POOR", "color": "#f97316", "score": 42}, "geometry": {"type": "Point", "coordinates": [72.844446, 19.116868]}}, {"type": "Feature", "id": "obs-ANDHERI-SEG-118-9", "properties": {"roadId": "ANDHERI-SEG-118", "roadName": "Swami Vivekanand Road", "condition": "CRITICAL", "color": "#ef4444", "score": 42}, "geometry": {"type": "Point", "coordinates": [72.844211, 19.116586]}}, {"type": "Feature", "id": "obs-ANDHERI-SEG-118-10", "properties": {"roadId": "ANDHERI-SEG-118", "roadName": "Swami Vivekanand Road", "condition": "POOR", "color": "#f97316", "score": 42}, "geometry": {"type": "Point", "coordinates": [72.844138, 19.1165039]}}, {"type": "Feature", "id": "obs-ANDHERI-SEG-119-0", "properties": {"roadId": "ANDHERI-SEG-119", "roadName": "Swami Vivekanand Road", "condition": "HEALTHY", "color": "#10b981", "score": 79}, "geometry": {"type": "Point", "coordinates": [72.8455401, 19.1200539]}}, {"type": "Feature", "id": "obs-ANDHERI-SEG-119-1", "properties": {"roadId": "ANDHERI-SEG-119", "roadName": "Swami Vivekanand Road", "condition": "HEALTHY", "color": "#10b981", "score": 79}, "geometry": {"type": "Point", "coordinates": [72.845667, 19.120393]}}, {"type": "Feature", "id": "obs-ANDHERI-SEG-119-2", "properties": {"roadId": "ANDHERI-SEG-119", "roadName": "Swami Vivekanand Road", "condition": "HEALTHY", "color": "#10b981", "score": 79}, "geometry": {"type": "Point", "coordinates": [72.845786, 19.120735]}}, {"type": "Feature", "id": "obs-ANDHERI-SEG-119-3", "properties": {"roadId": "ANDHERI-SEG-119", "roadName": "Swami Vivekanand Road", "condition": "HEALTHY", "color": "#10b981", "score": 79}, "geometry": {"type": "Point", "coordinates": [72.845902, 19.121077]}}, {"type": "Feature", "id": "obs-ANDHERI-SEG-119-4", "properties": {"roadId": "ANDHERI-SEG-119", "roadName": "Swami Vivekanand Road", "condition": "HEALTHY", "color": "#10b981", "score": 79}, "geometry": {"type": "Point", "coordinates": [72.846017, 19.12142]}}, {"type": "Feature", "id": "obs-ANDHERI-SEG-119-5", "properties": {"roadId": "ANDHERI-SEG-119", "roadName": "Swami Vivekanand Road", "condition": "HEALTHY", "color": "#10b981", "score": 79}, "geometry": {"type": "Point", "coordinates": [72.846134, 19.121763]}}, {"type": "Feature", "id": "obs-ANDHERI-SEG-119-6", "properties": {"roadId": "ANDHERI-SEG-119", "roadName": "Swami Vivekanand Road", "condition": "HEALTHY", "color": "#10b981", "score": 79}, "geometry": {"type": "Point", "coordinates": [72.8462267, 19.1220348]}}, {"type": "Feature", "id": "obs-ANDHERI-SEG-120-0", "properties": {"roadId": "ANDHERI-SEG-120", "roadName": "Bhakti Vendanta Swami Marg", "condition": "POOR", "color": "#f97316", "score": 65}, "geometry": {"type": "Point", "coordinates": [72.8305113, 19.1160271]}}, {"type": "Feature", "id": "obs-ANDHERI-SEG-120-1", "properties": {"roadId": "ANDHERI-SEG-120", "roadName": "Bhakti Vendanta Swami Marg", "condition": "WATCH", "color": "#eab308", "score": 65}, "geometry": {"type": "Point", "coordinates": [72.830131, 19.116041]}}, {"type": "Feature", "id": "obs-ANDHERI-SEG-120-2", "properties": {"roadId": "ANDHERI-SEG-120", "roadName": "Bhakti Vendanta Swami Marg", "condition": "WATCH", "color": "#eab308", "score": 65}, "geometry": {"type": "Point", "coordinates": [72.8299538, 19.1160475]}}, {"type": "Feature", "id": "obs-ANDHERI-SEG-121-0", "properties": {"roadId": "ANDHERI-SEG-121", "roadName": "Bhakti Vedanta Swami Marg", "condition": "HEALTHY", "color": "#10b981", "score": 88}, "geometry": {"type": "Point", "coordinates": [72.833759, 19.116061]}}, {"type": "Feature", "id": "obs-ANDHERI-SEG-121-1", "properties": {"roadId": "ANDHERI-SEG-121", "roadName": "Bhakti Vedanta Swami Marg", "condition": "HEALTHY", "color": "#10b981", "score": 88}, "geometry": {"type": "Point", "coordinates": [72.834119, 19.115945]}}, {"type": "Feature", "id": "obs-ANDHERI-SEG-121-2", "properties": {"roadId": "ANDHERI-SEG-121", "roadName": "Bhakti Vedanta Swami Marg", "condition": "HEALTHY", "color": "#10b981", "score": 88}, "geometry": {"type": "Point", "coordinates": [72.8343163, 19.1158898]}}, {"type": "Feature", "id": "obs-ANDHERI-SEG-122-0", "properties": {"roadId": "ANDHERI-SEG-122", "roadName": "Swami Vivekanand Road", "condition": "HEALTHY", "color": "#10b981", "score": 82}, "geometry": {"type": "Point", "coordinates": [72.8438487, 19.1163671]}}, {"type": "Feature", "id": "obs-ANDHERI-SEG-122-1", "properties": {"roadId": "ANDHERI-SEG-122", "roadName": "Swami Vivekanand Road", "condition": "HEALTHY", "color": "#10b981", "score": 82}, "geometry": {"type": "Point", "coordinates": [72.8441185, 19.1165909]}}, {"type": "Feature", "id": "obs-ANDHERI-SEG-123-0", "properties": {"roadId": "ANDHERI-SEG-123", "roadName": "Madhavdas Amarshi Marg", "condition": "POOR", "color": "#f97316", "score": 68}, "geometry": {"type": "Point", "coordinates": [72.844138, 19.1165039]}}, {"type": "Feature", "id": "obs-ANDHERI-SEG-123-1", "properties": {"roadId": "ANDHERI-SEG-123", "roadName": "Madhavdas Amarshi Marg", "condition": "WATCH", "color": "#eab308", "score": 68}, "geometry": {"type": "Point", "coordinates": [72.8444799, 19.1164297]}}, {"type": "Feature", "id": "obs-ANDHERI-SEG-124-0", "properties": {"roadId": "ANDHERI-SEG-124", "roadName": "Jai Prakash Road", "condition": "HEALTHY", "color": "#10b981", "score": 91}, "geometry": {"type": "Point", "coordinates": [72.820436, 19.130549]}}, {"type": "Feature", "id": "obs-ANDHERI-SEG-124-1", "properties": {"roadId": "ANDHERI-SEG-124", "roadName": "Jai Prakash Road", "condition": "HEALTHY", "color": "#10b981", "score": 91}, "geometry": {"type": "Point", "coordinates": [72.820803, 19.130453]}}, {"type": "Feature", "id": "obs-ANDHERI-SEG-124-2", "properties": {"roadId": "ANDHERI-SEG-124", "roadName": "Jai Prakash Road", "condition": "HEALTHY", "color": "#10b981", "score": 91}, "geometry": {"type": "Point", "coordinates": [72.821172, 19.130366]}}, {"type": "Feature", "id": "obs-ANDHERI-SEG-124-3", "properties": {"roadId": "ANDHERI-SEG-124", "roadName": "Jai Prakash Road", "condition": "HEALTHY", "color": "#10b981", "score": 91}, "geometry": {"type": "Point", "coordinates": [72.821542, 19.130279]}}, {"type": "Feature", "id": "obs-ANDHERI-SEG-124-4", "properties": {"roadId": "ANDHERI-SEG-124", "roadName": "Jai Prakash Road", "condition": "HEALTHY", "color": "#10b981", "score": 91}, "geometry": {"type": "Point", "coordinates": [72.821911, 19.130192]}}, {"type": "Feature", "id": "obs-ANDHERI-SEG-124-5", "properties": {"roadId": "ANDHERI-SEG-124", "roadName": "Jai Prakash Road", "condition": "HEALTHY", "color": "#10b981", "score": 91}, "geometry": {"type": "Point", "coordinates": [72.822283, 19.130114]}}, {"type": "Feature", "id": "obs-ANDHERI-SEG-124-6", "properties": {"roadId": "ANDHERI-SEG-124", "roadName": "Jai Prakash Road", "condition": "HEALTHY", "color": "#10b981", "score": 91}, "geometry": {"type": "Point", "coordinates": [72.822654, 19.130032]}}, {"type": "Feature", "id": "obs-ANDHERI-SEG-124-7", "properties": {"roadId": "ANDHERI-SEG-124", "roadName": "Jai Prakash Road", "condition": "HEALTHY", "color": "#10b981", "score": 91}, "geometry": {"type": "Point", "coordinates": [72.823022, 19.12994]}}, {"type": "Feature", "id": "obs-ANDHERI-SEG-124-8", "properties": {"roadId": "ANDHERI-SEG-124", "roadName": "Jai Prakash Road", "condition": "HEALTHY", "color": "#10b981", "score": 91}, "geometry": {"type": "Point", "coordinates": [72.823388, 19.129842]}}, {"type": "Feature", "id": "obs-ANDHERI-SEG-124-9", "properties": {"roadId": "ANDHERI-SEG-124", "roadName": "Jai Prakash Road", "condition": "HEALTHY", "color": "#10b981", "score": 91}, "geometry": {"type": "Point", "coordinates": [72.823756, 19.129749]}}, {"type": "Feature", "id": "obs-ANDHERI-SEG-124-10", "properties": {"roadId": "ANDHERI-SEG-124", "roadName": "Jai Prakash Road", "condition": "HEALTHY", "color": "#10b981", "score": 91}, "geometry": {"type": "Point", "coordinates": [72.824126, 19.129663]}}, {"type": "Feature", "id": "obs-ANDHERI-SEG-124-11", "properties": {"roadId": "ANDHERI-SEG-124", "roadName": "Jai Prakash Road", "condition": "HEALTHY", "color": "#10b981", "score": 91}, "geometry": {"type": "Point", "coordinates": [72.824496, 19.12958]}}, {"type": "Feature", "id": "obs-ANDHERI-SEG-124-12", "properties": {"roadId": "ANDHERI-SEG-124", "roadName": "Jai Prakash Road", "condition": "HEALTHY", "color": "#10b981", "score": 91}, "geometry": {"type": "Point", "coordinates": [72.824867, 19.129499]}}, {"type": "Feature", "id": "obs-ANDHERI-SEG-124-13", "properties": {"roadId": "ANDHERI-SEG-124", "roadName": "Jai Prakash Road", "condition": "HEALTHY", "color": "#10b981", "score": 91}, "geometry": {"type": "Point", "coordinates": [72.825241, 19.12943]}}, {"type": "Feature", "id": "obs-ANDHERI-SEG-124-14", "properties": {"roadId": "ANDHERI-SEG-124", "roadName": "Jai Prakash Road", "condition": "HEALTHY", "color": "#10b981", "score": 91}, "geometry": {"type": "Point", "coordinates": [72.825615, 19.129365]}}, {"type": "Feature", "id": "obs-ANDHERI-SEG-124-15", "properties": {"roadId": "ANDHERI-SEG-124", "roadName": "Jai Prakash Road", "condition": "HEALTHY", "color": "#10b981", "score": 91}, "geometry": {"type": "Point", "coordinates": [72.8256708, 19.1293525]}}, {"type": "Feature", "id": "obs-ANDHERI-SEG-125-0", "properties": {"roadId": "ANDHERI-SEG-125", "roadName": "Jai Prakash Road", "condition": "POOR", "color": "#f97316", "score": 64}, "geometry": {"type": "Point", "coordinates": [72.8257466, 19.1292388]}}, {"type": "Feature", "id": "obs-ANDHERI-SEG-125-1", "properties": {"roadId": "ANDHERI-SEG-125", "roadName": "Jai Prakash Road", "condition": "WATCH", "color": "#eab308", "score": 64}, "geometry": {"type": "Point", "coordinates": [72.8256654, 19.1292546]}}, {"type": "Feature", "id": "obs-ANDHERI-SEG-126-0", "properties": {"roadId": "ANDHERI-SEG-126", "roadName": "Swami Vivekanand Road", "condition": "CRITICAL", "color": "#ef4444", "score": 46}, "geometry": {"type": "Point", "coordinates": [72.8463191, 19.122075]}}, {"type": "Feature", "id": "obs-ANDHERI-SEG-126-1", "properties": {"roadId": "ANDHERI-SEG-126", "roadName": "Swami Vivekanand Road", "condition": "POOR", "color": "#f97316", "score": 46}, "geometry": {"type": "Point", "coordinates": [72.846215, 19.12173]}}, {"type": "Feature", "id": "obs-ANDHERI-SEG-126-2", "properties": {"roadId": "ANDHERI-SEG-126", "roadName": "Swami Vivekanand Road", "condition": "POOR", "color": "#f97316", "score": 46}, "geometry": {"type": "Point", "coordinates": [72.8461, 19.121387]}}, {"type": "Feature", "id": "obs-ANDHERI-SEG-126-3", "properties": {"roadId": "ANDHERI-SEG-126", "roadName": "Swami Vivekanand Road", "condition": "CRITICAL", "color": "#ef4444", "score": 46}, "geometry": {"type": "Point", "coordinates": [72.845985, 19.121044]}}, {"type": "Feature", "id": "obs-ANDHERI-SEG-126-4", "properties": {"roadId": "ANDHERI-SEG-126", "roadName": "Swami Vivekanand Road", "condition": "POOR", "color": "#f97316", "score": 46}, "geometry": {"type": "Point", "coordinates": [72.845869, 19.120701]}}, {"type": "Feature", "id": "obs-ANDHERI-SEG-126-5", "properties": {"roadId": "ANDHERI-SEG-126", "roadName": "Swami Vivekanand Road", "condition": "POOR", "color": "#f97316", "score": 46}, "geometry": {"type": "Point", "coordinates": [72.845751, 19.120359]}}, {"type": "Feature", "id": "obs-ANDHERI-SEG-126-6", "properties": {"roadId": "ANDHERI-SEG-126", "roadName": "Swami Vivekanand Road", "condition": "CRITICAL", "color": "#ef4444", "score": 46}, "geometry": {"type": "Point", "coordinates": [72.845626, 19.120019]}}, {"type": "Feature", "id": "obs-ANDHERI-SEG-126-7", "properties": {"roadId": "ANDHERI-SEG-126", "roadName": "Swami Vivekanand Road", "condition": "POOR", "color": "#f97316", "score": 46}, "geometry": {"type": "Point", "coordinates": [72.8455894, 19.119921]}}, {"type": "Feature", "id": "obs-ANDHERI-SEG-127-0", "properties": {"roadId": "ANDHERI-SEG-127", "roadName": "Jai Prakash Road", "condition": "HEALTHY", "color": "#10b981", "score": 85}, "geometry": {"type": "Point", "coordinates": [72.8373669, 19.1270156]}}, {"type": "Feature", "id": "obs-ANDHERI-SEG-127-1", "properties": {"roadId": "ANDHERI-SEG-127", "roadName": "Jai Prakash Road", "condition": "HEALTHY", "color": "#10b981", "score": 85}, "geometry": {"type": "Point", "coordinates": [72.83774, 19.126944]}}, {"type": "Feature", "id": "obs-ANDHERI-SEG-127-2", "properties": {"roadId": "ANDHERI-SEG-127", "roadName": "Jai Prakash Road", "condition": "HEALTHY", "color": "#10b981", "score": 85}, "geometry": {"type": "Point", "coordinates": [72.838116, 19.126885]}}, {"type": "Feature", "id": "obs-ANDHERI-SEG-127-3", "properties": {"roadId": "ANDHERI-SEG-127", "roadName": "Jai Prakash Road", "condition": "HEALTHY", "color": "#10b981", "score": 85}, "geometry": {"type": "Point", "coordinates": [72.838491, 19.126825]}}, {"type": "Feature", "id": "obs-ANDHERI-SEG-127-4", "properties": {"roadId": "ANDHERI-SEG-127", "roadName": "Jai Prakash Road", "condition": "HEALTHY", "color": "#10b981", "score": 85}, "geometry": {"type": "Point", "coordinates": [72.838854, 19.126717]}}, {"type": "Feature", "id": "obs-ANDHERI-SEG-127-5", "properties": {"roadId": "ANDHERI-SEG-127", "roadName": "Jai Prakash Road", "condition": "HEALTHY", "color": "#10b981", "score": 85}, "geometry": {"type": "Point", "coordinates": [72.83922, 19.126617]}}, {"type": "Feature", "id": "obs-ANDHERI-SEG-127-6", "properties": {"roadId": "ANDHERI-SEG-127", "roadName": "Jai Prakash Road", "condition": "HEALTHY", "color": "#10b981", "score": 85}, "geometry": {"type": "Point", "coordinates": [72.839586, 19.126517]}}, {"type": "Feature", "id": "obs-ANDHERI-SEG-127-7", "properties": {"roadId": "ANDHERI-SEG-127", "roadName": "Jai Prakash Road", "condition": "HEALTHY", "color": "#10b981", "score": 85}, "geometry": {"type": "Point", "coordinates": [72.8396545, 19.1264983]}}, {"type": "Feature", "id": "obs-ANDHERI-SEG-128-0", "properties": {"roadId": "ANDHERI-SEG-128", "roadName": "Jai Prakash Road", "condition": "POOR", "color": "#f97316", "score": 71}, "geometry": {"type": "Point", "coordinates": [72.8311333, 19.1281251]}}, {"type": "Feature", "id": "obs-ANDHERI-SEG-128-1", "properties": {"roadId": "ANDHERI-SEG-128", "roadName": "Jai Prakash Road", "condition": "WATCH", "color": "#eab308", "score": 71}, "geometry": {"type": "Point", "coordinates": [72.831503, 19.12804]}}, {"type": "Feature", "id": "obs-ANDHERI-SEG-128-2", "properties": {"roadId": "ANDHERI-SEG-128", "roadName": "Jai Prakash Road", "condition": "WATCH", "color": "#eab308", "score": 71}, "geometry": {"type": "Point", "coordinates": [72.831874, 19.127958]}}, {"type": "Feature", "id": "obs-ANDHERI-SEG-128-3", "properties": {"roadId": "ANDHERI-SEG-128", "roadName": "Jai Prakash Road", "condition": "WATCH", "color": "#eab308", "score": 71}, "geometry": {"type": "Point", "coordinates": [72.832245, 19.127878]}}, {"type": "Feature", "id": "obs-ANDHERI-SEG-128-4", "properties": {"roadId": "ANDHERI-SEG-128", "roadName": "Jai Prakash Road", "condition": "POOR", "color": "#f97316", "score": 71}, "geometry": {"type": "Point", "coordinates": [72.832615, 19.127792]}}, {"type": "Feature", "id": "obs-ANDHERI-SEG-128-5", "properties": {"roadId": "ANDHERI-SEG-128", "roadName": "Jai Prakash Road", "condition": "WATCH", "color": "#eab308", "score": 71}, "geometry": {"type": "Point", "coordinates": [72.832985, 19.127707]}}, {"type": "Feature", "id": "obs-ANDHERI-SEG-128-6", "properties": {"roadId": "ANDHERI-SEG-128", "roadName": "Jai Prakash Road", "condition": "WATCH", "color": "#eab308", "score": 71}, "geometry": {"type": "Point", "coordinates": [72.833356, 19.127628]}}, {"type": "Feature", "id": "obs-ANDHERI-SEG-128-7", "properties": {"roadId": "ANDHERI-SEG-128", "roadName": "Jai Prakash Road", "condition": "WATCH", "color": "#eab308", "score": 71}, "geometry": {"type": "Point", "coordinates": [72.833728, 19.12755]}}, {"type": "Feature", "id": "obs-ANDHERI-SEG-128-8", "properties": {"roadId": "ANDHERI-SEG-128", "roadName": "Jai Prakash Road", "condition": "POOR", "color": "#f97316", "score": 71}, "geometry": {"type": "Point", "coordinates": [72.834099, 19.127469]}}, {"type": "Feature", "id": "obs-ANDHERI-SEG-128-9", "properties": {"roadId": "ANDHERI-SEG-128", "roadName": "Jai Prakash Road", "condition": "WATCH", "color": "#eab308", "score": 71}, "geometry": {"type": "Point", "coordinates": [72.834465, 19.12737]}}, {"type": "Feature", "id": "obs-ANDHERI-SEG-128-10", "properties": {"roadId": "ANDHERI-SEG-128", "roadName": "Jai Prakash Road", "condition": "WATCH", "color": "#eab308", "score": 71}, "geometry": {"type": "Point", "coordinates": [72.834835, 19.127286]}}, {"type": "Feature", "id": "obs-ANDHERI-SEG-128-11", "properties": {"roadId": "ANDHERI-SEG-128", "roadName": "Jai Prakash Road", "condition": "WATCH", "color": "#eab308", "score": 71}, "geometry": {"type": "Point", "coordinates": [72.835211, 19.127236]}}, {"type": "Feature", "id": "obs-ANDHERI-SEG-128-12", "properties": {"roadId": "ANDHERI-SEG-128", "roadName": "Jai Prakash Road", "condition": "POOR", "color": "#f97316", "score": 71}, "geometry": {"type": "Point", "coordinates": [72.835591, 19.127221]}}, {"type": "Feature", "id": "obs-ANDHERI-SEG-128-13", "properties": {"roadId": "ANDHERI-SEG-128", "roadName": "Jai Prakash Road", "condition": "WATCH", "color": "#eab308", "score": 71}, "geometry": {"type": "Point", "coordinates": [72.835972, 19.127216]}}, {"type": "Feature", "id": "obs-ANDHERI-SEG-128-14", "properties": {"roadId": "ANDHERI-SEG-128", "roadName": "Jai Prakash Road", "condition": "WATCH", "color": "#eab308", "score": 71}, "geometry": {"type": "Point", "coordinates": [72.836352, 19.127198]}}, {"type": "Feature", "id": "obs-ANDHERI-SEG-128-15", "properties": {"roadId": "ANDHERI-SEG-128", "roadName": "Jai Prakash Road", "condition": "WATCH", "color": "#eab308", "score": 71}, "geometry": {"type": "Point", "coordinates": [72.83673, 19.127156]}}, {"type": "Feature", "id": "obs-ANDHERI-SEG-128-16", "properties": {"roadId": "ANDHERI-SEG-128", "roadName": "Jai Prakash Road", "condition": "POOR", "color": "#f97316", "score": 71}, "geometry": {"type": "Point", "coordinates": [72.837101, 19.127076]}}, {"type": "Feature", "id": "obs-ANDHERI-SEG-128-17", "properties": {"roadId": "ANDHERI-SEG-128", "roadName": "Jai Prakash Road", "condition": "WATCH", "color": "#eab308", "score": 71}, "geometry": {"type": "Point", "coordinates": [72.8373669, 19.1270156]}}, {"type": "Feature", "id": "obs-ANDHERI-SEG-129-0", "properties": {"roadId": "ANDHERI-SEG-129", "roadName": "Veera Desai Road", "condition": "CRITICAL", "color": "#ef4444", "score": 29}, "geometry": {"type": "Point", "coordinates": [72.8376424, 19.1316643]}}, {"type": "Feature", "id": "obs-ANDHERI-SEG-129-1", "properties": {"roadId": "ANDHERI-SEG-129", "roadName": "Veera Desai Road", "condition": "CRITICAL", "color": "#ef4444", "score": 29}, "geometry": {"type": "Point", "coordinates": [72.837627, 19.131305]}}, {"type": "Feature", "id": "obs-ANDHERI-SEG-129-2", "properties": {"roadId": "ANDHERI-SEG-129", "roadName": "Veera Desai Road", "condition": "CRITICAL", "color": "#ef4444", "score": 29}, "geometry": {"type": "Point", "coordinates": [72.837629, 19.130945]}}, {"type": "Feature", "id": "obs-ANDHERI-SEG-129-3", "properties": {"roadId": "ANDHERI-SEG-129", "roadName": "Veera Desai Road", "condition": "CRITICAL", "color": "#ef4444", "score": 29}, "geometry": {"type": "Point", "coordinates": [72.837655, 19.130587]}}, {"type": "Feature", "id": "obs-ANDHERI-SEG-129-4", "properties": {"roadId": "ANDHERI-SEG-129", "roadName": "Veera Desai Road", "condition": "CRITICAL", "color": "#ef4444", "score": 29}, "geometry": {"type": "Point", "coordinates": [72.837694, 19.130229]}}, {"type": "Feature", "id": "obs-ANDHERI-SEG-129-5", "properties": {"roadId": "ANDHERI-SEG-129", "roadName": "Veera Desai Road", "condition": "CRITICAL", "color": "#ef4444", "score": 29}, "geometry": {"type": "Point", "coordinates": [72.837734, 19.129871]}}, {"type": "Feature", "id": "obs-ANDHERI-SEG-129-6", "properties": {"roadId": "ANDHERI-SEG-129", "roadName": "Veera Desai Road", "condition": "CRITICAL", "color": "#ef4444", "score": 29}, "geometry": {"type": "Point", "coordinates": [72.837771, 19.129513]}}, {"type": "Feature", "id": "obs-ANDHERI-SEG-129-7", "properties": {"roadId": "ANDHERI-SEG-129", "roadName": "Veera Desai Road", "condition": "CRITICAL", "color": "#ef4444", "score": 29}, "geometry": {"type": "Point", "coordinates": [72.837809, 19.129155]}}, {"type": "Feature", "id": "obs-ANDHERI-SEG-129-8", "properties": {"roadId": "ANDHERI-SEG-129", "roadName": "Veera Desai Road", "condition": "CRITICAL", "color": "#ef4444", "score": 29}, "geometry": {"type": "Point", "coordinates": [72.837846, 19.128797]}}, {"type": "Feature", "id": "obs-ANDHERI-SEG-129-9", "properties": {"roadId": "ANDHERI-SEG-129", "roadName": "Veera Desai Road", "condition": "CRITICAL", "color": "#ef4444", "score": 29}, "geometry": {"type": "Point", "coordinates": [72.837818, 19.1285909]}}, {"type": "Feature", "id": "obs-ANDHERI-SEG-130-0", "properties": {"roadId": "ANDHERI-SEG-130", "roadName": "Link Road", "condition": "CRITICAL", "color": "#ef4444", "score": 42}, "geometry": {"type": "Point", "coordinates": [72.8320451, 19.1345386]}}, {"type": "Feature", "id": "obs-ANDHERI-SEG-130-1", "properties": {"roadId": "ANDHERI-SEG-130", "roadName": "Link Road", "condition": "POOR", "color": "#f97316", "score": 42}, "geometry": {"type": "Point", "coordinates": [72.831977, 19.134185]}}, {"type": "Feature", "id": "obs-ANDHERI-SEG-130-2", "properties": {"roadId": "ANDHERI-SEG-130", "roadName": "Link Road", "condition": "POOR", "color": "#f97316", "score": 42}, "geometry": {"type": "Point", "coordinates": [72.831912, 19.13383]}}, {"type": "Feature", "id": "obs-ANDHERI-SEG-130-3", "properties": {"roadId": "ANDHERI-SEG-130", "roadName": "Link Road", "condition": "CRITICAL", "color": "#ef4444", "score": 42}, "geometry": {"type": "Point", "coordinates": [72.831847, 19.133476]}}, {"type": "Feature", "id": "obs-ANDHERI-SEG-130-4", "properties": {"roadId": "ANDHERI-SEG-130", "roadName": "Link Road", "condition": "POOR", "color": "#f97316", "score": 42}, "geometry": {"type": "Point", "coordinates": [72.831783, 19.133121]}}, {"type": "Feature", "id": "obs-ANDHERI-SEG-130-5", "properties": {"roadId": "ANDHERI-SEG-130", "roadName": "Link Road", "condition": "POOR", "color": "#f97316", "score": 42}, "geometry": {"type": "Point", "coordinates": [72.831718, 19.132767]}}, {"type": "Feature", "id": "obs-ANDHERI-SEG-130-6", "properties": {"roadId": "ANDHERI-SEG-130", "roadName": "Link Road", "condition": "CRITICAL", "color": "#ef4444", "score": 42}, "geometry": {"type": "Point", "coordinates": [72.831653, 19.132412]}}, {"type": "Feature", "id": "obs-ANDHERI-SEG-130-7", "properties": {"roadId": "ANDHERI-SEG-130", "roadName": "Link Road", "condition": "POOR", "color": "#f97316", "score": 42}, "geometry": {"type": "Point", "coordinates": [72.8316199, 19.1321691]}}, {"type": "Feature", "id": "obs-ANDHERI-SEG-131-0", "properties": {"roadId": "ANDHERI-SEG-131", "roadName": "Link Road", "condition": "HEALTHY", "color": "#10b981", "score": 79}, "geometry": {"type": "Point", "coordinates": [72.8315502, 19.1322263]}}, {"type": "Feature", "id": "obs-ANDHERI-SEG-131-1", "properties": {"roadId": "ANDHERI-SEG-131", "roadName": "Link Road", "condition": "HEALTHY", "color": "#10b981", "score": 79}, "geometry": {"type": "Point", "coordinates": [72.831618, 19.13258]}}, {"type": "Feature", "id": "obs-ANDHERI-SEG-131-2", "properties": {"roadId": "ANDHERI-SEG-131", "roadName": "Link Road", "condition": "HEALTHY", "color": "#10b981", "score": 79}, "geometry": {"type": "Point", "coordinates": [72.831686, 19.132934]}}, {"type": "Feature", "id": "obs-ANDHERI-SEG-131-3", "properties": {"roadId": "ANDHERI-SEG-131", "roadName": "Link Road", "condition": "HEALTHY", "color": "#10b981", "score": 79}, "geometry": {"type": "Point", "coordinates": [72.831742, 19.13329]}}, {"type": "Feature", "id": "obs-ANDHERI-SEG-131-4", "properties": {"roadId": "ANDHERI-SEG-131", "roadName": "Link Road", "condition": "HEALTHY", "color": "#10b981", "score": 79}, "geometry": {"type": "Point", "coordinates": [72.831799, 19.133646]}}, {"type": "Feature", "id": "obs-ANDHERI-SEG-131-5", "properties": {"roadId": "ANDHERI-SEG-131", "roadName": "Link Road", "condition": "HEALTHY", "color": "#10b981", "score": 79}, "geometry": {"type": "Point", "coordinates": [72.831864, 19.134]}}, {"type": "Feature", "id": "obs-ANDHERI-SEG-131-6", "properties": {"roadId": "ANDHERI-SEG-131", "roadName": "Link Road", "condition": "HEALTHY", "color": "#10b981", "score": 79}, "geometry": {"type": "Point", "coordinates": [72.83193, 19.134354]}}, {"type": "Feature", "id": "obs-ANDHERI-SEG-131-7", "properties": {"roadId": "ANDHERI-SEG-131", "roadName": "Link Road", "condition": "HEALTHY", "color": "#10b981", "score": 79}, "geometry": {"type": "Point", "coordinates": [72.831999, 19.134708]}}, {"type": "Feature", "id": "obs-ANDHERI-SEG-131-8", "properties": {"roadId": "ANDHERI-SEG-131", "roadName": "Link Road", "condition": "HEALTHY", "color": "#10b981", "score": 79}, "geometry": {"type": "Point", "coordinates": [72.8320615, 19.1350342]}}, {"type": "Feature", "id": "obs-ANDHERI-SEG-132-0", "properties": {"roadId": "ANDHERI-SEG-132", "roadName": "Tertiary (1254255322)", "condition": "POOR", "color": "#f97316", "score": 65}, "geometry": {"type": "Point", "coordinates": [72.8377238, 19.1285858]}}, {"type": "Feature", "id": "obs-ANDHERI-SEG-132-1", "properties": {"roadId": "ANDHERI-SEG-132", "roadName": "Tertiary (1254255322)", "condition": "WATCH", "color": "#eab308", "score": 65}, "geometry": {"type": "Point", "coordinates": [72.837732, 19.128942]}}, {"type": "Feature", "id": "obs-ANDHERI-SEG-132-2", "properties": {"roadId": "ANDHERI-SEG-132", "roadName": "Tertiary (1254255322)", "condition": "WATCH", "color": "#eab308", "score": 65}, "geometry": {"type": "Point", "coordinates": [72.837696, 19.1293]}}, {"type": "Feature", "id": "obs-ANDHERI-SEG-132-3", "properties": {"roadId": "ANDHERI-SEG-132", "roadName": "Tertiary (1254255322)", "condition": "WATCH", "color": "#eab308", "score": 65}, "geometry": {"type": "Point", "coordinates": [72.837661, 19.129658]}}, {"type": "Feature", "id": "obs-ANDHERI-SEG-132-4", "properties": {"roadId": "ANDHERI-SEG-132", "roadName": "Tertiary (1254255322)", "condition": "POOR", "color": "#f97316", "score": 65}, "geometry": {"type": "Point", "coordinates": [72.837626, 19.130017]}}, {"type": "Feature", "id": "obs-ANDHERI-SEG-132-5", "properties": {"roadId": "ANDHERI-SEG-132", "roadName": "Tertiary (1254255322)", "condition": "WATCH", "color": "#eab308", "score": 65}, "geometry": {"type": "Point", "coordinates": [72.837591, 19.130375]}}, {"type": "Feature", "id": "obs-ANDHERI-SEG-132-6", "properties": {"roadId": "ANDHERI-SEG-132", "roadName": "Tertiary (1254255322)", "condition": "WATCH", "color": "#eab308", "score": 65}, "geometry": {"type": "Point", "coordinates": [72.837555, 19.130733]}}, {"type": "Feature", "id": "obs-ANDHERI-SEG-132-7", "properties": {"roadId": "ANDHERI-SEG-132", "roadName": "Tertiary (1254255322)", "condition": "WATCH", "color": "#eab308", "score": 65}, "geometry": {"type": "Point", "coordinates": [72.83754, 19.131092]}}, {"type": "Feature", "id": "obs-ANDHERI-SEG-132-8", "properties": {"roadId": "ANDHERI-SEG-132", "roadName": "Tertiary (1254255322)", "condition": "POOR", "color": "#f97316", "score": 65}, "geometry": {"type": "Point", "coordinates": [72.837545, 19.131452]}}, {"type": "Feature", "id": "obs-ANDHERI-SEG-132-9", "properties": {"roadId": "ANDHERI-SEG-132", "roadName": "Tertiary (1254255322)", "condition": "WATCH", "color": "#eab308", "score": 65}, "geometry": {"type": "Point", "coordinates": [72.8375499, 19.1316307]}}, {"type": "Feature", "id": "obs-ANDHERI-SEG-133-0", "properties": {"roadId": "ANDHERI-SEG-133", "roadName": "Jai Prakash Road", "condition": "HEALTHY", "color": "#10b981", "score": 88}, "geometry": {"type": "Point", "coordinates": [72.8372819, 19.126944]}}, {"type": "Feature", "id": "obs-ANDHERI-SEG-133-1", "properties": {"roadId": "ANDHERI-SEG-133", "roadName": "Jai Prakash Road", "condition": "HEALTHY", "color": "#10b981", "score": 88}, "geometry": {"type": "Point", "coordinates": [72.836911, 19.127025]}}, {"type": "Feature", "id": "obs-ANDHERI-SEG-133-2", "properties": {"roadId": "ANDHERI-SEG-133", "roadName": "Jai Prakash Road", "condition": "HEALTHY", "color": "#10b981", "score": 88}, "geometry": {"type": "Point", "coordinates": [72.836534, 19.127074]}}, {"type": "Feature", "id": "obs-ANDHERI-SEG-133-3", "properties": {"roadId": "ANDHERI-SEG-133", "roadName": "Jai Prakash Road", "condition": "HEALTHY", "color": "#10b981", "score": 88}, "geometry": {"type": "Point", "coordinates": [72.836155, 19.127105]}}, {"type": "Feature", "id": "obs-ANDHERI-SEG-133-4", "properties": {"roadId": "ANDHERI-SEG-133", "roadName": "Jai Prakash Road", "condition": "HEALTHY", "color": "#10b981", "score": 88}, "geometry": {"type": "Point", "coordinates": [72.835775, 19.127121]}}, {"type": "Feature", "id": "obs-ANDHERI-SEG-133-5", "properties": {"roadId": "ANDHERI-SEG-133", "roadName": "Jai Prakash Road", "condition": "HEALTHY", "color": "#10b981", "score": 88}, "geometry": {"type": "Point", "coordinates": [72.835394, 19.127136]}}, {"type": "Feature", "id": "obs-ANDHERI-SEG-133-6", "properties": {"roadId": "ANDHERI-SEG-133", "roadName": "Jai Prakash Road", "condition": "HEALTHY", "color": "#10b981", "score": 88}, "geometry": {"type": "Point", "coordinates": [72.835014, 19.127153]}}, {"type": "Feature", "id": "obs-ANDHERI-SEG-133-7", "properties": {"roadId": "ANDHERI-SEG-133", "roadName": "Jai Prakash Road", "condition": "HEALTHY", "color": "#10b981", "score": 88}, "geometry": {"type": "Point", "coordinates": [72.834643, 19.127233]}}, {"type": "Feature", "id": "obs-ANDHERI-SEG-133-8", "properties": {"roadId": "ANDHERI-SEG-133", "roadName": "Jai Prakash Road", "condition": "HEALTHY", "color": "#10b981", "score": 88}, "geometry": {"type": "Point", "coordinates": [72.834272, 19.127314]}}, {"type": "Feature", "id": "obs-ANDHERI-SEG-133-9", "properties": {"roadId": "ANDHERI-SEG-133", "roadName": "Jai Prakash Road", "condition": "HEALTHY", "color": "#10b981", "score": 88}, "geometry": {"type": "Point", "coordinates": [72.833902, 19.1274]}}, {"type": "Feature", "id": "obs-ANDHERI-SEG-133-10", "properties": {"roadId": "ANDHERI-SEG-133", "roadName": "Jai Prakash Road", "condition": "HEALTHY", "color": "#10b981", "score": 88}, "geometry": {"type": "Point", "coordinates": [72.83353, 19.127474]}}, {"type": "Feature", "id": "obs-ANDHERI-SEG-133-11", "properties": {"roadId": "ANDHERI-SEG-133", "roadName": "Jai Prakash Road", "condition": "HEALTHY", "color": "#10b981", "score": 88}, "geometry": {"type": "Point", "coordinates": [72.833157, 19.127549]}}, {"type": "Feature", "id": "obs-ANDHERI-SEG-133-12", "properties": {"roadId": "ANDHERI-SEG-133", "roadName": "Jai Prakash Road", "condition": "HEALTHY", "color": "#10b981", "score": 88}, "geometry": {"type": "Point", "coordinates": [72.832786, 19.127631]}}, {"type": "Feature", "id": "obs-ANDHERI-SEG-133-13", "properties": {"roadId": "ANDHERI-SEG-133", "roadName": "Jai Prakash Road", "condition": "HEALTHY", "color": "#10b981", "score": 88}, "geometry": {"type": "Point", "coordinates": [72.832416, 19.127715]}}, {"type": "Feature", "id": "obs-ANDHERI-SEG-133-14", "properties": {"roadId": "ANDHERI-SEG-133", "roadName": "Jai Prakash Road", "condition": "HEALTHY", "color": "#10b981", "score": 88}, "geometry": {"type": "Point", "coordinates": [72.832046, 19.1278]}}, {"type": "Feature", "id": "obs-ANDHERI-SEG-133-15", "properties": {"roadId": "ANDHERI-SEG-133", "roadName": "Jai Prakash Road", "condition": "HEALTHY", "color": "#10b981", "score": 88}, "geometry": {"type": "Point", "coordinates": [72.831676, 19.127884]}}, {"type": "Feature", "id": "obs-ANDHERI-SEG-133-16", "properties": {"roadId": "ANDHERI-SEG-133", "roadName": "Jai Prakash Road", "condition": "HEALTHY", "color": "#10b981", "score": 88}, "geometry": {"type": "Point", "coordinates": [72.831306, 19.127969]}}, {"type": "Feature", "id": "obs-ANDHERI-SEG-133-17", "properties": {"roadId": "ANDHERI-SEG-133", "roadName": "Jai Prakash Road", "condition": "HEALTHY", "color": "#10b981", "score": 88}, "geometry": {"type": "Point", "coordinates": [72.8311117, 19.1280128]}}, {"type": "Feature", "id": "obs-ANDHERI-SEG-134-0", "properties": {"roadId": "ANDHERI-SEG-134", "roadName": "Ceasar Road", "condition": "HEALTHY", "color": "#10b981", "score": 82}, "geometry": {"type": "Point", "coordinates": [72.8431597, 19.128085]}}, {"type": "Feature", "id": "obs-ANDHERI-SEG-134-1", "properties": {"roadId": "ANDHERI-SEG-134", "roadName": "Ceasar Road", "condition": "HEALTHY", "color": "#10b981", "score": 82}, "geometry": {"type": "Point", "coordinates": [72.843538, 19.12804]}}, {"type": "Feature", "id": "obs-ANDHERI-SEG-134-2", "properties": {"roadId": "ANDHERI-SEG-134", "roadName": "Ceasar Road", "condition": "HEALTHY", "color": "#10b981", "score": 82}, "geometry": {"type": "Point", "coordinates": [72.843915, 19.127996]}}, {"type": "Feature", "id": "obs-ANDHERI-SEG-134-3", "properties": {"roadId": "ANDHERI-SEG-134", "roadName": "Ceasar Road", "condition": "HEALTHY", "color": "#10b981", "score": 82}, "geometry": {"type": "Point", "coordinates": [72.844293, 19.127952]}}, {"type": "Feature", "id": "obs-ANDHERI-SEG-134-4", "properties": {"roadId": "ANDHERI-SEG-134", "roadName": "Ceasar Road", "condition": "HEALTHY", "color": "#10b981", "score": 82}, "geometry": {"type": "Point", "coordinates": [72.844671, 19.127907]}}, {"type": "Feature", "id": "obs-ANDHERI-SEG-134-5", "properties": {"roadId": "ANDHERI-SEG-134", "roadName": "Ceasar Road", "condition": "HEALTHY", "color": "#10b981", "score": 82}, "geometry": {"type": "Point", "coordinates": [72.845049, 19.127863]}}, {"type": "Feature", "id": "obs-ANDHERI-SEG-134-6", "properties": {"roadId": "ANDHERI-SEG-134", "roadName": "Ceasar Road", "condition": "HEALTHY", "color": "#10b981", "score": 82}, "geometry": {"type": "Point", "coordinates": [72.845427, 19.127821]}}, {"type": "Feature", "id": "obs-ANDHERI-SEG-134-7", "properties": {"roadId": "ANDHERI-SEG-134", "roadName": "Ceasar Road", "condition": "HEALTHY", "color": "#10b981", "score": 82}, "geometry": {"type": "Point", "coordinates": [72.845805, 19.127781]}}, {"type": "Feature", "id": "obs-ANDHERI-SEG-134-8", "properties": {"roadId": "ANDHERI-SEG-134", "roadName": "Ceasar Road", "condition": "HEALTHY", "color": "#10b981", "score": 82}, "geometry": {"type": "Point", "coordinates": [72.846184, 19.127741]}}, {"type": "Feature", "id": "obs-ANDHERI-SEG-134-9", "properties": {"roadId": "ANDHERI-SEG-134", "roadName": "Ceasar Road", "condition": "HEALTHY", "color": "#10b981", "score": 82}, "geometry": {"type": "Point", "coordinates": [72.846562, 19.127702]}}, {"type": "Feature", "id": "obs-ANDHERI-SEG-134-10", "properties": {"roadId": "ANDHERI-SEG-134", "roadName": "Ceasar Road", "condition": "HEALTHY", "color": "#10b981", "score": 82}, "geometry": {"type": "Point", "coordinates": [72.846942, 19.127671]}}, {"type": "Feature", "id": "obs-ANDHERI-SEG-134-11", "properties": {"roadId": "ANDHERI-SEG-134", "roadName": "Ceasar Road", "condition": "HEALTHY", "color": "#10b981", "score": 82}, "geometry": {"type": "Point", "coordinates": [72.8471231, 19.1276548]}}, {"type": "Feature", "id": "obs-ANDHERI-SEG-135-0", "properties": {"roadId": "ANDHERI-SEG-135", "roadName": "Sahakar Road", "condition": "POOR", "color": "#f97316", "score": 68}, "geometry": {"type": "Point", "coordinates": [72.8431325, 19.1322885]}}, {"type": "Feature", "id": "obs-ANDHERI-SEG-135-1", "properties": {"roadId": "ANDHERI-SEG-135", "roadName": "Sahakar Road", "condition": "WATCH", "color": "#eab308", "score": 68}, "geometry": {"type": "Point", "coordinates": [72.843348, 19.132584]}}, {"type": "Feature", "id": "obs-ANDHERI-SEG-135-2", "properties": {"roadId": "ANDHERI-SEG-135", "roadName": "Sahakar Road", "condition": "WATCH", "color": "#eab308", "score": 68}, "geometry": {"type": "Point", "coordinates": [72.8435758, 19.1327956]}}, {"type": "Feature", "id": "obs-ANDHERI-SEG-136-0", "properties": {"roadId": "ANDHERI-SEG-136", "roadName": "Ceasar Road", "condition": "HEALTHY", "color": "#10b981", "score": 91}, "geometry": {"type": "Point", "coordinates": [72.8471146, 19.1275858]}}, {"type": "Feature", "id": "obs-ANDHERI-SEG-136-1", "properties": {"roadId": "ANDHERI-SEG-136", "roadName": "Ceasar Road", "condition": "HEALTHY", "color": "#10b981", "score": 91}, "geometry": {"type": "Point", "coordinates": [72.846735, 19.127615]}}, {"type": "Feature", "id": "obs-ANDHERI-SEG-136-2", "properties": {"roadId": "ANDHERI-SEG-136", "roadName": "Ceasar Road", "condition": "HEALTHY", "color": "#10b981", "score": 91}, "geometry": {"type": "Point", "coordinates": [72.846356, 19.127646]}}, {"type": "Feature", "id": "obs-ANDHERI-SEG-136-3", "properties": {"roadId": "ANDHERI-SEG-136", "roadName": "Ceasar Road", "condition": "HEALTHY", "color": "#10b981", "score": 91}, "geometry": {"type": "Point", "coordinates": [72.845978, 19.12769]}}, {"type": "Feature", "id": "obs-ANDHERI-SEG-136-4", "properties": {"roadId": "ANDHERI-SEG-136", "roadName": "Ceasar Road", "condition": "HEALTHY", "color": "#10b981", "score": 91}, "geometry": {"type": "Point", "coordinates": [72.845599, 19.127728]}}, {"type": "Feature", "id": "obs-ANDHERI-SEG-136-5", "properties": {"roadId": "ANDHERI-SEG-136", "roadName": "Ceasar Road", "condition": "HEALTHY", "color": "#10b981", "score": 91}, "geometry": {"type": "Point", "coordinates": [72.84522, 19.127758]}}, {"type": "Feature", "id": "obs-ANDHERI-SEG-136-6", "properties": {"roadId": "ANDHERI-SEG-136", "roadName": "Ceasar Road", "condition": "HEALTHY", "color": "#10b981", "score": 91}, "geometry": {"type": "Point", "coordinates": [72.84484, 19.127788]}}, {"type": "Feature", "id": "obs-ANDHERI-SEG-136-7", "properties": {"roadId": "ANDHERI-SEG-136", "roadName": "Ceasar Road", "condition": "HEALTHY", "color": "#10b981", "score": 91}, "geometry": {"type": "Point", "coordinates": [72.844462, 19.127828]}}, {"type": "Feature", "id": "obs-ANDHERI-SEG-136-8", "properties": {"roadId": "ANDHERI-SEG-136", "roadName": "Ceasar Road", "condition": "HEALTHY", "color": "#10b981", "score": 91}, "geometry": {"type": "Point", "coordinates": [72.844084, 19.127873]}}, {"type": "Feature", "id": "obs-ANDHERI-SEG-136-9", "properties": {"roadId": "ANDHERI-SEG-136", "roadName": "Ceasar Road", "condition": "HEALTHY", "color": "#10b981", "score": 91}, "geometry": {"type": "Point", "coordinates": [72.843707, 19.12792]}}, {"type": "Feature", "id": "obs-ANDHERI-SEG-136-10", "properties": {"roadId": "ANDHERI-SEG-136", "roadName": "Ceasar Road", "condition": "HEALTHY", "color": "#10b981", "score": 91}, "geometry": {"type": "Point", "coordinates": [72.84333, 19.127969]}}, {"type": "Feature", "id": "obs-ANDHERI-SEG-136-11", "properties": {"roadId": "ANDHERI-SEG-136", "roadName": "Ceasar Road", "condition": "HEALTHY", "color": "#10b981", "score": 91}, "geometry": {"type": "Point", "coordinates": [72.8431213, 19.1279997]}}, {"type": "Feature", "id": "obs-ANDHERI-SEG-137-0", "properties": {"roadId": "ANDHERI-SEG-137", "roadName": "Swami Vivekanand Road", "condition": "POOR", "color": "#f97316", "score": 64}, "geometry": {"type": "Point", "coordinates": [72.844138, 19.1165039]}}, {"type": "Feature", "id": "obs-ANDHERI-SEG-137-1", "properties": {"roadId": "ANDHERI-SEG-137", "roadName": "Swami Vivekanand Road", "condition": "WATCH", "color": "#eab308", "score": 64}, "geometry": {"type": "Point", "coordinates": [72.8439791, 19.1163504]}}, {"type": "Feature", "id": "obs-ANDHERI-SEG-138-0", "properties": {"roadId": "ANDHERI-SEG-138", "roadName": "Jai Prakash Road", "condition": "CRITICAL", "color": "#ef4444", "score": 46}, "geometry": {"type": "Point", "coordinates": [72.8385617, 19.1266696]}}, {"type": "Feature", "id": "obs-ANDHERI-SEG-138-1", "properties": {"roadId": "ANDHERI-SEG-138", "roadName": "Jai Prakash Road", "condition": "POOR", "color": "#f97316", "score": 46}, "geometry": {"type": "Point", "coordinates": [72.838191, 19.126753]}}, {"type": "Feature", "id": "obs-ANDHERI-SEG-138-2", "properties": {"roadId": "ANDHERI-SEG-138", "roadName": "Jai Prakash Road", "condition": "POOR", "color": "#f97316", "score": 46}, "geometry": {"type": "Point", "coordinates": [72.837819, 19.12683]}}, {"type": "Feature", "id": "obs-ANDHERI-SEG-138-3", "properties": {"roadId": "ANDHERI-SEG-138", "roadName": "Jai Prakash Road", "condition": "CRITICAL", "color": "#ef4444", "score": 46}, "geometry": {"type": "Point", "coordinates": [72.837448, 19.12691]}}, {"type": "Feature", "id": "obs-ANDHERI-SEG-138-4", "properties": {"roadId": "ANDHERI-SEG-138", "roadName": "Jai Prakash Road", "condition": "POOR", "color": "#f97316", "score": 46}, "geometry": {"type": "Point", "coordinates": [72.8372819, 19.126944]}}, {"type": "Feature", "id": "obs-ANDHERI-SEG-139-0", "properties": {"roadId": "ANDHERI-SEG-139", "roadName": "New Dadabhai Nagar", "condition": "HEALTHY", "color": "#10b981", "score": 85}, "geometry": {"type": "Point", "coordinates": [72.8421096, 19.1242958]}}, {"type": "Feature", "id": "obs-ANDHERI-SEG-139-1", "properties": {"roadId": "ANDHERI-SEG-139", "roadName": "New Dadabhai Nagar", "condition": "HEALTHY", "color": "#10b981", "score": 85}, "geometry": {"type": "Point", "coordinates": [72.8420091, 19.1242231]}}, {"type": "Feature", "id": "obs-ANDHERI-SEG-140-0", "properties": {"roadId": "ANDHERI-SEG-140", "roadName": "Jai Prakash Road", "condition": "POOR", "color": "#f97316", "score": 71}, "geometry": {"type": "Point", "coordinates": [72.8446846, 19.1229144]}}, {"type": "Feature", "id": "obs-ANDHERI-SEG-140-1", "properties": {"roadId": "ANDHERI-SEG-140", "roadName": "Jai Prakash Road", "condition": "WATCH", "color": "#eab308", "score": 71}, "geometry": {"type": "Point", "coordinates": [72.84434, 19.123061]}}, {"type": "Feature", "id": "obs-ANDHERI-SEG-140-2", "properties": {"roadId": "ANDHERI-SEG-140", "roadName": "Jai Prakash Road", "condition": "WATCH", "color": "#eab308", "score": 71}, "geometry": {"type": "Point", "coordinates": [72.843998, 19.12322]}}, {"type": "Feature", "id": "obs-ANDHERI-SEG-140-3", "properties": {"roadId": "ANDHERI-SEG-140", "roadName": "Jai Prakash Road", "condition": "WATCH", "color": "#eab308", "score": 71}, "geometry": {"type": "Point", "coordinates": [72.843654, 19.123374]}}, {"type": "Feature", "id": "obs-ANDHERI-SEG-140-4", "properties": {"roadId": "ANDHERI-SEG-140", "roadName": "Jai Prakash Road", "condition": "POOR", "color": "#f97316", "score": 71}, "geometry": {"type": "Point", "coordinates": [72.84331, 19.123528]}}, {"type": "Feature", "id": "obs-ANDHERI-SEG-140-5", "properties": {"roadId": "ANDHERI-SEG-140", "roadName": "Jai Prakash Road", "condition": "WATCH", "color": "#eab308", "score": 71}, "geometry": {"type": "Point", "coordinates": [72.842967, 19.123685]}}, {"type": "Feature", "id": "obs-ANDHERI-SEG-140-6", "properties": {"roadId": "ANDHERI-SEG-140", "roadName": "Jai Prakash Road", "condition": "WATCH", "color": "#eab308", "score": 71}, "geometry": {"type": "Point", "coordinates": [72.842625, 19.123843]}}, {"type": "Feature", "id": "obs-ANDHERI-SEG-140-7", "properties": {"roadId": "ANDHERI-SEG-140", "roadName": "Jai Prakash Road", "condition": "WATCH", "color": "#eab308", "score": 71}, "geometry": {"type": "Point", "coordinates": [72.842288, 19.12401]}}, {"type": "Feature", "id": "obs-ANDHERI-SEG-140-8", "properties": {"roadId": "ANDHERI-SEG-140", "roadName": "Jai Prakash Road", "condition": "POOR", "color": "#f97316", "score": 71}, "geometry": {"type": "Point", "coordinates": [72.8420091, 19.1242231]}}, {"type": "Feature", "id": "obs-ANDHERI-SEG-141-0", "properties": {"roadId": "ANDHERI-SEG-141", "roadName": "Guru Nanak Road", "condition": "CRITICAL", "color": "#ef4444", "score": 29}, "geometry": {"type": "Point", "coordinates": [72.8299606, 19.1115899]}}, {"type": "Feature", "id": "obs-ANDHERI-SEG-141-1", "properties": {"roadId": "ANDHERI-SEG-141", "roadName": "Guru Nanak Road", "condition": "CRITICAL", "color": "#ef4444", "score": 29}, "geometry": {"type": "Point", "coordinates": [72.829955, 19.11123]}}, {"type": "Feature", "id": "obs-ANDHERI-SEG-141-2", "properties": {"roadId": "ANDHERI-SEG-141", "roadName": "Guru Nanak Road", "condition": "CRITICAL", "color": "#ef4444", "score": 29}, "geometry": {"type": "Point", "coordinates": [72.82995, 19.110871]}}, {"type": "Feature", "id": "obs-ANDHERI-SEG-141-3", "properties": {"roadId": "ANDHERI-SEG-141", "roadName": "Guru Nanak Road", "condition": "CRITICAL", "color": "#ef4444", "score": 29}, "geometry": {"type": "Point", "coordinates": [72.829945, 19.110511]}}, {"type": "Feature", "id": "obs-ANDHERI-SEG-141-4", "properties": {"roadId": "ANDHERI-SEG-141", "roadName": "Guru Nanak Road", "condition": "CRITICAL", "color": "#ef4444", "score": 29}, "geometry": {"type": "Point", "coordinates": [72.829943, 19.110151]}}, {"type": "Feature", "id": "obs-ANDHERI-SEG-141-5", "properties": {"roadId": "ANDHERI-SEG-141", "roadName": "Guru Nanak Road", "condition": "CRITICAL", "color": "#ef4444", "score": 29}, "geometry": {"type": "Point", "coordinates": [72.829952, 19.109792]}}, {"type": "Feature", "id": "obs-ANDHERI-SEG-141-6", "properties": {"roadId": "ANDHERI-SEG-141", "roadName": "Guru Nanak Road", "condition": "CRITICAL", "color": "#ef4444", "score": 29}, "geometry": {"type": "Point", "coordinates": [72.82996, 19.109432]}}, {"type": "Feature", "id": "obs-ANDHERI-SEG-141-7", "properties": {"roadId": "ANDHERI-SEG-141", "roadName": "Guru Nanak Road", "condition": "CRITICAL", "color": "#ef4444", "score": 29}, "geometry": {"type": "Point", "coordinates": [72.829969, 19.109072]}}, {"type": "Feature", "id": "obs-ANDHERI-SEG-141-8", "properties": {"roadId": "ANDHERI-SEG-141", "roadName": "Guru Nanak Road", "condition": "CRITICAL", "color": "#ef4444", "score": 29}, "geometry": {"type": "Point", "coordinates": [72.829974, 19.108713]}}, {"type": "Feature", "id": "obs-ANDHERI-SEG-141-9", "properties": {"roadId": "ANDHERI-SEG-141", "roadName": "Guru Nanak Road", "condition": "CRITICAL", "color": "#ef4444", "score": 29}, "geometry": {"type": "Point", "coordinates": [72.829977, 19.108353]}}, {"type": "Feature", "id": "obs-ANDHERI-SEG-141-10", "properties": {"roadId": "ANDHERI-SEG-141", "roadName": "Guru Nanak Road", "condition": "CRITICAL", "color": "#ef4444", "score": 29}, "geometry": {"type": "Point", "coordinates": [72.82998, 19.107993]}}, {"type": "Feature", "id": "obs-ANDHERI-SEG-141-11", "properties": {"roadId": "ANDHERI-SEG-141", "roadName": "Guru Nanak Road", "condition": "CRITICAL", "color": "#ef4444", "score": 29}, "geometry": {"type": "Point", "coordinates": [72.829982, 19.107633]}}, {"type": "Feature", "id": "obs-ANDHERI-SEG-141-12", "properties": {"roadId": "ANDHERI-SEG-141", "roadName": "Guru Nanak Road", "condition": "CRITICAL", "color": "#ef4444", "score": 29}, "geometry": {"type": "Point", "coordinates": [72.829985, 19.107274]}}, {"type": "Feature", "id": "obs-ANDHERI-SEG-141-13", "properties": {"roadId": "ANDHERI-SEG-141", "roadName": "Guru Nanak Road", "condition": "CRITICAL", "color": "#ef4444", "score": 29}, "geometry": {"type": "Point", "coordinates": [72.8299831, 19.1070901]}}, {"type": "Feature", "id": "obs-ANDHERI-SEG-142-0", "properties": {"roadId": "ANDHERI-SEG-142", "roadName": "Guru Nanak Road", "condition": "CRITICAL", "color": "#ef4444", "score": 42}, "geometry": {"type": "Point", "coordinates": [72.8298726, 19.1071725]}}, {"type": "Feature", "id": "obs-ANDHERI-SEG-142-1", "properties": {"roadId": "ANDHERI-SEG-142", "roadName": "Guru Nanak Road", "condition": "POOR", "color": "#f97316", "score": 42}, "geometry": {"type": "Point", "coordinates": [72.829871, 19.107532]}}, {"type": "Feature", "id": "obs-ANDHERI-SEG-142-2", "properties": {"roadId": "ANDHERI-SEG-142", "roadName": "Guru Nanak Road", "condition": "POOR", "color": "#f97316", "score": 42}, "geometry": {"type": "Point", "coordinates": [72.829869, 19.107892]}}, {"type": "Feature", "id": "obs-ANDHERI-SEG-142-3", "properties": {"roadId": "ANDHERI-SEG-142", "roadName": "Guru Nanak Road", "condition": "CRITICAL", "color": "#ef4444", "score": 42}, "geometry": {"type": "Point", "coordinates": [72.829868, 19.108252]}}, {"type": "Feature", "id": "obs-ANDHERI-SEG-142-4", "properties": {"roadId": "ANDHERI-SEG-142", "roadName": "Guru Nanak Road", "condition": "POOR", "color": "#f97316", "score": 42}, "geometry": {"type": "Point", "coordinates": [72.829866, 19.108611]}}, {"type": "Feature", "id": "obs-ANDHERI-SEG-142-5", "properties": {"roadId": "ANDHERI-SEG-142", "roadName": "Guru Nanak Road", "condition": "POOR", "color": "#f97316", "score": 42}, "geometry": {"type": "Point", "coordinates": [72.829864, 19.108971]}}, {"type": "Feature", "id": "obs-ANDHERI-SEG-142-6", "properties": {"roadId": "ANDHERI-SEG-142", "roadName": "Guru Nanak Road", "condition": "CRITICAL", "color": "#ef4444", "score": 42}, "geometry": {"type": "Point", "coordinates": [72.829858, 19.109331]}}, {"type": "Feature", "id": "obs-ANDHERI-SEG-142-7", "properties": {"roadId": "ANDHERI-SEG-142", "roadName": "Guru Nanak Road", "condition": "POOR", "color": "#f97316", "score": 42}, "geometry": {"type": "Point", "coordinates": [72.829852, 19.10969]}}, {"type": "Feature", "id": "obs-ANDHERI-SEG-142-8", "properties": {"roadId": "ANDHERI-SEG-142", "roadName": "Guru Nanak Road", "condition": "POOR", "color": "#f97316", "score": 42}, "geometry": {"type": "Point", "coordinates": [72.829847, 19.11005]}}, {"type": "Feature", "id": "obs-ANDHERI-SEG-142-9", "properties": {"roadId": "ANDHERI-SEG-142", "roadName": "Guru Nanak Road", "condition": "CRITICAL", "color": "#ef4444", "score": 42}, "geometry": {"type": "Point", "coordinates": [72.829845, 19.11041]}}, {"type": "Feature", "id": "obs-ANDHERI-SEG-142-10", "properties": {"roadId": "ANDHERI-SEG-142", "roadName": "Guru Nanak Road", "condition": "POOR", "color": "#f97316", "score": 42}, "geometry": {"type": "Point", "coordinates": [72.829848, 19.11077]}}, {"type": "Feature", "id": "obs-ANDHERI-SEG-142-11", "properties": {"roadId": "ANDHERI-SEG-142", "roadName": "Guru Nanak Road", "condition": "POOR", "color": "#f97316", "score": 42}, "geometry": {"type": "Point", "coordinates": [72.829851, 19.111129]}}, {"type": "Feature", "id": "obs-ANDHERI-SEG-142-12", "properties": {"roadId": "ANDHERI-SEG-142", "roadName": "Guru Nanak Road", "condition": "CRITICAL", "color": "#ef4444", "score": 42}, "geometry": {"type": "Point", "coordinates": [72.829853, 19.111489]}}, {"type": "Feature", "id": "obs-ANDHERI-SEG-142-13", "properties": {"roadId": "ANDHERI-SEG-142", "roadName": "Guru Nanak Road", "condition": "POOR", "color": "#f97316", "score": 42}, "geometry": {"type": "Point", "coordinates": [72.829854, 19.111849]}}, {"type": "Feature", "id": "obs-ANDHERI-SEG-142-14", "properties": {"roadId": "ANDHERI-SEG-142", "roadName": "Guru Nanak Road", "condition": "POOR", "color": "#f97316", "score": 42}, "geometry": {"type": "Point", "coordinates": [72.8298535, 19.1121528]}}, {"type": "Feature", "id": "obs-ANDHERI-SEG-143-0", "properties": {"roadId": "ANDHERI-SEG-143", "roadName": "Link Road", "condition": "HEALTHY", "color": "#10b981", "score": 79}, "geometry": {"type": "Point", "coordinates": [72.8306985, 19.1248228]}}, {"type": "Feature", "id": "obs-ANDHERI-SEG-143-1", "properties": {"roadId": "ANDHERI-SEG-143", "roadName": "Link Road", "condition": "HEALTHY", "color": "#10b981", "score": 79}, "geometry": {"type": "Point", "coordinates": [72.830808, 19.125167]}}, {"type": "Feature", "id": "obs-ANDHERI-SEG-143-2", "properties": {"roadId": "ANDHERI-SEG-143", "roadName": "Link Road", "condition": "HEALTHY", "color": "#10b981", "score": 79}, "geometry": {"type": "Point", "coordinates": [72.830918, 19.125512]}}, {"type": "Feature", "id": "obs-ANDHERI-SEG-143-3", "properties": {"roadId": "ANDHERI-SEG-143", "roadName": "Link Road", "condition": "HEALTHY", "color": "#10b981", "score": 79}, "geometry": {"type": "Point", "coordinates": [72.830961, 19.125866]}}, {"type": "Feature", "id": "obs-ANDHERI-SEG-143-4", "properties": {"roadId": "ANDHERI-SEG-143", "roadName": "Link Road", "condition": "HEALTHY", "color": "#10b981", "score": 79}, "geometry": {"type": "Point", "coordinates": [72.830969, 19.126226]}}, {"type": "Feature", "id": "obs-ANDHERI-SEG-143-5", "properties": {"roadId": "ANDHERI-SEG-143", "roadName": "Link Road", "condition": "HEALTHY", "color": "#10b981", "score": 79}, "geometry": {"type": "Point", "coordinates": [72.830978, 19.126586]}}, {"type": "Feature", "id": "obs-ANDHERI-SEG-143-6", "properties": {"roadId": "ANDHERI-SEG-143", "roadName": "Link Road", "condition": "HEALTHY", "color": "#10b981", "score": 79}, "geometry": {"type": "Point", "coordinates": [72.830993, 19.126945]}}, {"type": "Feature", "id": "obs-ANDHERI-SEG-143-7", "properties": {"roadId": "ANDHERI-SEG-143", "roadName": "Link Road", "condition": "HEALTHY", "color": "#10b981", "score": 79}, "geometry": {"type": "Point", "coordinates": [72.830995, 19.127305]}}, {"type": "Feature", "id": "obs-ANDHERI-SEG-143-8", "properties": {"roadId": "ANDHERI-SEG-143", "roadName": "Link Road", "condition": "HEALTHY", "color": "#10b981", "score": 79}, "geometry": {"type": "Point", "coordinates": [72.831, 19.127664]}}, {"type": "Feature", "id": "obs-ANDHERI-SEG-143-9", "properties": {"roadId": "ANDHERI-SEG-143", "roadName": "Link Road", "condition": "HEALTHY", "color": "#10b981", "score": 79}, "geometry": {"type": "Point", "coordinates": [72.831014, 19.128024]}}, {"type": "Feature", "id": "obs-ANDHERI-SEG-143-10", "properties": {"roadId": "ANDHERI-SEG-143", "roadName": "Link Road", "condition": "HEALTHY", "color": "#10b981", "score": 79}, "geometry": {"type": "Point", "coordinates": [72.8310144, 19.128035]}}, {"type": "Feature", "id": "obs-ANDHERI-SEG-144-0", "properties": {"roadId": "ANDHERI-SEG-144", "roadName": "Jai Prakash Road", "condition": "POOR", "color": "#f97316", "score": 65}, "geometry": {"type": "Point", "coordinates": [72.8397117, 19.1263369]}}, {"type": "Feature", "id": "obs-ANDHERI-SEG-144-1", "properties": {"roadId": "ANDHERI-SEG-144", "roadName": "Jai Prakash Road", "condition": "WATCH", "color": "#eab308", "score": 65}, "geometry": {"type": "Point", "coordinates": [72.839347, 19.12644]}}, {"type": "Feature", "id": "obs-ANDHERI-SEG-144-2", "properties": {"roadId": "ANDHERI-SEG-144", "roadName": "Jai Prakash Road", "condition": "WATCH", "color": "#eab308", "score": 65}, "geometry": {"type": "Point", "coordinates": [72.838984, 19.126549]}}, {"type": "Feature", "id": "obs-ANDHERI-SEG-144-3", "properties": {"roadId": "ANDHERI-SEG-144", "roadName": "Jai Prakash Road", "condition": "WATCH", "color": "#eab308", "score": 65}, "geometry": {"type": "Point", "coordinates": [72.838619, 19.126649]}}, {"type": "Feature", "id": "obs-ANDHERI-SEG-144-4", "properties": {"roadId": "ANDHERI-SEG-144", "roadName": "Jai Prakash Road", "condition": "POOR", "color": "#f97316", "score": 65}, "geometry": {"type": "Point", "coordinates": [72.8385617, 19.1266696]}}, {"type": "Feature", "id": "obs-ANDHERI-SEG-145-0", "properties": {"roadId": "ANDHERI-SEG-145", "roadName": "CD Barfiwala Road", "condition": "HEALTHY", "color": "#10b981", "score": 88}, "geometry": {"type": "Point", "coordinates": [72.8403475, 19.1162786]}}, {"type": "Feature", "id": "obs-ANDHERI-SEG-145-1", "properties": {"roadId": "ANDHERI-SEG-145", "roadName": "CD Barfiwala Road", "condition": "HEALTHY", "color": "#10b981", "score": 88}, "geometry": {"type": "Point", "coordinates": [72.8405535, 19.1162836]}}, {"type": "Feature", "id": "obs-ANDHERI-SEG-146-0", "properties": {"roadId": "ANDHERI-SEG-146", "roadName": "Bhai Bhagat Marg", "condition": "HEALTHY", "color": "#10b981", "score": 82}, "geometry": {"type": "Point", "coordinates": [72.8290563, 19.1269246]}}, {"type": "Feature", "id": "obs-ANDHERI-SEG-146-1", "properties": {"roadId": "ANDHERI-SEG-146", "roadName": "Bhai Bhagat Marg", "condition": "HEALTHY", "color": "#10b981", "score": 82}, "geometry": {"type": "Point", "coordinates": [72.829139, 19.127276]}}, {"type": "Feature", "id": "obs-ANDHERI-SEG-146-2", "properties": {"roadId": "ANDHERI-SEG-146", "roadName": "Bhai Bhagat Marg", "condition": "HEALTHY", "color": "#10b981", "score": 82}, "geometry": {"type": "Point", "coordinates": [72.82922, 19.127627]}}, {"type": "Feature", "id": "obs-ANDHERI-SEG-146-3", "properties": {"roadId": "ANDHERI-SEG-146", "roadName": "Bhai Bhagat Marg", "condition": "HEALTHY", "color": "#10b981", "score": 82}, "geometry": {"type": "Point", "coordinates": [72.829264, 19.127985]}}, {"type": "Feature", "id": "obs-ANDHERI-SEG-146-4", "properties": {"roadId": "ANDHERI-SEG-146", "roadName": "Bhai Bhagat Marg", "condition": "HEALTHY", "color": "#10b981", "score": 82}, "geometry": {"type": "Point", "coordinates": [72.829308, 19.128342]}}, {"type": "Feature", "id": "obs-ANDHERI-SEG-146-5", "properties": {"roadId": "ANDHERI-SEG-146", "roadName": "Bhai Bhagat Marg", "condition": "HEALTHY", "color": "#10b981", "score": 82}, "geometry": {"type": "Point", "coordinates": [72.8293489, 19.1285206]}}, {"type": "Feature", "id": "obs-ANDHERI-SEG-147-0", "properties": {"roadId": "ANDHERI-SEG-147", "roadName": "Tertiary (1328741541)", "condition": "POOR", "color": "#f97316", "score": 68}, "geometry": {"type": "Point", "coordinates": [72.8455894, 19.119921]}}, {"type": "Feature", "id": "obs-ANDHERI-SEG-147-1", "properties": {"roadId": "ANDHERI-SEG-147", "roadName": "Tertiary (1328741541)", "condition": "WATCH", "color": "#eab308", "score": 68}, "geometry": {"type": "Point", "coordinates": [72.8455023, 19.1199519]}}, {"type": "Feature", "id": "obs-ANDHERI-SEG-148-0", "properties": {"roadId": "ANDHERI-SEG-148", "roadName": "Gulmohar Cross Road No. 4", "condition": "HEALTHY", "color": "#10b981", "score": 91}, "geometry": {"type": "Point", "coordinates": [72.8341146, 19.1106782]}}, {"type": "Feature", "id": "obs-ANDHERI-SEG-148-1", "properties": {"roadId": "ANDHERI-SEG-148", "roadName": "Gulmohar Cross Road No. 4", "condition": "HEALTHY", "color": "#10b981", "score": 91}, "geometry": {"type": "Point", "coordinates": [72.834407, 19.11089]}}, {"type": "Feature", "id": "obs-ANDHERI-SEG-148-2", "properties": {"roadId": "ANDHERI-SEG-148", "roadName": "Gulmohar Cross Road No. 4", "condition": "HEALTHY", "color": "#10b981", "score": 91}, "geometry": {"type": "Point", "coordinates": [72.834777, 19.110974]}}, {"type": "Feature", "id": "obs-ANDHERI-SEG-148-3", "properties": {"roadId": "ANDHERI-SEG-148", "roadName": "Gulmohar Cross Road No. 4", "condition": "HEALTHY", "color": "#10b981", "score": 91}, "geometry": {"type": "Point", "coordinates": [72.835152, 19.11104]}}, {"type": "Feature", "id": "obs-ANDHERI-SEG-148-4", "properties": {"roadId": "ANDHERI-SEG-148", "roadName": "Gulmohar Cross Road No. 4", "condition": "HEALTHY", "color": "#10b981", "score": 91}, "geometry": {"type": "Point", "coordinates": [72.835526, 19.111104]}}, {"type": "Feature", "id": "obs-ANDHERI-SEG-148-5", "properties": {"roadId": "ANDHERI-SEG-148", "roadName": "Gulmohar Cross Road No. 4", "condition": "HEALTHY", "color": "#10b981", "score": 91}, "geometry": {"type": "Point", "coordinates": [72.8356612, 19.1111255]}}, {"type": "Feature", "id": "obs-ANDHERI-SEG-149-0", "properties": {"roadId": "ANDHERI-SEG-149", "roadName": "Vidyanidhi Marg", "condition": "POOR", "color": "#f97316", "score": 64}, "geometry": {"type": "Point", "coordinates": [72.832543, 19.1114711]}}, {"type": "Feature", "id": "obs-ANDHERI-SEG-149-1", "properties": {"roadId": "ANDHERI-SEG-149", "roadName": "Vidyanidhi Marg", "condition": "WATCH", "color": "#eab308", "score": 64}, "geometry": {"type": "Point", "coordinates": [72.832879, 19.111302]}}, {"type": "Feature", "id": "obs-ANDHERI-SEG-149-2", "properties": {"roadId": "ANDHERI-SEG-149", "roadName": "Vidyanidhi Marg", "condition": "WATCH", "color": "#eab308", "score": 64}, "geometry": {"type": "Point", "coordinates": [72.833213, 19.111129]}}, {"type": "Feature", "id": "obs-ANDHERI-SEG-149-3", "properties": {"roadId": "ANDHERI-SEG-149", "roadName": "Vidyanidhi Marg", "condition": "WATCH", "color": "#eab308", "score": 64}, "geometry": {"type": "Point", "coordinates": [72.833549, 19.11096]}}, {"type": "Feature", "id": "obs-ANDHERI-SEG-149-4", "properties": {"roadId": "ANDHERI-SEG-149", "roadName": "Vidyanidhi Marg", "condition": "POOR", "color": "#f97316", "score": 64}, "geometry": {"type": "Point", "coordinates": [72.833887, 19.110795]}}, {"type": "Feature", "id": "obs-ANDHERI-SEG-149-5", "properties": {"roadId": "ANDHERI-SEG-149", "roadName": "Vidyanidhi Marg", "condition": "WATCH", "color": "#eab308", "score": 64}, "geometry": {"type": "Point", "coordinates": [72.8341146, 19.1106782]}}, {"type": "Feature", "id": "obs-ANDHERI-SEG-150-0", "properties": {"roadId": "ANDHERI-SEG-150", "roadName": "Gulmohar Cross Road No. 4", "condition": "CRITICAL", "color": "#ef4444", "score": 46}, "geometry": {"type": "Point", "coordinates": [72.8356612, 19.1111255]}}, {"type": "Feature", "id": "obs-ANDHERI-SEG-150-1", "properties": {"roadId": "ANDHERI-SEG-150", "roadName": "Gulmohar Cross Road No. 4", "condition": "POOR", "color": "#f97316", "score": 46}, "geometry": {"type": "Point", "coordinates": [72.836035, 19.111192]}}, {"type": "Feature", "id": "obs-ANDHERI-SEG-150-2", "properties": {"roadId": "ANDHERI-SEG-150", "roadName": "Gulmohar Cross Road No. 4", "condition": "POOR", "color": "#f97316", "score": 46}, "geometry": {"type": "Point", "coordinates": [72.836409, 19.111259]}}, {"type": "Feature", "id": "obs-ANDHERI-SEG-150-3", "properties": {"roadId": "ANDHERI-SEG-150", "roadName": "Gulmohar Cross Road No. 4", "condition": "CRITICAL", "color": "#ef4444", "score": 46}, "geometry": {"type": "Point", "coordinates": [72.836783, 19.111326]}}, {"type": "Feature", "id": "obs-ANDHERI-SEG-150-4", "properties": {"roadId": "ANDHERI-SEG-150", "roadName": "Gulmohar Cross Road No. 4", "condition": "POOR", "color": "#f97316", "score": 46}, "geometry": {"type": "Point", "coordinates": [72.837157, 19.111393]}}, {"type": "Feature", "id": "obs-ANDHERI-SEG-150-5", "properties": {"roadId": "ANDHERI-SEG-150", "roadName": "Gulmohar Cross Road No. 4", "condition": "POOR", "color": "#f97316", "score": 46}, "geometry": {"type": "Point", "coordinates": [72.837373, 19.1114326]}}, {"type": "Feature", "id": "obs-ANDHERI-SEG-151-0", "properties": {"roadId": "ANDHERI-SEG-151", "roadName": "Gulmohar Cross Road No. 4", "condition": "HEALTHY", "color": "#10b981", "score": 85}, "geometry": {"type": "Point", "coordinates": [72.8355744, 19.1110514]}}, {"type": "Feature", "id": "obs-ANDHERI-SEG-151-1", "properties": {"roadId": "ANDHERI-SEG-151", "roadName": "Gulmohar Cross Road No. 4", "condition": "HEALTHY", "color": "#10b981", "score": 85}, "geometry": {"type": "Point", "coordinates": [72.835199, 19.110991]}}, {"type": "Feature", "id": "obs-ANDHERI-SEG-151-2", "properties": {"roadId": "ANDHERI-SEG-151", "roadName": "Gulmohar Cross Road No. 4", "condition": "HEALTHY", "color": "#10b981", "score": 85}, "geometry": {"type": "Point", "coordinates": [72.834824, 19.110929]}}, {"type": "Feature", "id": "obs-ANDHERI-SEG-151-3", "properties": {"roadId": "ANDHERI-SEG-151", "roadName": "Gulmohar Cross Road No. 4", "condition": "HEALTHY", "color": "#10b981", "score": 85}, "geometry": {"type": "Point", "coordinates": [72.834454, 19.110846]}}, {"type": "Feature", "id": "obs-ANDHERI-SEG-151-4", "properties": {"roadId": "ANDHERI-SEG-151", "roadName": "Gulmohar Cross Road No. 4", "condition": "HEALTHY", "color": "#10b981", "score": 85}, "geometry": {"type": "Point", "coordinates": [72.834119, 19.110681]}}, {"type": "Feature", "id": "obs-ANDHERI-SEG-151-5", "properties": {"roadId": "ANDHERI-SEG-151", "roadName": "Gulmohar Cross Road No. 4", "condition": "HEALTHY", "color": "#10b981", "score": 85}, "geometry": {"type": "Point", "coordinates": [72.8341146, 19.1106782]}}, {"type": "Feature", "id": "obs-ANDHERI-SEG-152-0", "properties": {"roadId": "ANDHERI-SEG-152", "roadName": "G K Gokhale Flyover", "condition": "POOR", "color": "#f97316", "score": 71}, "geometry": {"type": "Point", "coordinates": [72.8484942, 19.1152537]}}, {"type": "Feature", "id": "obs-ANDHERI-SEG-152-1", "properties": {"roadId": "ANDHERI-SEG-152", "roadName": "G K Gokhale Flyover", "condition": "WATCH", "color": "#eab308", "score": 71}, "geometry": {"type": "Point", "coordinates": [72.848117, 19.115293]}}, {"type": "Feature", "id": "obs-ANDHERI-SEG-152-2", "properties": {"roadId": "ANDHERI-SEG-152", "roadName": "G K Gokhale Flyover", "condition": "WATCH", "color": "#eab308", "score": 71}, "geometry": {"type": "Point", "coordinates": [72.847748, 19.115382]}}, {"type": "Feature", "id": "obs-ANDHERI-SEG-152-3", "properties": {"roadId": "ANDHERI-SEG-152", "roadName": "G K Gokhale Flyover", "condition": "WATCH", "color": "#eab308", "score": 71}, "geometry": {"type": "Point", "coordinates": [72.847379, 19.115472]}}, {"type": "Feature", "id": "obs-ANDHERI-SEG-152-4", "properties": {"roadId": "ANDHERI-SEG-152", "roadName": "G K Gokhale Flyover", "condition": "POOR", "color": "#f97316", "score": 71}, "geometry": {"type": "Point", "coordinates": [72.84701, 19.115559]}}, {"type": "Feature", "id": "obs-ANDHERI-SEG-152-5", "properties": {"roadId": "ANDHERI-SEG-152", "roadName": "G K Gokhale Flyover", "condition": "WATCH", "color": "#eab308", "score": 71}, "geometry": {"type": "Point", "coordinates": [72.846633, 19.115608]}}, {"type": "Feature", "id": "obs-ANDHERI-SEG-152-6", "properties": {"roadId": "ANDHERI-SEG-152", "roadName": "G K Gokhale Flyover", "condition": "WATCH", "color": "#eab308", "score": 71}, "geometry": {"type": "Point", "coordinates": [72.846256, 19.115658]}}, {"type": "Feature", "id": "obs-ANDHERI-SEG-152-7", "properties": {"roadId": "ANDHERI-SEG-152", "roadName": "G K Gokhale Flyover", "condition": "WATCH", "color": "#eab308", "score": 71}, "geometry": {"type": "Point", "coordinates": [72.845879, 19.115707]}}, {"type": "Feature", "id": "obs-ANDHERI-SEG-152-8", "properties": {"roadId": "ANDHERI-SEG-152", "roadName": "G K Gokhale Flyover", "condition": "POOR", "color": "#f97316", "score": 71}, "geometry": {"type": "Point", "coordinates": [72.845511, 19.115798]}}, {"type": "Feature", "id": "obs-ANDHERI-SEG-152-9", "properties": {"roadId": "ANDHERI-SEG-152", "roadName": "G K Gokhale Flyover", "condition": "WATCH", "color": "#eab308", "score": 71}, "geometry": {"type": "Point", "coordinates": [72.845153, 19.11592]}}, {"type": "Feature", "id": "obs-ANDHERI-SEG-152-10", "properties": {"roadId": "ANDHERI-SEG-152", "roadName": "G K Gokhale Flyover", "condition": "WATCH", "color": "#eab308", "score": 71}, "geometry": {"type": "Point", "coordinates": [72.845142, 19.1159233]}}, {"type": "Feature", "id": "obs-ANDHERI-SEG-153-0", "properties": {"roadId": "ANDHERI-SEG-153", "roadName": "G K Gokhale Flyover", "condition": "CRITICAL", "color": "#ef4444", "score": 29}, "geometry": {"type": "Point", "coordinates": [72.8442124, 19.1162736]}}, {"type": "Feature", "id": "obs-ANDHERI-SEG-153-1", "properties": {"roadId": "ANDHERI-SEG-153", "roadName": "G K Gokhale Flyover", "condition": "CRITICAL", "color": "#ef4444", "score": 29}, "geometry": {"type": "Point", "coordinates": [72.844576, 19.116167]}}, {"type": "Feature", "id": "obs-ANDHERI-SEG-153-2", "properties": {"roadId": "ANDHERI-SEG-153", "roadName": "G K Gokhale Flyover", "condition": "CRITICAL", "color": "#ef4444", "score": 29}, "geometry": {"type": "Point", "coordinates": [72.844939, 19.11606]}}, {"type": "Feature", "id": "obs-ANDHERI-SEG-153-3", "properties": {"roadId": "ANDHERI-SEG-153", "roadName": "G K Gokhale Flyover", "condition": "CRITICAL", "color": "#ef4444", "score": 29}, "geometry": {"type": "Point", "coordinates": [72.845303, 19.115953]}}, {"type": "Feature", "id": "obs-ANDHERI-SEG-153-4", "properties": {"roadId": "ANDHERI-SEG-153", "roadName": "G K Gokhale Flyover", "condition": "CRITICAL", "color": "#ef4444", "score": 29}, "geometry": {"type": "Point", "coordinates": [72.845668, 19.11585]}}, {"type": "Feature", "id": "obs-ANDHERI-SEG-153-5", "properties": {"roadId": "ANDHERI-SEG-153", "roadName": "G K Gokhale Flyover", "condition": "CRITICAL", "color": "#ef4444", "score": 29}, "geometry": {"type": "Point", "coordinates": [72.84604, 19.115779]}}, {"type": "Feature", "id": "obs-ANDHERI-SEG-153-6", "properties": {"roadId": "ANDHERI-SEG-153", "roadName": "G K Gokhale Flyover", "condition": "CRITICAL", "color": "#ef4444", "score": 29}, "geometry": {"type": "Point", "coordinates": [72.846418, 19.115733]}}, {"type": "Feature", "id": "obs-ANDHERI-SEG-153-7", "properties": {"roadId": "ANDHERI-SEG-153", "roadName": "G K Gokhale Flyover", "condition": "CRITICAL", "color": "#ef4444", "score": 29}, "geometry": {"type": "Point", "coordinates": [72.846795, 19.115688]}}, {"type": "Feature", "id": "obs-ANDHERI-SEG-153-8", "properties": {"roadId": "ANDHERI-SEG-153", "roadName": "G K Gokhale Flyover", "condition": "CRITICAL", "color": "#ef4444", "score": 29}, "geometry": {"type": "Point", "coordinates": [72.847171, 19.115631]}}, {"type": "Feature", "id": "obs-ANDHERI-SEG-153-9", "properties": {"roadId": "ANDHERI-SEG-153", "roadName": "G K Gokhale Flyover", "condition": "CRITICAL", "color": "#ef4444", "score": 29}, "geometry": {"type": "Point", "coordinates": [72.847541, 19.115546]}}, {"type": "Feature", "id": "obs-ANDHERI-SEG-153-10", "properties": {"roadId": "ANDHERI-SEG-153", "roadName": "G K Gokhale Flyover", "condition": "CRITICAL", "color": "#ef4444", "score": 29}, "geometry": {"type": "Point", "coordinates": [72.84791, 19.11546]}}, {"type": "Feature", "id": "obs-ANDHERI-SEG-153-11", "properties": {"roadId": "ANDHERI-SEG-153", "roadName": "G K Gokhale Flyover", "condition": "CRITICAL", "color": "#ef4444", "score": 29}, "geometry": {"type": "Point", "coordinates": [72.848282, 19.115383]}}, {"type": "Feature", "id": "obs-ANDHERI-SEG-153-12", "properties": {"roadId": "ANDHERI-SEG-153", "roadName": "G K Gokhale Flyover", "condition": "CRITICAL", "color": "#ef4444", "score": 29}, "geometry": {"type": "Point", "coordinates": [72.8484964, 19.1153648]}}, {"type": "Feature", "id": "obs-ANDHERI-SEG-154-0", "properties": {"roadId": "ANDHERI-SEG-154", "roadName": "Jankidevi Public School Road", "condition": "CRITICAL", "color": "#ef4444", "score": 42}, "geometry": {"type": "Point", "coordinates": [72.8247522, 19.1348131]}}, {"type": "Feature", "id": "obs-ANDHERI-SEG-154-1", "properties": {"roadId": "ANDHERI-SEG-154", "roadName": "Jankidevi Public School Road", "condition": "POOR", "color": "#f97316", "score": 42}, "geometry": {"type": "Point", "coordinates": [72.824735, 19.135172]}}, {"type": "Feature", "id": "obs-ANDHERI-SEG-154-2", "properties": {"roadId": "ANDHERI-SEG-154", "roadName": "Jankidevi Public School Road", "condition": "POOR", "color": "#f97316", "score": 42}, "geometry": {"type": "Point", "coordinates": [72.824602, 19.135495]}}, {"type": "Feature", "id": "obs-ANDHERI-SEG-154-3", "properties": {"roadId": "ANDHERI-SEG-154", "roadName": "Jankidevi Public School Road", "condition": "CRITICAL", "color": "#ef4444", "score": 42}, "geometry": {"type": "Point", "coordinates": [72.824369, 19.13578]}}, {"type": "Feature", "id": "obs-ANDHERI-SEG-154-4", "properties": {"roadId": "ANDHERI-SEG-154", "roadName": "Jankidevi Public School Road", "condition": "POOR", "color": "#f97316", "score": 42}, "geometry": {"type": "Point", "coordinates": [72.824135, 19.136064]}}, {"type": "Feature", "id": "obs-ANDHERI-SEG-154-5", "properties": {"roadId": "ANDHERI-SEG-154", "roadName": "Jankidevi Public School Road", "condition": "POOR", "color": "#f97316", "score": 42}, "geometry": {"type": "Point", "coordinates": [72.823899, 19.136345]}}, {"type": "Feature", "id": "obs-ANDHERI-SEG-154-6", "properties": {"roadId": "ANDHERI-SEG-154", "roadName": "Jankidevi Public School Road", "condition": "CRITICAL", "color": "#ef4444", "score": 42}, "geometry": {"type": "Point", "coordinates": [72.823662, 19.136627]}}, {"type": "Feature", "id": "obs-ANDHERI-SEG-154-7", "properties": {"roadId": "ANDHERI-SEG-154", "roadName": "Jankidevi Public School Road", "condition": "POOR", "color": "#f97316", "score": 42}, "geometry": {"type": "Point", "coordinates": [72.823423, 19.136907]}}, {"type": "Feature", "id": "obs-ANDHERI-SEG-154-8", "properties": {"roadId": "ANDHERI-SEG-154", "roadName": "Jankidevi Public School Road", "condition": "POOR", "color": "#f97316", "score": 42}, "geometry": {"type": "Point", "coordinates": [72.823184, 19.137187]}}, {"type": "Feature", "id": "obs-ANDHERI-SEG-154-9", "properties": {"roadId": "ANDHERI-SEG-154", "roadName": "Jankidevi Public School Road", "condition": "CRITICAL", "color": "#ef4444", "score": 42}, "geometry": {"type": "Point", "coordinates": [72.822946, 19.137468]}}, {"type": "Feature", "id": "obs-ANDHERI-SEG-154-10", "properties": {"roadId": "ANDHERI-SEG-154", "roadName": "Jankidevi Public School Road", "condition": "POOR", "color": "#f97316", "score": 42}, "geometry": {"type": "Point", "coordinates": [72.8229224, 19.1374949]}}, {"type": "Feature", "id": "obs-ANDHERI-SEG-155-0", "properties": {"roadId": "ANDHERI-SEG-155", "roadName": "Madhavdas Amarshi Marg", "condition": "HEALTHY", "color": "#10b981", "score": 79}, "geometry": {"type": "Point", "coordinates": [72.846105, 19.1197366]}}, {"type": "Feature", "id": "obs-ANDHERI-SEG-155-1", "properties": {"roadId": "ANDHERI-SEG-155", "roadName": "Madhavdas Amarshi Marg", "condition": "HEALTHY", "color": "#10b981", "score": 79}, "geometry": {"type": "Point", "coordinates": [72.845751, 19.119867]}}, {"type": "Feature", "id": "obs-ANDHERI-SEG-155-2", "properties": {"roadId": "ANDHERI-SEG-155", "roadName": "Madhavdas Amarshi Marg", "condition": "HEALTHY", "color": "#10b981", "score": 79}, "geometry": {"type": "Point", "coordinates": [72.8455894, 19.119921]}}, {"type": "Feature", "id": "obs-ANDHERI-SEG-156-0", "properties": {"roadId": "ANDHERI-SEG-156", "roadName": "New Dadabhai Nagar", "condition": "POOR", "color": "#f97316", "score": 65}, "geometry": {"type": "Point", "coordinates": [72.8420091, 19.1242231]}}, {"type": "Feature", "id": "obs-ANDHERI-SEG-156-1", "properties": {"roadId": "ANDHERI-SEG-156", "roadName": "New Dadabhai Nagar", "condition": "WATCH", "color": "#eab308", "score": 65}, "geometry": {"type": "Point", "coordinates": [72.8416552, 19.1242687]}}, {"type": "Feature", "id": "obs-ANDHERI-SEG-157-0", "properties": {"roadId": "ANDHERI-SEG-157", "roadName": "RTO Road", "condition": "HEALTHY", "color": "#10b981", "score": 88}, "geometry": {"type": "Point", "coordinates": [72.8315502, 19.1322263]}}, {"type": "Feature", "id": "obs-ANDHERI-SEG-157-1", "properties": {"roadId": "ANDHERI-SEG-157", "roadName": "RTO Road", "condition": "HEALTHY", "color": "#10b981", "score": 88}, "geometry": {"type": "Point", "coordinates": [72.831207, 19.132376]}}, {"type": "Feature", "id": "obs-ANDHERI-SEG-157-2", "properties": {"roadId": "ANDHERI-SEG-157", "roadName": "RTO Road", "condition": "HEALTHY", "color": "#10b981", "score": 88}, "geometry": {"type": "Point", "coordinates": [72.830845, 19.132488]}}, {"type": "Feature", "id": "obs-ANDHERI-SEG-157-3", "properties": {"roadId": "ANDHERI-SEG-157", "roadName": "RTO Road", "condition": "HEALTHY", "color": "#10b981", "score": 88}, "geometry": {"type": "Point", "coordinates": [72.830479, 19.132586]}}, {"type": "Feature", "id": "obs-ANDHERI-SEG-157-4", "properties": {"roadId": "ANDHERI-SEG-157", "roadName": "RTO Road", "condition": "HEALTHY", "color": "#10b981", "score": 88}, "geometry": {"type": "Point", "coordinates": [72.830119, 19.132705]}}, {"type": "Feature", "id": "obs-ANDHERI-SEG-157-5", "properties": {"roadId": "ANDHERI-SEG-157", "roadName": "RTO Road", "condition": "HEALTHY", "color": "#10b981", "score": 88}, "geometry": {"type": "Point", "coordinates": [72.8298981, 19.1328558]}}, {"type": "Feature", "id": "obs-ANDHERI-SEG-158-0", "properties": {"roadId": "ANDHERI-SEG-158", "roadName": "RTO Road", "condition": "HEALTHY", "color": "#10b981", "score": 82}, "geometry": {"type": "Point", "coordinates": [72.8298981, 19.1328558]}}, {"type": "Feature", "id": "obs-ANDHERI-SEG-158-1", "properties": {"roadId": "ANDHERI-SEG-158", "roadName": "RTO Road", "condition": "HEALTHY", "color": "#10b981", "score": 82}, "geometry": {"type": "Point", "coordinates": [72.830258, 19.132738]}}, {"type": "Feature", "id": "obs-ANDHERI-SEG-158-2", "properties": {"roadId": "ANDHERI-SEG-158", "roadName": "RTO Road", "condition": "HEALTHY", "color": "#10b981", "score": 82}, "geometry": {"type": "Point", "coordinates": [72.83062, 19.132627]}}, {"type": "Feature", "id": "obs-ANDHERI-SEG-158-3", "properties": {"roadId": "ANDHERI-SEG-158", "roadName": "RTO Road", "condition": "HEALTHY", "color": "#10b981", "score": 82}, "geometry": {"type": "Point", "coordinates": [72.830982, 19.132517]}}, {"type": "Feature", "id": "obs-ANDHERI-SEG-158-4", "properties": {"roadId": "ANDHERI-SEG-158", "roadName": "RTO Road", "condition": "HEALTHY", "color": "#10b981", "score": 82}, "geometry": {"type": "Point", "coordinates": [72.831345, 19.132406]}}, {"type": "Feature", "id": "obs-ANDHERI-SEG-158-5", "properties": {"roadId": "ANDHERI-SEG-158", "roadName": "RTO Road", "condition": "HEALTHY", "color": "#10b981", "score": 82}, "geometry": {"type": "Point", "coordinates": [72.831565, 19.1323171]}}, {"type": "Feature", "id": "obs-ANDHERI-SEG-159-0", "properties": {"roadId": "ANDHERI-SEG-159", "roadName": "Jai Bhawani Mata Road", "condition": "POOR", "color": "#f97316", "score": 68}, "geometry": {"type": "Point", "coordinates": [72.8425951, 19.1314649]}}, {"type": "Feature", "id": "obs-ANDHERI-SEG-159-1", "properties": {"roadId": "ANDHERI-SEG-159", "roadName": "Jai Bhawani Mata Road", "condition": "WATCH", "color": "#eab308", "score": 68}, "geometry": {"type": "Point", "coordinates": [72.84277, 19.131775]}}, {"type": "Feature", "id": "obs-ANDHERI-SEG-159-2", "properties": {"roadId": "ANDHERI-SEG-159", "roadName": "Jai Bhawani Mata Road", "condition": "WATCH", "color": "#eab308", "score": 68}, "geometry": {"type": "Point", "coordinates": [72.842981, 19.132074]}}, {"type": "Feature", "id": "obs-ANDHERI-SEG-159-3", "properties": {"roadId": "ANDHERI-SEG-159", "roadName": "Jai Bhawani Mata Road", "condition": "WATCH", "color": "#eab308", "score": 68}, "geometry": {"type": "Point", "coordinates": [72.8431325, 19.1322885]}}, {"type": "Feature", "id": "obs-ANDHERI-SEG-160-0", "properties": {"roadId": "ANDHERI-SEG-160", "roadName": "Sahakar Road", "condition": "HEALTHY", "color": "#10b981", "score": 91}, "geometry": {"type": "Point", "coordinates": [72.8435758, 19.1327956]}}, {"type": "Feature", "id": "obs-ANDHERI-SEG-160-1", "properties": {"roadId": "ANDHERI-SEG-160", "roadName": "Sahakar Road", "condition": "HEALTHY", "color": "#10b981", "score": 91}, "geometry": {"type": "Point", "coordinates": [72.84367, 19.133144]}}, {"type": "Feature", "id": "obs-ANDHERI-SEG-160-2", "properties": {"roadId": "ANDHERI-SEG-160", "roadName": "Sahakar Road", "condition": "HEALTHY", "color": "#10b981", "score": 91}, "geometry": {"type": "Point", "coordinates": [72.843761, 19.133493]}}, {"type": "Feature", "id": "obs-ANDHERI-SEG-160-3", "properties": {"roadId": "ANDHERI-SEG-160", "roadName": "Sahakar Road", "condition": "HEALTHY", "color": "#10b981", "score": 91}, "geometry": {"type": "Point", "coordinates": [72.843792, 19.13385]}}, {"type": "Feature", "id": "obs-ANDHERI-SEG-160-4", "properties": {"roadId": "ANDHERI-SEG-160", "roadName": "Sahakar Road", "condition": "HEALTHY", "color": "#10b981", "score": 91}, "geometry": {"type": "Point", "coordinates": [72.843786, 19.13421]}}, {"type": "Feature", "id": "obs-ANDHERI-SEG-160-5", "properties": {"roadId": "ANDHERI-SEG-160", "roadName": "Sahakar Road", "condition": "HEALTHY", "color": "#10b981", "score": 91}, "geometry": {"type": "Point", "coordinates": [72.843774, 19.134569]}}, {"type": "Feature", "id": "obs-ANDHERI-SEG-160-6", "properties": {"roadId": "ANDHERI-SEG-160", "roadName": "Sahakar Road", "condition": "HEALTHY", "color": "#10b981", "score": 91}, "geometry": {"type": "Point", "coordinates": [72.843751, 19.134928]}}, {"type": "Feature", "id": "obs-ANDHERI-SEG-160-7", "properties": {"roadId": "ANDHERI-SEG-160", "roadName": "Sahakar Road", "condition": "HEALTHY", "color": "#10b981", "score": 91}, "geometry": {"type": "Point", "coordinates": [72.843721, 19.135287]}}, {"type": "Feature", "id": "obs-ANDHERI-SEG-160-8", "properties": {"roadId": "ANDHERI-SEG-160", "roadName": "Sahakar Road", "condition": "HEALTHY", "color": "#10b981", "score": 91}, "geometry": {"type": "Point", "coordinates": [72.843733, 19.135626]}}, {"type": "Feature", "id": "obs-ANDHERI-SEG-160-9", "properties": {"roadId": "ANDHERI-SEG-160", "roadName": "Sahakar Road", "condition": "HEALTHY", "color": "#10b981", "score": 91}, "geometry": {"type": "Point", "coordinates": [72.844109, 19.135662]}}, {"type": "Feature", "id": "obs-ANDHERI-SEG-160-10", "properties": {"roadId": "ANDHERI-SEG-160", "roadName": "Sahakar Road", "condition": "HEALTHY", "color": "#10b981", "score": 91}, "geometry": {"type": "Point", "coordinates": [72.844489, 19.135691]}}, {"type": "Feature", "id": "obs-ANDHERI-SEG-160-11", "properties": {"roadId": "ANDHERI-SEG-160", "roadName": "Sahakar Road", "condition": "HEALTHY", "color": "#10b981", "score": 91}, "geometry": {"type": "Point", "coordinates": [72.844868, 19.135721]}}, {"type": "Feature", "id": "obs-ANDHERI-SEG-160-12", "properties": {"roadId": "ANDHERI-SEG-160", "roadName": "Sahakar Road", "condition": "HEALTHY", "color": "#10b981", "score": 91}, "geometry": {"type": "Point", "coordinates": [72.845248, 19.13575]}}, {"type": "Feature", "id": "obs-ANDHERI-SEG-160-13", "properties": {"roadId": "ANDHERI-SEG-160", "roadName": "Sahakar Road", "condition": "HEALTHY", "color": "#10b981", "score": 91}, "geometry": {"type": "Point", "coordinates": [72.845627, 19.135779]}}, {"type": "Feature", "id": "obs-ANDHERI-SEG-160-14", "properties": {"roadId": "ANDHERI-SEG-160", "roadName": "Sahakar Road", "condition": "HEALTHY", "color": "#10b981", "score": 91}, "geometry": {"type": "Point", "coordinates": [72.8459005, 19.1357453]}}, {"type": "Feature", "id": "obs-ANDHERI-SEG-161-0", "properties": {"roadId": "ANDHERI-SEG-161", "roadName": "Jai Prakash Road", "condition": "POOR", "color": "#f97316", "score": 64}, "geometry": {"type": "Point", "coordinates": [72.8462267, 19.1220348]}}, {"type": "Feature", "id": "obs-ANDHERI-SEG-161-1", "properties": {"roadId": "ANDHERI-SEG-161", "roadName": "Jai Prakash Road", "condition": "WATCH", "color": "#eab308", "score": 64}, "geometry": {"type": "Point", "coordinates": [72.845904, 19.122226]}}, {"type": "Feature", "id": "obs-ANDHERI-SEG-161-2", "properties": {"roadId": "ANDHERI-SEG-161", "roadName": "Jai Prakash Road", "condition": "WATCH", "color": "#eab308", "score": 64}, "geometry": {"type": "Point", "coordinates": [72.845582, 19.122417]}}, {"type": "Feature", "id": "obs-ANDHERI-SEG-161-3", "properties": {"roadId": "ANDHERI-SEG-161", "roadName": "Jai Prakash Road", "condition": "WATCH", "color": "#eab308", "score": 64}, "geometry": {"type": "Point", "coordinates": [72.845259, 19.122607]}}, {"type": "Feature", "id": "obs-ANDHERI-SEG-161-4", "properties": {"roadId": "ANDHERI-SEG-161", "roadName": "Jai Prakash Road", "condition": "POOR", "color": "#f97316", "score": 64}, "geometry": {"type": "Point", "coordinates": [72.844927, 19.122785]}}, {"type": "Feature", "id": "obs-ANDHERI-SEG-161-5", "properties": {"roadId": "ANDHERI-SEG-161", "roadName": "Jai Prakash Road", "condition": "WATCH", "color": "#eab308", "score": 64}, "geometry": {"type": "Point", "coordinates": [72.8446846, 19.1229144]}}, {"type": "Feature", "id": "obs-ANDHERI-SEG-162-0", "properties": {"roadId": "ANDHERI-SEG-162", "roadName": "CD Barfiwala Road", "condition": "CRITICAL", "color": "#ef4444", "score": 46}, "geometry": {"type": "Point", "coordinates": [72.8403205, 19.116278]}}, {"type": "Feature", "id": "obs-ANDHERI-SEG-162-1", "properties": {"roadId": "ANDHERI-SEG-162", "roadName": "CD Barfiwala Road", "condition": "POOR", "color": "#f97316", "score": 46}, "geometry": {"type": "Point", "coordinates": [72.840676, 19.116367]}}, {"type": "Feature", "id": "obs-ANDHERI-SEG-162-2", "properties": {"roadId": "ANDHERI-SEG-162", "roadName": "CD Barfiwala Road", "condition": "POOR", "color": "#f97316", "score": 46}, "geometry": {"type": "Point", "coordinates": [72.841056, 19.116391]}}, {"type": "Feature", "id": "obs-ANDHERI-SEG-162-3", "properties": {"roadId": "ANDHERI-SEG-162", "roadName": "CD Barfiwala Road", "condition": "CRITICAL", "color": "#ef4444", "score": 46}, "geometry": {"type": "Point", "coordinates": [72.841436, 19.116415]}}, {"type": "Feature", "id": "obs-ANDHERI-SEG-162-4", "properties": {"roadId": "ANDHERI-SEG-162", "roadName": "CD Barfiwala Road", "condition": "POOR", "color": "#f97316", "score": 46}, "geometry": {"type": "Point", "coordinates": [72.841816, 19.11643]}}, {"type": "Feature", "id": "obs-ANDHERI-SEG-162-5", "properties": {"roadId": "ANDHERI-SEG-162", "roadName": "CD Barfiwala Road", "condition": "POOR", "color": "#f97316", "score": 46}, "geometry": {"type": "Point", "coordinates": [72.842197, 19.116436]}}, {"type": "Feature", "id": "obs-ANDHERI-SEG-162-6", "properties": {"roadId": "ANDHERI-SEG-162", "roadName": "CD Barfiwala Road", "condition": "CRITICAL", "color": "#ef4444", "score": 46}, "geometry": {"type": "Point", "coordinates": [72.842578, 19.116436]}}, {"type": "Feature", "id": "obs-ANDHERI-SEG-162-7", "properties": {"roadId": "ANDHERI-SEG-162", "roadName": "CD Barfiwala Road", "condition": "POOR", "color": "#f97316", "score": 46}, "geometry": {"type": "Point", "coordinates": [72.842958, 19.116425]}}, {"type": "Feature", "id": "obs-ANDHERI-SEG-162-8", "properties": {"roadId": "ANDHERI-SEG-162", "roadName": "CD Barfiwala Road", "condition": "POOR", "color": "#f97316", "score": 46}, "geometry": {"type": "Point", "coordinates": [72.843338, 19.116406]}}, {"type": "Feature", "id": "obs-ANDHERI-SEG-162-9", "properties": {"roadId": "ANDHERI-SEG-162", "roadName": "CD Barfiwala Road", "condition": "CRITICAL", "color": "#ef4444", "score": 46}, "geometry": {"type": "Point", "coordinates": [72.8436404, 19.1164054]}}, {"type": "Feature", "id": "obs-ANDHERI-SEG-163-0", "properties": {"roadId": "ANDHERI-SEG-163", "roadName": "CD Barfiwala Road", "condition": "HEALTHY", "color": "#10b981", "score": 85}, "geometry": {"type": "Point", "coordinates": [72.8434964, 19.116195]}}, {"type": "Feature", "id": "obs-ANDHERI-SEG-163-1", "properties": {"roadId": "ANDHERI-SEG-163", "roadName": "CD Barfiwala Road", "condition": "HEALTHY", "color": "#10b981", "score": 85}, "geometry": {"type": "Point", "coordinates": [72.843116, 19.116187]}}, {"type": "Feature", "id": "obs-ANDHERI-SEG-163-2", "properties": {"roadId": "ANDHERI-SEG-163", "roadName": "CD Barfiwala Road", "condition": "HEALTHY", "color": "#10b981", "score": 85}, "geometry": {"type": "Point", "coordinates": [72.842735, 19.116194]}}, {"type": "Feature", "id": "obs-ANDHERI-SEG-163-3", "properties": {"roadId": "ANDHERI-SEG-163", "roadName": "CD Barfiwala Road", "condition": "HEALTHY", "color": "#10b981", "score": 85}, "geometry": {"type": "Point", "coordinates": [72.842355, 19.116201]}}, {"type": "Feature", "id": "obs-ANDHERI-SEG-163-4", "properties": {"roadId": "ANDHERI-SEG-163", "roadName": "CD Barfiwala Road", "condition": "HEALTHY", "color": "#10b981", "score": 85}, "geometry": {"type": "Point", "coordinates": [72.841974, 19.116199]}}, {"type": "Feature", "id": "obs-ANDHERI-SEG-163-5", "properties": {"roadId": "ANDHERI-SEG-163", "roadName": "CD Barfiwala Road", "condition": "HEALTHY", "color": "#10b981", "score": 85}, "geometry": {"type": "Point", "coordinates": [72.841593, 19.116191]}}, {"type": "Feature", "id": "obs-ANDHERI-SEG-163-6", "properties": {"roadId": "ANDHERI-SEG-163", "roadName": "CD Barfiwala Road", "condition": "HEALTHY", "color": "#10b981", "score": 85}, "geometry": {"type": "Point", "coordinates": [72.841213, 19.116182]}}, {"type": "Feature", "id": "obs-ANDHERI-SEG-163-7", "properties": {"roadId": "ANDHERI-SEG-163", "roadName": "CD Barfiwala Road", "condition": "HEALTHY", "color": "#10b981", "score": 85}, "geometry": {"type": "Point", "coordinates": [72.840832, 19.116169]}}, {"type": "Feature", "id": "obs-ANDHERI-SEG-163-8", "properties": {"roadId": "ANDHERI-SEG-163", "roadName": "CD Barfiwala Road", "condition": "HEALTHY", "color": "#10b981", "score": 85}, "geometry": {"type": "Point", "coordinates": [72.840453, 19.116147]}}, {"type": "Feature", "id": "obs-ANDHERI-SEG-163-9", "properties": {"roadId": "ANDHERI-SEG-163", "roadName": "CD Barfiwala Road", "condition": "HEALTHY", "color": "#10b981", "score": 85}, "geometry": {"type": "Point", "coordinates": [72.8403369, 19.1161852]}}, {"type": "Feature", "id": "obs-ANDHERI-SEG-164-0", "properties": {"roadId": "ANDHERI-SEG-164", "roadName": "Jai Prakash Road", "condition": "POOR", "color": "#f97316", "score": 71}, "geometry": {"type": "Point", "coordinates": [72.8446846, 19.1229144]}}, {"type": "Feature", "id": "obs-ANDHERI-SEG-164-1", "properties": {"roadId": "ANDHERI-SEG-164", "roadName": "Jai Prakash Road", "condition": "WATCH", "color": "#eab308", "score": 71}, "geometry": {"type": "Point", "coordinates": [72.8444517, 19.1231019]}}, {"type": "Feature", "id": "obs-ANDHERI-SEG-165-0", "properties": {"roadId": "ANDHERI-SEG-165", "roadName": "Tertiary (1518200541)", "condition": "CRITICAL", "color": "#ef4444", "score": 29}, "geometry": {"type": "Point", "coordinates": [72.8218356, 19.1302099]}}, {"type": "Feature", "id": "obs-ANDHERI-SEG-165-1", "properties": {"roadId": "ANDHERI-SEG-165", "roadName": "Tertiary (1518200541)", "condition": "CRITICAL", "color": "#ef4444", "score": 29}, "geometry": {"type": "Point", "coordinates": [72.821918, 19.130561]}}, {"type": "Feature", "id": "obs-ANDHERI-SEG-165-2", "properties": {"roadId": "ANDHERI-SEG-165", "roadName": "Tertiary (1518200541)", "condition": "CRITICAL", "color": "#ef4444", "score": 29}, "geometry": {"type": "Point", "coordinates": [72.821997, 19.130913]}}, {"type": "Feature", "id": "obs-ANDHERI-SEG-165-3", "properties": {"roadId": "ANDHERI-SEG-165", "roadName": "Tertiary (1518200541)", "condition": "CRITICAL", "color": "#ef4444", "score": 29}, "geometry": {"type": "Point", "coordinates": [72.822087, 19.131262]}}, {"type": "Feature", "id": "obs-ANDHERI-SEG-165-4", "properties": {"roadId": "ANDHERI-SEG-165", "roadName": "Tertiary (1518200541)", "condition": "CRITICAL", "color": "#ef4444", "score": 29}, "geometry": {"type": "Point", "coordinates": [72.822178, 19.131612]}}, {"type": "Feature", "id": "obs-ANDHERI-SEG-165-5", "properties": {"roadId": "ANDHERI-SEG-165", "roadName": "Tertiary (1518200541)", "condition": "CRITICAL", "color": "#ef4444", "score": 29}, "geometry": {"type": "Point", "coordinates": [72.822268, 19.131961]}}, {"type": "Feature", "id": "obs-ANDHERI-SEG-165-6", "properties": {"roadId": "ANDHERI-SEG-165", "roadName": "Tertiary (1518200541)", "condition": "CRITICAL", "color": "#ef4444", "score": 29}, "geometry": {"type": "Point", "coordinates": [72.822358, 19.132311]}}, {"type": "Feature", "id": "obs-ANDHERI-SEG-165-7", "properties": {"roadId": "ANDHERI-SEG-165", "roadName": "Tertiary (1518200541)", "condition": "CRITICAL", "color": "#ef4444", "score": 29}, "geometry": {"type": "Point", "coordinates": [72.82244, 19.132662]}}, {"type": "Feature", "id": "obs-ANDHERI-SEG-165-8", "properties": {"roadId": "ANDHERI-SEG-165", "roadName": "Tertiary (1518200541)", "condition": "CRITICAL", "color": "#ef4444", "score": 29}, "geometry": {"type": "Point", "coordinates": [72.8225039, 19.132965]}}, {"type": "Feature", "id": "obs-ANDHERI-SEG-166-0", "properties": {"roadId": "ANDHERI-SEG-166", "roadName": "Tertiary (1518200545)", "condition": "CRITICAL", "color": "#ef4444", "score": 42}, "geometry": {"type": "Point", "coordinates": [72.8225039, 19.132965]}}, {"type": "Feature", "id": "obs-ANDHERI-SEG-166-1", "properties": {"roadId": "ANDHERI-SEG-166", "roadName": "Tertiary (1518200545)", "condition": "POOR", "color": "#f97316", "score": 42}, "geometry": {"type": "Point", "coordinates": [72.822472, 19.1331233]}}, {"type": "Feature", "id": "obs-ANDHERI-SEG-167-0", "properties": {"roadId": "ANDHERI-SEG-167", "roadName": "Link Road", "condition": "HEALTHY", "color": "#10b981", "score": 79}, "geometry": {"type": "Point", "coordinates": [72.8298959, 19.1172521]}}, {"type": "Feature", "id": "obs-ANDHERI-SEG-167-1", "properties": {"roadId": "ANDHERI-SEG-167", "roadName": "Link Road", "condition": "HEALTHY", "color": "#10b981", "score": 79}, "geometry": {"type": "Point", "coordinates": [72.8298971, 19.1172019]}}, {"type": "Feature", "id": "obs-ANDHERI-SEG-168-0", "properties": {"roadId": "ANDHERI-SEG-168", "roadName": "Tertiary (1535792997)", "condition": "POOR", "color": "#f97316", "score": 65}, "geometry": {"type": "Point", "coordinates": [72.8282777, 19.1127355]}}, {"type": "Feature", "id": "obs-ANDHERI-SEG-168-1", "properties": {"roadId": "ANDHERI-SEG-168", "roadName": "Tertiary (1535792997)", "condition": "WATCH", "color": "#eab308", "score": 65}, "geometry": {"type": "Point", "coordinates": [72.82858, 19.112517]}}, {"type": "Feature", "id": "obs-ANDHERI-SEG-168-2", "properties": {"roadId": "ANDHERI-SEG-168", "roadName": "Tertiary (1535792997)", "condition": "WATCH", "color": "#eab308", "score": 65}, "geometry": {"type": "Point", "coordinates": [72.828897, 19.112318]}}, {"type": "Feature", "id": "obs-ANDHERI-SEG-168-3", "properties": {"roadId": "ANDHERI-SEG-168", "roadName": "Tertiary (1535792997)", "condition": "WATCH", "color": "#eab308", "score": 65}, "geometry": {"type": "Point", "coordinates": [72.8289398, 19.1122059]}}, {"type": "Feature", "id": "obs-ANDHERI-SEG-169-0", "properties": {"roadId": "ANDHERI-SEG-169", "roadName": "Bhai Bhagat Marg", "condition": "HEALTHY", "color": "#10b981", "score": 88}, "geometry": {"type": "Point", "coordinates": [72.8282864, 19.123642]}}, {"type": "Feature", "id": "obs-ANDHERI-SEG-169-1", "properties": {"roadId": "ANDHERI-SEG-169", "roadName": "Bhai Bhagat Marg", "condition": "HEALTHY", "color": "#10b981", "score": 88}, "geometry": {"type": "Point", "coordinates": [72.828658, 19.123564]}}, {"type": "Feature", "id": "obs-ANDHERI-SEG-169-2", "properties": {"roadId": "ANDHERI-SEG-169", "roadName": "Bhai Bhagat Marg", "condition": "HEALTHY", "color": "#10b981", "score": 88}, "geometry": {"type": "Point", "coordinates": [72.82903, 19.123486]}}, {"type": "Feature", "id": "obs-ANDHERI-SEG-169-3", "properties": {"roadId": "ANDHERI-SEG-169", "roadName": "Bhai Bhagat Marg", "condition": "HEALTHY", "color": "#10b981", "score": 88}, "geometry": {"type": "Point", "coordinates": [72.829402, 19.123409]}}, {"type": "Feature", "id": "obs-ANDHERI-SEG-169-4", "properties": {"roadId": "ANDHERI-SEG-169", "roadName": "Bhai Bhagat Marg", "condition": "HEALTHY", "color": "#10b981", "score": 88}, "geometry": {"type": "Point", "coordinates": [72.8296316, 19.1233604]}}, {"type": "Feature", "id": "obs-ANDHERI-SEG-170-0", "properties": {"roadId": "ANDHERI-SEG-170", "roadName": "Jijamata Road", "condition": "HEALTHY", "color": "#10b981", "score": 82}, "geometry": {"type": "Point", "coordinates": [72.8632023, 19.1255883]}}, {"type": "Feature", "id": "obs-ANDHERI-SEG-170-1", "properties": {"roadId": "ANDHERI-SEG-170", "roadName": "Jijamata Road", "condition": "HEALTHY", "color": "#10b981", "score": 82}, "geometry": {"type": "Point", "coordinates": [72.862822, 19.125605]}}, {"type": "Feature", "id": "obs-ANDHERI-SEG-170-2", "properties": {"roadId": "ANDHERI-SEG-170", "roadName": "Jijamata Road", "condition": "HEALTHY", "color": "#10b981", "score": 82}, "geometry": {"type": "Point", "coordinates": [72.862443, 19.125633]}}, {"type": "Feature", "id": "obs-ANDHERI-SEG-170-3", "properties": {"roadId": "ANDHERI-SEG-170", "roadName": "Jijamata Road", "condition": "HEALTHY", "color": "#10b981", "score": 82}, "geometry": {"type": "Point", "coordinates": [72.862064, 19.125673]}}, {"type": "Feature", "id": "obs-ANDHERI-SEG-170-4", "properties": {"roadId": "ANDHERI-SEG-170", "roadName": "Jijamata Road", "condition": "HEALTHY", "color": "#10b981", "score": 82}, "geometry": {"type": "Point", "coordinates": [72.861686, 19.125709]}}, {"type": "Feature", "id": "obs-ANDHERI-SEG-170-5", "properties": {"roadId": "ANDHERI-SEG-170", "roadName": "Jijamata Road", "condition": "HEALTHY", "color": "#10b981", "score": 82}, "geometry": {"type": "Point", "coordinates": [72.861321, 19.125809]}}, {"type": "Feature", "id": "obs-ANDHERI-SEG-170-6", "properties": {"roadId": "ANDHERI-SEG-170", "roadName": "Jijamata Road", "condition": "HEALTHY", "color": "#10b981", "score": 82}, "geometry": {"type": "Point", "coordinates": [72.860988, 19.12598]}}, {"type": "Feature", "id": "obs-ANDHERI-SEG-170-7", "properties": {"roadId": "ANDHERI-SEG-170", "roadName": "Jijamata Road", "condition": "HEALTHY", "color": "#10b981", "score": 82}, "geometry": {"type": "Point", "coordinates": [72.860664, 19.126169]}}, {"type": "Feature", "id": "obs-ANDHERI-SEG-170-8", "properties": {"roadId": "ANDHERI-SEG-170", "roadName": "Jijamata Road", "condition": "HEALTHY", "color": "#10b981", "score": 82}, "geometry": {"type": "Point", "coordinates": [72.86031, 19.126294]}}, {"type": "Feature", "id": "obs-ANDHERI-SEG-170-9", "properties": {"roadId": "ANDHERI-SEG-170", "roadName": "Jijamata Road", "condition": "HEALTHY", "color": "#10b981", "score": 82}, "geometry": {"type": "Point", "coordinates": [72.859932, 19.126336]}}, {"type": "Feature", "id": "obs-ANDHERI-SEG-170-10", "properties": {"roadId": "ANDHERI-SEG-170", "roadName": "Jijamata Road", "condition": "HEALTHY", "color": "#10b981", "score": 82}, "geometry": {"type": "Point", "coordinates": [72.859555, 19.126386]}}, {"type": "Feature", "id": "obs-ANDHERI-SEG-170-11", "properties": {"roadId": "ANDHERI-SEG-170", "roadName": "Jijamata Road", "condition": "HEALTHY", "color": "#10b981", "score": 82}, "geometry": {"type": "Point", "coordinates": [72.859178, 19.126439]}}, {"type": "Feature", "id": "obs-ANDHERI-SEG-170-12", "properties": {"roadId": "ANDHERI-SEG-170", "roadName": "Jijamata Road", "condition": "HEALTHY", "color": "#10b981", "score": 82}, "geometry": {"type": "Point", "coordinates": [72.858804, 19.126502]}}, {"type": "Feature", "id": "obs-ANDHERI-SEG-170-13", "properties": {"roadId": "ANDHERI-SEG-170", "roadName": "Jijamata Road", "condition": "HEALTHY", "color": "#10b981", "score": 82}, "geometry": {"type": "Point", "coordinates": [72.858424, 19.126526]}}, {"type": "Feature", "id": "obs-ANDHERI-SEG-170-14", "properties": {"roadId": "ANDHERI-SEG-170", "roadName": "Jijamata Road", "condition": "HEALTHY", "color": "#10b981", "score": 82}, "geometry": {"type": "Point", "coordinates": [72.858067, 19.126421]}}, {"type": "Feature", "id": "obs-ANDHERI-SEG-170-15", "properties": {"roadId": "ANDHERI-SEG-170", "roadName": "Jijamata Road", "condition": "HEALTHY", "color": "#10b981", "score": 82}, "geometry": {"type": "Point", "coordinates": [72.857737, 19.126253]}}, {"type": "Feature", "id": "obs-ANDHERI-SEG-170-16", "properties": {"roadId": "ANDHERI-SEG-170", "roadName": "Jijamata Road", "condition": "HEALTHY", "color": "#10b981", "score": 82}, "geometry": {"type": "Point", "coordinates": [72.8576801, 19.126255]}}, {"type": "Feature", "id": "obs-ANDHERI-SEG-171-0", "properties": {"roadId": "ANDHERI-SEG-171", "roadName": "Cardinal Gracias Road", "condition": "POOR", "color": "#f97316", "score": 68}, "geometry": {"type": "Point", "coordinates": [72.8585872, 19.1077588]}}, {"type": "Feature", "id": "obs-ANDHERI-SEG-171-1", "properties": {"roadId": "ANDHERI-SEG-171", "roadName": "Cardinal Gracias Road", "condition": "WATCH", "color": "#eab308", "score": 68}, "geometry": {"type": "Point", "coordinates": [72.858824, 19.108036]}}, {"type": "Feature", "id": "obs-ANDHERI-SEG-171-2", "properties": {"roadId": "ANDHERI-SEG-171", "roadName": "Cardinal Gracias Road", "condition": "WATCH", "color": "#eab308", "score": 68}, "geometry": {"type": "Point", "coordinates": [72.85894, 19.108376]}}, {"type": "Feature", "id": "obs-ANDHERI-SEG-171-3", "properties": {"roadId": "ANDHERI-SEG-171", "roadName": "Cardinal Gracias Road", "condition": "WATCH", "color": "#eab308", "score": 68}, "geometry": {"type": "Point", "coordinates": [72.859042, 19.108723]}}, {"type": "Feature", "id": "obs-ANDHERI-SEG-171-4", "properties": {"roadId": "ANDHERI-SEG-171", "roadName": "Cardinal Gracias Road", "condition": "POOR", "color": "#f97316", "score": 68}, "geometry": {"type": "Point", "coordinates": [72.859056, 19.109081]}}, {"type": "Feature", "id": "obs-ANDHERI-SEG-171-5", "properties": {"roadId": "ANDHERI-SEG-171", "roadName": "Cardinal Gracias Road", "condition": "WATCH", "color": "#eab308", "score": 68}, "geometry": {"type": "Point", "coordinates": [72.859006, 19.109437]}}, {"type": "Feature", "id": "obs-ANDHERI-SEG-171-6", "properties": {"roadId": "ANDHERI-SEG-171", "roadName": "Cardinal Gracias Road", "condition": "WATCH", "color": "#eab308", "score": 68}, "geometry": {"type": "Point", "coordinates": [72.85895, 19.109793]}}, {"type": "Feature", "id": "obs-ANDHERI-SEG-171-7", "properties": {"roadId": "ANDHERI-SEG-171", "roadName": "Cardinal Gracias Road", "condition": "WATCH", "color": "#eab308", "score": 68}, "geometry": {"type": "Point", "coordinates": [72.858903, 19.11015]}}, {"type": "Feature", "id": "obs-ANDHERI-SEG-171-8", "properties": {"roadId": "ANDHERI-SEG-171", "roadName": "Cardinal Gracias Road", "condition": "POOR", "color": "#f97316", "score": 68}, "geometry": {"type": "Point", "coordinates": [72.858851, 19.110506]}}, {"type": "Feature", "id": "obs-ANDHERI-SEG-171-9", "properties": {"roadId": "ANDHERI-SEG-171", "roadName": "Cardinal Gracias Road", "condition": "WATCH", "color": "#eab308", "score": 68}, "geometry": {"type": "Point", "coordinates": [72.858797, 19.110862]}}, {"type": "Feature", "id": "obs-ANDHERI-SEG-171-10", "properties": {"roadId": "ANDHERI-SEG-171", "roadName": "Cardinal Gracias Road", "condition": "WATCH", "color": "#eab308", "score": 68}, "geometry": {"type": "Point", "coordinates": [72.858746, 19.111219]}}, {"type": "Feature", "id": "obs-ANDHERI-SEG-171-11", "properties": {"roadId": "ANDHERI-SEG-171", "roadName": "Cardinal Gracias Road", "condition": "WATCH", "color": "#eab308", "score": 68}, "geometry": {"type": "Point", "coordinates": [72.858694, 19.111575]}}, {"type": "Feature", "id": "obs-ANDHERI-SEG-171-12", "properties": {"roadId": "ANDHERI-SEG-171", "roadName": "Cardinal Gracias Road", "condition": "POOR", "color": "#f97316", "score": 68}, "geometry": {"type": "Point", "coordinates": [72.8586651, 19.1117718]}}, {"type": "Feature", "id": "obs-ANDHERI-SEG-172-0", "properties": {"roadId": "ANDHERI-SEG-172", "roadName": "Jiva Mahale Marg", "condition": "HEALTHY", "color": "#10b981", "score": 91}, "geometry": {"type": "Point", "coordinates": [72.853016, 19.1129536]}}, {"type": "Feature", "id": "obs-ANDHERI-SEG-172-1", "properties": {"roadId": "ANDHERI-SEG-172", "roadName": "Jiva Mahale Marg", "condition": "HEALTHY", "color": "#10b981", "score": 91}, "geometry": {"type": "Point", "coordinates": [72.853195, 19.112636]}}, {"type": "Feature", "id": "obs-ANDHERI-SEG-172-2", "properties": {"roadId": "ANDHERI-SEG-172", "roadName": "Jiva Mahale Marg", "condition": "HEALTHY", "color": "#10b981", "score": 91}, "geometry": {"type": "Point", "coordinates": [72.853308, 19.112296]}}, {"type": "Feature", "id": "obs-ANDHERI-SEG-172-3", "properties": {"roadId": "ANDHERI-SEG-172", "roadName": "Jiva Mahale Marg", "condition": "HEALTHY", "color": "#10b981", "score": 91}, "geometry": {"type": "Point", "coordinates": [72.853298, 19.111937]}}, {"type": "Feature", "id": "obs-ANDHERI-SEG-172-4", "properties": {"roadId": "ANDHERI-SEG-172", "roadName": "Jiva Mahale Marg", "condition": "HEALTHY", "color": "#10b981", "score": 91}, "geometry": {"type": "Point", "coordinates": [72.85328, 19.111578]}}, {"type": "Feature", "id": "obs-ANDHERI-SEG-172-5", "properties": {"roadId": "ANDHERI-SEG-172", "roadName": "Jiva Mahale Marg", "condition": "HEALTHY", "color": "#10b981", "score": 91}, "geometry": {"type": "Point", "coordinates": [72.85323, 19.111222]}}, {"type": "Feature", "id": "obs-ANDHERI-SEG-172-6", "properties": {"roadId": "ANDHERI-SEG-172", "roadName": "Jiva Mahale Marg", "condition": "HEALTHY", "color": "#10b981", "score": 91}, "geometry": {"type": "Point", "coordinates": [72.853136, 19.110874]}}, {"type": "Feature", "id": "obs-ANDHERI-SEG-172-7", "properties": {"roadId": "ANDHERI-SEG-172", "roadName": "Jiva Mahale Marg", "condition": "HEALTHY", "color": "#10b981", "score": 91}, "geometry": {"type": "Point", "coordinates": [72.853043, 19.110525]}}, {"type": "Feature", "id": "obs-ANDHERI-SEG-172-8", "properties": {"roadId": "ANDHERI-SEG-172", "roadName": "Jiva Mahale Marg", "condition": "HEALTHY", "color": "#10b981", "score": 91}, "geometry": {"type": "Point", "coordinates": [72.853001, 19.110167]}}, {"type": "Feature", "id": "obs-ANDHERI-SEG-172-9", "properties": {"roadId": "ANDHERI-SEG-172", "roadName": "Jiva Mahale Marg", "condition": "HEALTHY", "color": "#10b981", "score": 91}, "geometry": {"type": "Point", "coordinates": [72.853029, 19.10981]}}, {"type": "Feature", "id": "obs-ANDHERI-SEG-172-10", "properties": {"roadId": "ANDHERI-SEG-172", "roadName": "Jiva Mahale Marg", "condition": "HEALTHY", "color": "#10b981", "score": 91}, "geometry": {"type": "Point", "coordinates": [72.853069, 19.109453]}}, {"type": "Feature", "id": "obs-ANDHERI-SEG-172-11", "properties": {"roadId": "ANDHERI-SEG-172", "roadName": "Jiva Mahale Marg", "condition": "HEALTHY", "color": "#10b981", "score": 91}, "geometry": {"type": "Point", "coordinates": [72.8530717, 19.1094346]}}, {"type": "Feature", "id": "obs-ANDHERI-SEG-173-0", "properties": {"roadId": "ANDHERI-SEG-173", "roadName": "New Nagardas Road", "condition": "POOR", "color": "#f97316", "score": 64}, "geometry": {"type": "Point", "coordinates": [72.8478632, 19.1221441]}}, {"type": "Feature", "id": "obs-ANDHERI-SEG-173-1", "properties": {"roadId": "ANDHERI-SEG-173", "roadName": "New Nagardas Road", "condition": "WATCH", "color": "#eab308", "score": 64}, "geometry": {"type": "Point", "coordinates": [72.847924, 19.122499]}}, {"type": "Feature", "id": "obs-ANDHERI-SEG-173-2", "properties": {"roadId": "ANDHERI-SEG-173", "roadName": "New Nagardas Road", "condition": "WATCH", "color": "#eab308", "score": 64}, "geometry": {"type": "Point", "coordinates": [72.847987, 19.122854]}}, {"type": "Feature", "id": "obs-ANDHERI-SEG-173-3", "properties": {"roadId": "ANDHERI-SEG-173", "roadName": "New Nagardas Road", "condition": "WATCH", "color": "#eab308", "score": 64}, "geometry": {"type": "Point", "coordinates": [72.84802, 19.123212]}}, {"type": "Feature", "id": "obs-ANDHERI-SEG-173-4", "properties": {"roadId": "ANDHERI-SEG-173", "roadName": "New Nagardas Road", "condition": "POOR", "color": "#f97316", "score": 64}, "geometry": {"type": "Point", "coordinates": [72.848046, 19.123571]}}, {"type": "Feature", "id": "obs-ANDHERI-SEG-173-5", "properties": {"roadId": "ANDHERI-SEG-173", "roadName": "New Nagardas Road", "condition": "WATCH", "color": "#eab308", "score": 64}, "geometry": {"type": "Point", "coordinates": [72.848073, 19.12393]}}, {"type": "Feature", "id": "obs-ANDHERI-SEG-173-6", "properties": {"roadId": "ANDHERI-SEG-173", "roadName": "New Nagardas Road", "condition": "WATCH", "color": "#eab308", "score": 64}, "geometry": {"type": "Point", "coordinates": [72.8480951, 19.1242368]}}, {"type": "Feature", "id": "obs-ANDHERI-SEG-174-0", "properties": {"roadId": "ANDHERI-SEG-174", "roadName": "Parsi Panchayat Road", "condition": "CRITICAL", "color": "#ef4444", "score": 46}, "geometry": {"type": "Point", "coordinates": [72.8511803, 19.123732]}}, {"type": "Feature", "id": "obs-ANDHERI-SEG-174-1", "properties": {"roadId": "ANDHERI-SEG-174", "roadName": "Parsi Panchayat Road", "condition": "POOR", "color": "#f97316", "score": 46}, "geometry": {"type": "Point", "coordinates": [72.851257, 19.124084]}}, {"type": "Feature", "id": "obs-ANDHERI-SEG-174-2", "properties": {"roadId": "ANDHERI-SEG-174", "roadName": "Parsi Panchayat Road", "condition": "POOR", "color": "#f97316", "score": 46}, "geometry": {"type": "Point", "coordinates": [72.851335, 19.124437]}}, {"type": "Feature", "id": "obs-ANDHERI-SEG-174-3", "properties": {"roadId": "ANDHERI-SEG-174", "roadName": "Parsi Panchayat Road", "condition": "CRITICAL", "color": "#ef4444", "score": 46}, "geometry": {"type": "Point", "coordinates": [72.851422, 19.124786]}}, {"type": "Feature", "id": "obs-ANDHERI-SEG-174-4", "properties": {"roadId": "ANDHERI-SEG-174", "roadName": "Parsi Panchayat Road", "condition": "POOR", "color": "#f97316", "score": 46}, "geometry": {"type": "Point", "coordinates": [72.851652, 19.125052]}}, {"type": "Feature", "id": "obs-ANDHERI-SEG-174-5", "properties": {"roadId": "ANDHERI-SEG-174", "roadName": "Parsi Panchayat Road", "condition": "POOR", "color": "#f97316", "score": 46}, "geometry": {"type": "Point", "coordinates": [72.852004, 19.125189]}}, {"type": "Feature", "id": "obs-ANDHERI-SEG-174-6", "properties": {"roadId": "ANDHERI-SEG-174", "roadName": "Parsi Panchayat Road", "condition": "CRITICAL", "color": "#ef4444", "score": 46}, "geometry": {"type": "Point", "coordinates": [72.852357, 19.125326]}}, {"type": "Feature", "id": "obs-ANDHERI-SEG-174-7", "properties": {"roadId": "ANDHERI-SEG-174", "roadName": "Parsi Panchayat Road", "condition": "POOR", "color": "#f97316", "score": 46}, "geometry": {"type": "Point", "coordinates": [72.852702, 19.125476]}}, {"type": "Feature", "id": "obs-ANDHERI-SEG-174-8", "properties": {"roadId": "ANDHERI-SEG-174", "roadName": "Parsi Panchayat Road", "condition": "POOR", "color": "#f97316", "score": 46}, "geometry": {"type": "Point", "coordinates": [72.853045, 19.12563]}}, {"type": "Feature", "id": "obs-ANDHERI-SEG-174-9", "properties": {"roadId": "ANDHERI-SEG-174", "roadName": "Parsi Panchayat Road", "condition": "CRITICAL", "color": "#ef4444", "score": 46}, "geometry": {"type": "Point", "coordinates": [72.853404, 19.125751]}}, {"type": "Feature", "id": "obs-ANDHERI-SEG-174-10", "properties": {"roadId": "ANDHERI-SEG-174", "roadName": "Parsi Panchayat Road", "condition": "POOR", "color": "#f97316", "score": 46}, "geometry": {"type": "Point", "coordinates": [72.853762, 19.125875]}}, {"type": "Feature", "id": "obs-ANDHERI-SEG-174-11", "properties": {"roadId": "ANDHERI-SEG-174", "roadName": "Parsi Panchayat Road", "condition": "POOR", "color": "#f97316", "score": 46}, "geometry": {"type": "Point", "coordinates": [72.854117, 19.126004]}}, {"type": "Feature", "id": "obs-ANDHERI-SEG-174-12", "properties": {"roadId": "ANDHERI-SEG-174", "roadName": "Parsi Panchayat Road", "condition": "CRITICAL", "color": "#ef4444", "score": 46}, "geometry": {"type": "Point", "coordinates": [72.854472, 19.126135]}}, {"type": "Feature", "id": "obs-ANDHERI-SEG-174-13", "properties": {"roadId": "ANDHERI-SEG-174", "roadName": "Parsi Panchayat Road", "condition": "POOR", "color": "#f97316", "score": 46}, "geometry": {"type": "Point", "coordinates": [72.854823, 19.126273]}}, {"type": "Feature", "id": "obs-ANDHERI-SEG-174-14", "properties": {"roadId": "ANDHERI-SEG-174", "roadName": "Parsi Panchayat Road", "condition": "POOR", "color": "#f97316", "score": 46}, "geometry": {"type": "Point", "coordinates": [72.855177, 19.126406]}}, {"type": "Feature", "id": "obs-ANDHERI-SEG-174-15", "properties": {"roadId": "ANDHERI-SEG-174", "roadName": "Parsi Panchayat Road", "condition": "CRITICAL", "color": "#ef4444", "score": 46}, "geometry": {"type": "Point", "coordinates": [72.8552927, 19.1264346]}}, {"type": "Feature", "id": "obs-ANDHERI-SEG-175-0", "properties": {"roadId": "ANDHERI-SEG-175", "roadName": "Teli Gali", "condition": "HEALTHY", "color": "#10b981", "score": 85}, "geometry": {"type": "Point", "coordinates": [72.8503878, 19.1155695]}}, {"type": "Feature", "id": "obs-ANDHERI-SEG-175-1", "properties": {"roadId": "ANDHERI-SEG-175", "roadName": "Teli Gali", "condition": "HEALTHY", "color": "#10b981", "score": 85}, "geometry": {"type": "Point", "coordinates": [72.850452, 19.115924]}}, {"type": "Feature", "id": "obs-ANDHERI-SEG-175-2", "properties": {"roadId": "ANDHERI-SEG-175", "roadName": "Teli Gali", "condition": "HEALTHY", "color": "#10b981", "score": 85}, "geometry": {"type": "Point", "coordinates": [72.850499, 19.116281]}}, {"type": "Feature", "id": "obs-ANDHERI-SEG-175-3", "properties": {"roadId": "ANDHERI-SEG-175", "roadName": "Teli Gali", "condition": "HEALTHY", "color": "#10b981", "score": 85}, "geometry": {"type": "Point", "coordinates": [72.850546, 19.116638]}}, {"type": "Feature", "id": "obs-ANDHERI-SEG-175-4", "properties": {"roadId": "ANDHERI-SEG-175", "roadName": "Teli Gali", "condition": "HEALTHY", "color": "#10b981", "score": 85}, "geometry": {"type": "Point", "coordinates": [72.850593, 19.116995]}}, {"type": "Feature", "id": "obs-ANDHERI-SEG-175-5", "properties": {"roadId": "ANDHERI-SEG-175", "roadName": "Teli Gali", "condition": "HEALTHY", "color": "#10b981", "score": 85}, "geometry": {"type": "Point", "coordinates": [72.85064, 19.117352]}}, {"type": "Feature", "id": "obs-ANDHERI-SEG-175-6", "properties": {"roadId": "ANDHERI-SEG-175", "roadName": "Teli Gali", "condition": "HEALTHY", "color": "#10b981", "score": 85}, "geometry": {"type": "Point", "coordinates": [72.850688, 19.117708]}}, {"type": "Feature", "id": "obs-ANDHERI-SEG-175-7", "properties": {"roadId": "ANDHERI-SEG-175", "roadName": "Teli Gali", "condition": "HEALTHY", "color": "#10b981", "score": 85}, "geometry": {"type": "Point", "coordinates": [72.850735, 19.118065]}}, {"type": "Feature", "id": "obs-ANDHERI-SEG-175-8", "properties": {"roadId": "ANDHERI-SEG-175", "roadName": "Teli Gali", "condition": "HEALTHY", "color": "#10b981", "score": 85}, "geometry": {"type": "Point", "coordinates": [72.850782, 19.118422]}}, {"type": "Feature", "id": "obs-ANDHERI-SEG-175-9", "properties": {"roadId": "ANDHERI-SEG-175", "roadName": "Teli Gali", "condition": "HEALTHY", "color": "#10b981", "score": 85}, "geometry": {"type": "Point", "coordinates": [72.850825, 19.11878]}}, {"type": "Feature", "id": "obs-ANDHERI-SEG-175-10", "properties": {"roadId": "ANDHERI-SEG-175", "roadName": "Teli Gali", "condition": "HEALTHY", "color": "#10b981", "score": 85}, "geometry": {"type": "Point", "coordinates": [72.8509197, 19.1190187]}}, {"type": "Feature", "id": "obs-ANDHERI-SEG-176-0", "properties": {"roadId": "ANDHERI-SEG-176", "roadName": "Ceasar Road", "condition": "POOR", "color": "#f97316", "score": 71}, "geometry": {"type": "Point", "coordinates": [72.8472064, 19.1275754]}}, {"type": "Feature", "id": "obs-ANDHERI-SEG-176-1", "properties": {"roadId": "ANDHERI-SEG-176", "roadName": "Ceasar Road", "condition": "WATCH", "color": "#eab308", "score": 71}, "geometry": {"type": "Point", "coordinates": [72.8471146, 19.1275858]}}, {"type": "Feature", "id": "obs-ANDHERI-SEG-177-0", "properties": {"roadId": "ANDHERI-SEG-177", "roadName": "Western Express Highway", "condition": "CRITICAL", "color": "#ef4444", "score": 29}, "geometry": {"type": "Point", "coordinates": [72.8553108, 19.1308757]}}, {"type": "Feature", "id": "obs-ANDHERI-SEG-177-1", "properties": {"roadId": "ANDHERI-SEG-177", "roadName": "Western Express Highway", "condition": "CRITICAL", "color": "#ef4444", "score": 29}, "geometry": {"type": "Point", "coordinates": [72.855323, 19.130516]}}, {"type": "Feature", "id": "obs-ANDHERI-SEG-177-2", "properties": {"roadId": "ANDHERI-SEG-177", "roadName": "Western Express Highway", "condition": "CRITICAL", "color": "#ef4444", "score": 29}, "geometry": {"type": "Point", "coordinates": [72.855336, 19.130157]}}, {"type": "Feature", "id": "obs-ANDHERI-SEG-177-3", "properties": {"roadId": "ANDHERI-SEG-177", "roadName": "Western Express Highway", "condition": "CRITICAL", "color": "#ef4444", "score": 29}, "geometry": {"type": "Point", "coordinates": [72.85535, 19.129797]}}, {"type": "Feature", "id": "obs-ANDHERI-SEG-177-4", "properties": {"roadId": "ANDHERI-SEG-177", "roadName": "Western Express Highway", "condition": "CRITICAL", "color": "#ef4444", "score": 29}, "geometry": {"type": "Point", "coordinates": [72.855364, 19.129438]}}, {"type": "Feature", "id": "obs-ANDHERI-SEG-177-5", "properties": {"roadId": "ANDHERI-SEG-177", "roadName": "Western Express Highway", "condition": "CRITICAL", "color": "#ef4444", "score": 29}, "geometry": {"type": "Point", "coordinates": [72.855375, 19.129078]}}, {"type": "Feature", "id": "obs-ANDHERI-SEG-177-6", "properties": {"roadId": "ANDHERI-SEG-177", "roadName": "Western Express Highway", "condition": "CRITICAL", "color": "#ef4444", "score": 29}, "geometry": {"type": "Point", "coordinates": [72.855377, 19.128718]}}, {"type": "Feature", "id": "obs-ANDHERI-SEG-177-7", "properties": {"roadId": "ANDHERI-SEG-177", "roadName": "Western Express Highway", "condition": "CRITICAL", "color": "#ef4444", "score": 29}, "geometry": {"type": "Point", "coordinates": [72.855379, 19.128359]}}, {"type": "Feature", "id": "obs-ANDHERI-SEG-177-8", "properties": {"roadId": "ANDHERI-SEG-177", "roadName": "Western Express Highway", "condition": "CRITICAL", "color": "#ef4444", "score": 29}, "geometry": {"type": "Point", "coordinates": [72.855381, 19.127999]}}, {"type": "Feature", "id": "obs-ANDHERI-SEG-177-9", "properties": {"roadId": "ANDHERI-SEG-177", "roadName": "Western Express Highway", "condition": "CRITICAL", "color": "#ef4444", "score": 29}, "geometry": {"type": "Point", "coordinates": [72.855395, 19.12764]}}, {"type": "Feature", "id": "obs-ANDHERI-SEG-177-10", "properties": {"roadId": "ANDHERI-SEG-177", "roadName": "Western Express Highway", "condition": "CRITICAL", "color": "#ef4444", "score": 29}, "geometry": {"type": "Point", "coordinates": [72.855418, 19.127281]}}, {"type": "Feature", "id": "obs-ANDHERI-SEG-177-11", "properties": {"roadId": "ANDHERI-SEG-177", "roadName": "Western Express Highway", "condition": "CRITICAL", "color": "#ef4444", "score": 29}, "geometry": {"type": "Point", "coordinates": [72.855484, 19.126926]}}, {"type": "Feature", "id": "obs-ANDHERI-SEG-177-12", "properties": {"roadId": "ANDHERI-SEG-177", "roadName": "Western Express Highway", "condition": "CRITICAL", "color": "#ef4444", "score": 29}, "geometry": {"type": "Point", "coordinates": [72.855583, 19.12658]}}, {"type": "Feature", "id": "obs-ANDHERI-SEG-177-13", "properties": {"roadId": "ANDHERI-SEG-177", "roadName": "Western Express Highway", "condition": "CRITICAL", "color": "#ef4444", "score": 29}, "geometry": {"type": "Point", "coordinates": [72.855746, 19.126256]}}, {"type": "Feature", "id": "obs-ANDHERI-SEG-177-14", "properties": {"roadId": "ANDHERI-SEG-177", "roadName": "Western Express Highway", "condition": "CRITICAL", "color": "#ef4444", "score": 29}, "geometry": {"type": "Point", "coordinates": [72.855953, 19.125954]}}, {"type": "Feature", "id": "obs-ANDHERI-SEG-177-15", "properties": {"roadId": "ANDHERI-SEG-177", "roadName": "Western Express Highway", "condition": "CRITICAL", "color": "#ef4444", "score": 29}, "geometry": {"type": "Point", "coordinates": [72.856163, 19.125654]}}, {"type": "Feature", "id": "obs-ANDHERI-SEG-177-16", "properties": {"roadId": "ANDHERI-SEG-177", "roadName": "Western Express Highway", "condition": "CRITICAL", "color": "#ef4444", "score": 29}, "geometry": {"type": "Point", "coordinates": [72.8562837, 19.1254824]}}, {"type": "Feature", "id": "obs-ANDHERI-SEG-178-0", "properties": {"roadId": "ANDHERI-SEG-178", "roadName": "Sardar Vallabhbhai Patel Road", "condition": "CRITICAL", "color": "#ef4444", "score": 42}, "geometry": {"type": "Point", "coordinates": [72.867979, 19.1292266]}}, {"type": "Feature", "id": "obs-ANDHERI-SEG-178-1", "properties": {"roadId": "ANDHERI-SEG-178", "roadName": "Sardar Vallabhbhai Patel Road", "condition": "POOR", "color": "#f97316", "score": 42}, "geometry": {"type": "Point", "coordinates": [72.868134, 19.129555]}}, {"type": "Feature", "id": "obs-ANDHERI-SEG-178-2", "properties": {"roadId": "ANDHERI-SEG-178", "roadName": "Sardar Vallabhbhai Patel Road", "condition": "POOR", "color": "#f97316", "score": 42}, "geometry": {"type": "Point", "coordinates": [72.868302, 19.129878]}}, {"type": "Feature", "id": "obs-ANDHERI-SEG-178-3", "properties": {"roadId": "ANDHERI-SEG-178", "roadName": "Sardar Vallabhbhai Patel Road", "condition": "CRITICAL", "color": "#ef4444", "score": 42}, "geometry": {"type": "Point", "coordinates": [72.86847, 19.1302]}}, {"type": "Feature", "id": "obs-ANDHERI-SEG-178-4", "properties": {"roadId": "ANDHERI-SEG-178", "roadName": "Sardar Vallabhbhai Patel Road", "condition": "POOR", "color": "#f97316", "score": 42}, "geometry": {"type": "Point", "coordinates": [72.868642, 19.130521]}}, {"type": "Feature", "id": "obs-ANDHERI-SEG-178-5", "properties": {"roadId": "ANDHERI-SEG-178", "roadName": "Sardar Vallabhbhai Patel Road", "condition": "POOR", "color": "#f97316", "score": 42}, "geometry": {"type": "Point", "coordinates": [72.868815, 19.130842]}}, {"type": "Feature", "id": "obs-ANDHERI-SEG-178-6", "properties": {"roadId": "ANDHERI-SEG-178", "roadName": "Sardar Vallabhbhai Patel Road", "condition": "CRITICAL", "color": "#ef4444", "score": 42}, "geometry": {"type": "Point", "coordinates": [72.868987, 19.131163]}}, {"type": "Feature", "id": "obs-ANDHERI-SEG-178-7", "properties": {"roadId": "ANDHERI-SEG-178", "roadName": "Sardar Vallabhbhai Patel Road", "condition": "POOR", "color": "#f97316", "score": 42}, "geometry": {"type": "Point", "coordinates": [72.86917, 19.131478]}}, {"type": "Feature", "id": "obs-ANDHERI-SEG-178-8", "properties": {"roadId": "ANDHERI-SEG-178", "roadName": "Sardar Vallabhbhai Patel Road", "condition": "POOR", "color": "#f97316", "score": 42}, "geometry": {"type": "Point", "coordinates": [72.869356, 19.131792]}}, {"type": "Feature", "id": "obs-ANDHERI-SEG-178-9", "properties": {"roadId": "ANDHERI-SEG-178", "roadName": "Sardar Vallabhbhai Patel Road", "condition": "CRITICAL", "color": "#ef4444", "score": 42}, "geometry": {"type": "Point", "coordinates": [72.869543, 19.132106]}}, {"type": "Feature", "id": "obs-ANDHERI-SEG-178-10", "properties": {"roadId": "ANDHERI-SEG-178", "roadName": "Sardar Vallabhbhai Patel Road", "condition": "POOR", "color": "#f97316", "score": 42}, "geometry": {"type": "Point", "coordinates": [72.869733, 19.132417]}}, {"type": "Feature", "id": "obs-ANDHERI-SEG-178-11", "properties": {"roadId": "ANDHERI-SEG-178", "roadName": "Sardar Vallabhbhai Patel Road", "condition": "POOR", "color": "#f97316", "score": 42}, "geometry": {"type": "Point", "coordinates": [72.869831, 19.132762]}}, {"type": "Feature", "id": "obs-ANDHERI-SEG-178-12", "properties": {"roadId": "ANDHERI-SEG-178", "roadName": "Sardar Vallabhbhai Patel Road", "condition": "CRITICAL", "color": "#ef4444", "score": 42}, "geometry": {"type": "Point", "coordinates": [72.869898, 19.133116]}}, {"type": "Feature", "id": "obs-ANDHERI-SEG-178-13", "properties": {"roadId": "ANDHERI-SEG-178", "roadName": "Sardar Vallabhbhai Patel Road", "condition": "POOR", "color": "#f97316", "score": 42}, "geometry": {"type": "Point", "coordinates": [72.869945, 19.133473]}}, {"type": "Feature", "id": "obs-ANDHERI-SEG-178-14", "properties": {"roadId": "ANDHERI-SEG-178", "roadName": "Sardar Vallabhbhai Patel Road", "condition": "POOR", "color": "#f97316", "score": 42}, "geometry": {"type": "Point", "coordinates": [72.869984, 19.133831]}}, {"type": "Feature", "id": "obs-ANDHERI-SEG-178-15", "properties": {"roadId": "ANDHERI-SEG-178", "roadName": "Sardar Vallabhbhai Patel Road", "condition": "CRITICAL", "color": "#ef4444", "score": 42}, "geometry": {"type": "Point", "coordinates": [72.8700052, 19.13405]}}, {"type": "Feature", "id": "obs-ANDHERI-SEG-179-0", "properties": {"roadId": "ANDHERI-SEG-179", "roadName": "Baji Pasalkar Marg", "condition": "HEALTHY", "color": "#10b981", "score": 79}, "geometry": {"type": "Point", "coordinates": [72.8700052, 19.13405]}}, {"type": "Feature", "id": "obs-ANDHERI-SEG-179-1", "properties": {"roadId": "ANDHERI-SEG-179", "roadName": "Baji Pasalkar Marg", "condition": "HEALTHY", "color": "#10b981", "score": 79}, "geometry": {"type": "Point", "coordinates": [72.869625, 19.134068]}}, {"type": "Feature", "id": "obs-ANDHERI-SEG-179-2", "properties": {"roadId": "ANDHERI-SEG-179", "roadName": "Baji Pasalkar Marg", "condition": "HEALTHY", "color": "#10b981", "score": 79}, "geometry": {"type": "Point", "coordinates": [72.869245, 19.134085]}}, {"type": "Feature", "id": "obs-ANDHERI-SEG-179-3", "properties": {"roadId": "ANDHERI-SEG-179", "roadName": "Baji Pasalkar Marg", "condition": "HEALTHY", "color": "#10b981", "score": 79}, "geometry": {"type": "Point", "coordinates": [72.868868, 19.134138]}}, {"type": "Feature", "id": "obs-ANDHERI-SEG-179-4", "properties": {"roadId": "ANDHERI-SEG-179", "roadName": "Baji Pasalkar Marg", "condition": "HEALTHY", "color": "#10b981", "score": 79}, "geometry": {"type": "Point", "coordinates": [72.868493, 19.134197]}}, {"type": "Feature", "id": "obs-ANDHERI-SEG-179-5", "properties": {"roadId": "ANDHERI-SEG-179", "roadName": "Baji Pasalkar Marg", "condition": "HEALTHY", "color": "#10b981", "score": 79}, "geometry": {"type": "Point", "coordinates": [72.8683565, 19.1342178]}}, {"type": "Feature", "id": "obs-ANDHERI-SEG-180-0", "properties": {"roadId": "ANDHERI-SEG-180", "roadName": "Mahakali Caves Road", "condition": "POOR", "color": "#f97316", "score": 65}, "geometry": {"type": "Point", "coordinates": [72.8632135, 19.1180311]}}, {"type": "Feature", "id": "obs-ANDHERI-SEG-180-1", "properties": {"roadId": "ANDHERI-SEG-180", "roadName": "Mahakali Caves Road", "condition": "WATCH", "color": "#eab308", "score": 65}, "geometry": {"type": "Point", "coordinates": [72.863112, 19.117687]}}, {"type": "Feature", "id": "obs-ANDHERI-SEG-180-2", "properties": {"roadId": "ANDHERI-SEG-180", "roadName": "Mahakali Caves Road", "condition": "WATCH", "color": "#eab308", "score": 65}, "geometry": {"type": "Point", "coordinates": [72.862953, 19.117361]}}, {"type": "Feature", "id": "obs-ANDHERI-SEG-180-3", "properties": {"roadId": "ANDHERI-SEG-180", "roadName": "Mahakali Caves Road", "condition": "WATCH", "color": "#eab308", "score": 65}, "geometry": {"type": "Point", "coordinates": [72.862787, 19.117037]}}, {"type": "Feature", "id": "obs-ANDHERI-SEG-180-4", "properties": {"roadId": "ANDHERI-SEG-180", "roadName": "Mahakali Caves Road", "condition": "POOR", "color": "#f97316", "score": 65}, "geometry": {"type": "Point", "coordinates": [72.862593, 19.116728]}}, {"type": "Feature", "id": "obs-ANDHERI-SEG-180-5", "properties": {"roadId": "ANDHERI-SEG-180", "roadName": "Mahakali Caves Road", "condition": "WATCH", "color": "#eab308", "score": 65}, "geometry": {"type": "Point", "coordinates": [72.862345, 19.11646]}}, {"type": "Feature", "id": "obs-ANDHERI-SEG-180-6", "properties": {"roadId": "ANDHERI-SEG-180", "roadName": "Mahakali Caves Road", "condition": "WATCH", "color": "#eab308", "score": 65}, "geometry": {"type": "Point", "coordinates": [72.862028, 19.116263]}}, {"type": "Feature", "id": "obs-ANDHERI-SEG-180-7", "properties": {"roadId": "ANDHERI-SEG-180", "roadName": "Mahakali Caves Road", "condition": "WATCH", "color": "#eab308", "score": 65}, "geometry": {"type": "Point", "coordinates": [72.861701, 19.116079]}}, {"type": "Feature", "id": "obs-ANDHERI-SEG-180-8", "properties": {"roadId": "ANDHERI-SEG-180", "roadName": "Mahakali Caves Road", "condition": "POOR", "color": "#f97316", "score": 65}, "geometry": {"type": "Point", "coordinates": [72.861374, 19.115894]}}, {"type": "Feature", "id": "obs-ANDHERI-SEG-180-9", "properties": {"roadId": "ANDHERI-SEG-180", "roadName": "Mahakali Caves Road", "condition": "WATCH", "color": "#eab308", "score": 65}, "geometry": {"type": "Point", "coordinates": [72.861047, 19.115709]}}, {"type": "Feature", "id": "obs-ANDHERI-SEG-180-10", "properties": {"roadId": "ANDHERI-SEG-180", "roadName": "Mahakali Caves Road", "condition": "WATCH", "color": "#eab308", "score": 65}, "geometry": {"type": "Point", "coordinates": [72.860723, 19.115522]}}, {"type": "Feature", "id": "obs-ANDHERI-SEG-180-11", "properties": {"roadId": "ANDHERI-SEG-180", "roadName": "Mahakali Caves Road", "condition": "WATCH", "color": "#eab308", "score": 65}, "geometry": {"type": "Point", "coordinates": [72.860424, 19.115302]}}, {"type": "Feature", "id": "obs-ANDHERI-SEG-180-12", "properties": {"roadId": "ANDHERI-SEG-180", "roadName": "Mahakali Caves Road", "condition": "POOR", "color": "#f97316", "score": 65}, "geometry": {"type": "Point", "coordinates": [72.860265, 19.114975]}}, {"type": "Feature", "id": "obs-ANDHERI-SEG-180-13", "properties": {"roadId": "ANDHERI-SEG-180", "roadName": "Mahakali Caves Road", "condition": "WATCH", "color": "#eab308", "score": 65}, "geometry": {"type": "Point", "coordinates": [72.8602311, 19.1149061]}}, {"type": "Feature", "id": "obs-ANDHERI-SEG-181-0", "properties": {"roadId": "ANDHERI-SEG-181", "roadName": "Andheri Station Road", "condition": "HEALTHY", "color": "#10b981", "score": 88}, "geometry": {"type": "Point", "coordinates": [72.8480421, 19.1185469]}}, {"type": "Feature", "id": "obs-ANDHERI-SEG-181-1", "properties": {"roadId": "ANDHERI-SEG-181", "roadName": "Andheri Station Road", "condition": "HEALTHY", "color": "#10b981", "score": 88}, "geometry": {"type": "Point", "coordinates": [72.848015, 19.118905]}}, {"type": "Feature", "id": "obs-ANDHERI-SEG-181-2", "properties": {"roadId": "ANDHERI-SEG-181", "roadName": "Andheri Station Road", "condition": "HEALTHY", "color": "#10b981", "score": 88}, "geometry": {"type": "Point", "coordinates": [72.8480077, 19.1189846]}}, {"type": "Feature", "id": "obs-ANDHERI-SEG-182-0", "properties": {"roadId": "ANDHERI-SEG-182", "roadName": "Mahakali Caves Road", "condition": "HEALTHY", "color": "#10b981", "score": 82}, "geometry": {"type": "Point", "coordinates": [72.8685835, 19.1285125]}}, {"type": "Feature", "id": "obs-ANDHERI-SEG-182-1", "properties": {"roadId": "ANDHERI-SEG-182", "roadName": "Mahakali Caves Road", "condition": "HEALTHY", "color": "#10b981", "score": 82}, "geometry": {"type": "Point", "coordinates": [72.868882, 19.128736]}}, {"type": "Feature", "id": "obs-ANDHERI-SEG-182-2", "properties": {"roadId": "ANDHERI-SEG-182", "roadName": "Mahakali Caves Road", "condition": "HEALTHY", "color": "#10b981", "score": 82}, "geometry": {"type": "Point", "coordinates": [72.869181, 19.128959]}}, {"type": "Feature", "id": "obs-ANDHERI-SEG-182-3", "properties": {"roadId": "ANDHERI-SEG-182", "roadName": "Mahakali Caves Road", "condition": "HEALTHY", "color": "#10b981", "score": 82}, "geometry": {"type": "Point", "coordinates": [72.869479, 19.129182]}}, {"type": "Feature", "id": "obs-ANDHERI-SEG-182-4", "properties": {"roadId": "ANDHERI-SEG-182", "roadName": "Mahakali Caves Road", "condition": "HEALTHY", "color": "#10b981", "score": 82}, "geometry": {"type": "Point", "coordinates": [72.869759, 19.129425]}}, {"type": "Feature", "id": "obs-ANDHERI-SEG-182-5", "properties": {"roadId": "ANDHERI-SEG-182", "roadName": "Mahakali Caves Road", "condition": "HEALTHY", "color": "#10b981", "score": 82}, "geometry": {"type": "Point", "coordinates": [72.870014, 19.129693]}}, {"type": "Feature", "id": "obs-ANDHERI-SEG-182-6", "properties": {"roadId": "ANDHERI-SEG-182", "roadName": "Mahakali Caves Road", "condition": "HEALTHY", "color": "#10b981", "score": 82}, "geometry": {"type": "Point", "coordinates": [72.870269, 19.12996]}}, {"type": "Feature", "id": "obs-ANDHERI-SEG-182-7", "properties": {"roadId": "ANDHERI-SEG-182", "roadName": "Mahakali Caves Road", "condition": "HEALTHY", "color": "#10b981", "score": 82}, "geometry": {"type": "Point", "coordinates": [72.870532, 19.130219]}}, {"type": "Feature", "id": "obs-ANDHERI-SEG-182-8", "properties": {"roadId": "ANDHERI-SEG-182", "roadName": "Mahakali Caves Road", "condition": "HEALTHY", "color": "#10b981", "score": 82}, "geometry": {"type": "Point", "coordinates": [72.870823, 19.130451]}}, {"type": "Feature", "id": "obs-ANDHERI-SEG-182-9", "properties": {"roadId": "ANDHERI-SEG-182", "roadName": "Mahakali Caves Road", "condition": "HEALTHY", "color": "#10b981", "score": 82}, "geometry": {"type": "Point", "coordinates": [72.871115, 19.130682]}}, {"type": "Feature", "id": "obs-ANDHERI-SEG-182-10", "properties": {"roadId": "ANDHERI-SEG-182", "roadName": "Mahakali Caves Road", "condition": "HEALTHY", "color": "#10b981", "score": 82}, "geometry": {"type": "Point", "coordinates": [72.87141, 19.13091]}}, {"type": "Feature", "id": "obs-ANDHERI-SEG-182-11", "properties": {"roadId": "ANDHERI-SEG-182", "roadName": "Mahakali Caves Road", "condition": "HEALTHY", "color": "#10b981", "score": 82}, "geometry": {"type": "Point", "coordinates": [72.871709, 19.13113]}}, {"type": "Feature", "id": "obs-ANDHERI-SEG-182-12", "properties": {"roadId": "ANDHERI-SEG-182", "roadName": "Mahakali Caves Road", "condition": "HEALTHY", "color": "#10b981", "score": 82}, "geometry": {"type": "Point", "coordinates": [72.872071, 19.131167]}}, {"type": "Feature", "id": "obs-ANDHERI-SEG-182-13", "properties": {"roadId": "ANDHERI-SEG-182", "roadName": "Mahakali Caves Road", "condition": "HEALTHY", "color": "#10b981", "score": 82}, "geometry": {"type": "Point", "coordinates": [72.872382, 19.130973]}}, {"type": "Feature", "id": "obs-ANDHERI-SEG-182-14", "properties": {"roadId": "ANDHERI-SEG-182", "roadName": "Mahakali Caves Road", "condition": "HEALTHY", "color": "#10b981", "score": 82}, "geometry": {"type": "Point", "coordinates": [72.872588, 19.13067]}}, {"type": "Feature", "id": "obs-ANDHERI-SEG-182-15", "properties": {"roadId": "ANDHERI-SEG-182", "roadName": "Mahakali Caves Road", "condition": "HEALTHY", "color": "#10b981", "score": 82}, "geometry": {"type": "Point", "coordinates": [72.872793, 19.130367]}}, {"type": "Feature", "id": "obs-ANDHERI-SEG-182-16", "properties": {"roadId": "ANDHERI-SEG-182", "roadName": "Mahakali Caves Road", "condition": "HEALTHY", "color": "#10b981", "score": 82}, "geometry": {"type": "Point", "coordinates": [72.8730722, 19.1302246]}}, {"type": "Feature", "id": "obs-ANDHERI-SEG-183-0", "properties": {"roadId": "ANDHERI-SEG-183", "roadName": "Kanhore Marg Road", "condition": "POOR", "color": "#f97316", "score": 68}, "geometry": {"type": "Point", "coordinates": [72.8680608, 19.129181]}}, {"type": "Feature", "id": "obs-ANDHERI-SEG-183-1", "properties": {"roadId": "ANDHERI-SEG-183", "roadName": "Kanhore Marg Road", "condition": "WATCH", "color": "#eab308", "score": 68}, "geometry": {"type": "Point", "coordinates": [72.868169, 19.128894]}}, {"type": "Feature", "id": "obs-ANDHERI-SEG-183-2", "properties": {"roadId": "ANDHERI-SEG-183", "roadName": "Kanhore Marg Road", "condition": "WATCH", "color": "#eab308", "score": 68}, "geometry": {"type": "Point", "coordinates": [72.868461, 19.128663]}}, {"type": "Feature", "id": "obs-ANDHERI-SEG-183-3", "properties": {"roadId": "ANDHERI-SEG-183", "roadName": "Kanhore Marg Road", "condition": "WATCH", "color": "#eab308", "score": 68}, "geometry": {"type": "Point", "coordinates": [72.8685214, 19.128554]}}, {"type": "Feature", "id": "obs-ANDHERI-SEG-184-0", "properties": {"roadId": "ANDHERI-SEG-184", "roadName": "Srinivas Bagarka Road", "condition": "HEALTHY", "color": "#10b981", "score": 91}, "geometry": {"type": "Point", "coordinates": [72.867761, 19.1118863]}}, {"type": "Feature", "id": "obs-ANDHERI-SEG-184-1", "properties": {"roadId": "ANDHERI-SEG-184", "roadName": "Srinivas Bagarka Road", "condition": "HEALTHY", "color": "#10b981", "score": 91}, "geometry": {"type": "Point", "coordinates": [72.867633, 19.111554]}}, {"type": "Feature", "id": "obs-ANDHERI-SEG-184-2", "properties": {"roadId": "ANDHERI-SEG-184", "roadName": "Srinivas Bagarka Road", "condition": "HEALTHY", "color": "#10b981", "score": 91}, "geometry": {"type": "Point", "coordinates": [72.867358, 19.111306]}}, {"type": "Feature", "id": "obs-ANDHERI-SEG-184-3", "properties": {"roadId": "ANDHERI-SEG-184", "roadName": "Srinivas Bagarka Road", "condition": "HEALTHY", "color": "#10b981", "score": 91}, "geometry": {"type": "Point", "coordinates": [72.867066, 19.111075]}}, {"type": "Feature", "id": "obs-ANDHERI-SEG-184-4", "properties": {"roadId": "ANDHERI-SEG-184", "roadName": "Srinivas Bagarka Road", "condition": "HEALTHY", "color": "#10b981", "score": 91}, "geometry": {"type": "Point", "coordinates": [72.866795, 19.110824]}}, {"type": "Feature", "id": "obs-ANDHERI-SEG-184-5", "properties": {"roadId": "ANDHERI-SEG-184", "roadName": "Srinivas Bagarka Road", "condition": "HEALTHY", "color": "#10b981", "score": 91}, "geometry": {"type": "Point", "coordinates": [72.86654, 19.110557]}}, {"type": "Feature", "id": "obs-ANDHERI-SEG-184-6", "properties": {"roadId": "ANDHERI-SEG-184", "roadName": "Srinivas Bagarka Road", "condition": "HEALTHY", "color": "#10b981", "score": 91}, "geometry": {"type": "Point", "coordinates": [72.866294, 19.110284]}}, {"type": "Feature", "id": "obs-ANDHERI-SEG-184-7", "properties": {"roadId": "ANDHERI-SEG-184", "roadName": "Srinivas Bagarka Road", "condition": "HEALTHY", "color": "#10b981", "score": 91}, "geometry": {"type": "Point", "coordinates": [72.866079, 19.109987]}}, {"type": "Feature", "id": "obs-ANDHERI-SEG-184-8", "properties": {"roadId": "ANDHERI-SEG-184", "roadName": "Srinivas Bagarka Road", "condition": "HEALTHY", "color": "#10b981", "score": 91}, "geometry": {"type": "Point", "coordinates": [72.865862, 19.109691]}}, {"type": "Feature", "id": "obs-ANDHERI-SEG-184-9", "properties": {"roadId": "ANDHERI-SEG-184", "roadName": "Srinivas Bagarka Road", "condition": "HEALTHY", "color": "#10b981", "score": 91}, "geometry": {"type": "Point", "coordinates": [72.86561, 19.109423]}}, {"type": "Feature", "id": "obs-ANDHERI-SEG-184-10", "properties": {"roadId": "ANDHERI-SEG-184", "roadName": "Srinivas Bagarka Road", "condition": "HEALTHY", "color": "#10b981", "score": 91}, "geometry": {"type": "Point", "coordinates": [72.8653603, 19.1091936]}}, {"type": "Feature", "id": "obs-ANDHERI-SEG-185-0", "properties": {"roadId": "ANDHERI-SEG-185", "roadName": "Sahar Road", "condition": "POOR", "color": "#f97316", "score": 64}, "geometry": {"type": "Point", "coordinates": [72.8479697, 19.1129487]}}, {"type": "Feature", "id": "obs-ANDHERI-SEG-185-1", "properties": {"roadId": "ANDHERI-SEG-185", "roadName": "Sahar Road", "condition": "WATCH", "color": "#eab308", "score": 64}, "geometry": {"type": "Point", "coordinates": [72.847774, 19.113257]}}, {"type": "Feature", "id": "obs-ANDHERI-SEG-185-2", "properties": {"roadId": "ANDHERI-SEG-185", "roadName": "Sahar Road", "condition": "WATCH", "color": "#eab308", "score": 64}, "geometry": {"type": "Point", "coordinates": [72.847603, 19.113576]}}, {"type": "Feature", "id": "obs-ANDHERI-SEG-185-3", "properties": {"roadId": "ANDHERI-SEG-185", "roadName": "Sahar Road", "condition": "WATCH", "color": "#eab308", "score": 64}, "geometry": {"type": "Point", "coordinates": [72.847464, 19.11391]}}, {"type": "Feature", "id": "obs-ANDHERI-SEG-185-4", "properties": {"roadId": "ANDHERI-SEG-185", "roadName": "Sahar Road", "condition": "POOR", "color": "#f97316", "score": 64}, "geometry": {"type": "Point", "coordinates": [72.84741, 19.114266]}}, {"type": "Feature", "id": "obs-ANDHERI-SEG-185-5", "properties": {"roadId": "ANDHERI-SEG-185", "roadName": "Sahar Road", "condition": "WATCH", "color": "#eab308", "score": 64}, "geometry": {"type": "Point", "coordinates": [72.847356, 19.114622]}}, {"type": "Feature", "id": "obs-ANDHERI-SEG-185-6", "properties": {"roadId": "ANDHERI-SEG-185", "roadName": "Sahar Road", "condition": "WATCH", "color": "#eab308", "score": 64}, "geometry": {"type": "Point", "coordinates": [72.847305, 19.114979]}}, {"type": "Feature", "id": "obs-ANDHERI-SEG-185-7", "properties": {"roadId": "ANDHERI-SEG-185", "roadName": "Sahar Road", "condition": "WATCH", "color": "#eab308", "score": 64}, "geometry": {"type": "Point", "coordinates": [72.847286, 19.115337]}}, {"type": "Feature", "id": "obs-ANDHERI-SEG-185-8", "properties": {"roadId": "ANDHERI-SEG-185", "roadName": "Sahar Road", "condition": "POOR", "color": "#f97316", "score": 64}, "geometry": {"type": "Point", "coordinates": [72.847382, 19.115684]}}, {"type": "Feature", "id": "obs-ANDHERI-SEG-185-9", "properties": {"roadId": "ANDHERI-SEG-185", "roadName": "Sahar Road", "condition": "WATCH", "color": "#eab308", "score": 64}, "geometry": {"type": "Point", "coordinates": [72.847513, 19.116021]}}, {"type": "Feature", "id": "obs-ANDHERI-SEG-185-10", "properties": {"roadId": "ANDHERI-SEG-185", "roadName": "Sahar Road", "condition": "WATCH", "color": "#eab308", "score": 64}, "geometry": {"type": "Point", "coordinates": [72.847641, 19.11636]}}, {"type": "Feature", "id": "obs-ANDHERI-SEG-185-11", "properties": {"roadId": "ANDHERI-SEG-185", "roadName": "Sahar Road", "condition": "WATCH", "color": "#eab308", "score": 64}, "geometry": {"type": "Point", "coordinates": [72.847769, 19.116699]}}, {"type": "Feature", "id": "obs-ANDHERI-SEG-185-12", "properties": {"roadId": "ANDHERI-SEG-185", "roadName": "Sahar Road", "condition": "POOR", "color": "#f97316", "score": 64}, "geometry": {"type": "Point", "coordinates": [72.847835, 19.117053]}}, {"type": "Feature", "id": "obs-ANDHERI-SEG-185-13", "properties": {"roadId": "ANDHERI-SEG-185", "roadName": "Sahar Road", "condition": "WATCH", "color": "#eab308", "score": 64}, "geometry": {"type": "Point", "coordinates": [72.847885, 19.11741]}}, {"type": "Feature", "id": "obs-ANDHERI-SEG-185-14", "properties": {"roadId": "ANDHERI-SEG-185", "roadName": "Sahar Road", "condition": "WATCH", "color": "#eab308", "score": 64}, "geometry": {"type": "Point", "coordinates": [72.847935, 19.117766]}}, {"type": "Feature", "id": "obs-ANDHERI-SEG-185-15", "properties": {"roadId": "ANDHERI-SEG-185", "roadName": "Sahar Road", "condition": "WATCH", "color": "#eab308", "score": 64}, "geometry": {"type": "Point", "coordinates": [72.847988, 19.118123]}}, {"type": "Feature", "id": "obs-ANDHERI-SEG-185-16", "properties": {"roadId": "ANDHERI-SEG-185", "roadName": "Sahar Road", "condition": "POOR", "color": "#f97316", "score": 64}, "geometry": {"type": "Point", "coordinates": [72.8479977, 19.1181901]}}, {"type": "Feature", "id": "obs-ANDHERI-SEG-186-0", "properties": {"roadId": "ANDHERI-SEG-186", "roadName": "Mathuradas Vasanji Road", "condition": "CRITICAL", "color": "#ef4444", "score": 46}, "geometry": {"type": "Point", "coordinates": [72.8489588, 19.1203569]}}, {"type": "Feature", "id": "obs-ANDHERI-SEG-186-1", "properties": {"roadId": "ANDHERI-SEG-186", "roadName": "Mathuradas Vasanji Road", "condition": "POOR", "color": "#f97316", "score": 46}, "geometry": {"type": "Point", "coordinates": [72.84864, 19.120554]}}, {"type": "Feature", "id": "obs-ANDHERI-SEG-186-2", "properties": {"roadId": "ANDHERI-SEG-186", "roadName": "Mathuradas Vasanji Road", "condition": "POOR", "color": "#f97316", "score": 46}, "geometry": {"type": "Point", "coordinates": [72.848324, 19.120754]}}, {"type": "Feature", "id": "obs-ANDHERI-SEG-186-3", "properties": {"roadId": "ANDHERI-SEG-186", "roadName": "Mathuradas Vasanji Road", "condition": "CRITICAL", "color": "#ef4444", "score": 46}, "geometry": {"type": "Point", "coordinates": [72.848122, 19.1208824]}}, {"type": "Feature", "id": "obs-ANDHERI-SEG-187-0", "properties": {"roadId": "ANDHERI-SEG-187", "roadName": "R K Paramhans Road", "condition": "HEALTHY", "color": "#10b981", "score": 85}, "geometry": {"type": "Point", "coordinates": [72.8489948, 19.1202502]}}, {"type": "Feature", "id": "obs-ANDHERI-SEG-187-1", "properties": {"roadId": "ANDHERI-SEG-187", "roadName": "R K Paramhans Road", "condition": "HEALTHY", "color": "#10b981", "score": 85}, "geometry": {"type": "Point", "coordinates": [72.848821, 19.11993]}}, {"type": "Feature", "id": "obs-ANDHERI-SEG-187-2", "properties": {"roadId": "ANDHERI-SEG-187", "roadName": "R K Paramhans Road", "condition": "HEALTHY", "color": "#10b981", "score": 85}, "geometry": {"type": "Point", "coordinates": [72.848544, 19.1197]}}, {"type": "Feature", "id": "obs-ANDHERI-SEG-187-3", "properties": {"roadId": "ANDHERI-SEG-187", "roadName": "R K Paramhans Road", "condition": "HEALTHY", "color": "#10b981", "score": 85}, "geometry": {"type": "Point", "coordinates": [72.848441, 19.119365]}}, {"type": "Feature", "id": "obs-ANDHERI-SEG-187-4", "properties": {"roadId": "ANDHERI-SEG-187", "roadName": "R K Paramhans Road", "condition": "HEALTHY", "color": "#10b981", "score": 85}, "geometry": {"type": "Point", "coordinates": [72.8484047, 19.1190254]}}, {"type": "Feature", "id": "obs-ANDHERI-SEG-188-0", "properties": {"roadId": "ANDHERI-SEG-188", "roadName": "R K Paramhans / Old Nagardas Road", "condition": "POOR", "color": "#f97316", "score": 71}, "geometry": {"type": "Point", "coordinates": [72.8491631, 19.1204581]}}, {"type": "Feature", "id": "obs-ANDHERI-SEG-188-1", "properties": {"roadId": "ANDHERI-SEG-188", "roadName": "R K Paramhans / Old Nagardas Road", "condition": "WATCH", "color": "#eab308", "score": 71}, "geometry": {"type": "Point", "coordinates": [72.849416, 19.120727]}}, {"type": "Feature", "id": "obs-ANDHERI-SEG-188-2", "properties": {"roadId": "ANDHERI-SEG-188", "roadName": "R K Paramhans / Old Nagardas Road", "condition": "WATCH", "color": "#eab308", "score": 71}, "geometry": {"type": "Point", "coordinates": [72.84968, 19.120985]}}, {"type": "Feature", "id": "obs-ANDHERI-SEG-188-3", "properties": {"roadId": "ANDHERI-SEG-188", "roadName": "R K Paramhans / Old Nagardas Road", "condition": "WATCH", "color": "#eab308", "score": 71}, "geometry": {"type": "Point", "coordinates": [72.849961, 19.121229]}}, {"type": "Feature", "id": "obs-ANDHERI-SEG-188-4", "properties": {"roadId": "ANDHERI-SEG-188", "roadName": "R K Paramhans / Old Nagardas Road", "condition": "POOR", "color": "#f97316", "score": 71}, "geometry": {"type": "Point", "coordinates": [72.850225, 19.121486]}}, {"type": "Feature", "id": "obs-ANDHERI-SEG-188-5", "properties": {"roadId": "ANDHERI-SEG-188", "roadName": "R K Paramhans / Old Nagardas Road", "condition": "WATCH", "color": "#eab308", "score": 71}, "geometry": {"type": "Point", "coordinates": [72.850474, 19.121759]}}, {"type": "Feature", "id": "obs-ANDHERI-SEG-188-6", "properties": {"roadId": "ANDHERI-SEG-188", "roadName": "R K Paramhans / Old Nagardas Road", "condition": "WATCH", "color": "#eab308", "score": 71}, "geometry": {"type": "Point", "coordinates": [72.850739, 19.122017]}}, {"type": "Feature", "id": "obs-ANDHERI-SEG-188-7", "properties": {"roadId": "ANDHERI-SEG-188", "roadName": "R K Paramhans / Old Nagardas Road", "condition": "WATCH", "color": "#eab308", "score": 71}, "geometry": {"type": "Point", "coordinates": [72.850904, 19.122336]}}, {"type": "Feature", "id": "obs-ANDHERI-SEG-188-8", "properties": {"roadId": "ANDHERI-SEG-188", "roadName": "R K Paramhans / Old Nagardas Road", "condition": "POOR", "color": "#f97316", "score": 71}, "geometry": {"type": "Point", "coordinates": [72.850977, 19.122688]}}, {"type": "Feature", "id": "obs-ANDHERI-SEG-188-9", "properties": {"roadId": "ANDHERI-SEG-188", "roadName": "R K Paramhans / Old Nagardas Road", "condition": "WATCH", "color": "#eab308", "score": 71}, "geometry": {"type": "Point", "coordinates": [72.851038, 19.123043]}}, {"type": "Feature", "id": "obs-ANDHERI-SEG-188-10", "properties": {"roadId": "ANDHERI-SEG-188", "roadName": "R K Paramhans / Old Nagardas Road", "condition": "WATCH", "color": "#eab308", "score": 71}, "geometry": {"type": "Point", "coordinates": [72.851109, 19.123396]}}, {"type": "Feature", "id": "obs-ANDHERI-SEG-188-11", "properties": {"roadId": "ANDHERI-SEG-188", "roadName": "R K Paramhans / Old Nagardas Road", "condition": "WATCH", "color": "#eab308", "score": 71}, "geometry": {"type": "Point", "coordinates": [72.8511803, 19.123732]}}, {"type": "Feature", "id": "obs-ANDHERI-SEG-189-0", "properties": {"roadId": "ANDHERI-SEG-189", "roadName": "Western Express Highway", "condition": "CRITICAL", "color": "#ef4444", "score": 29}, "geometry": {"type": "Point", "coordinates": [72.8560972, 19.1253885]}}, {"type": "Feature", "id": "obs-ANDHERI-SEG-189-1", "properties": {"roadId": "ANDHERI-SEG-189", "roadName": "Western Express Highway", "condition": "CRITICAL", "color": "#ef4444", "score": 29}, "geometry": {"type": "Point", "coordinates": [72.855914, 19.125703]}}, {"type": "Feature", "id": "obs-ANDHERI-SEG-189-2", "properties": {"roadId": "ANDHERI-SEG-189", "roadName": "Western Express Highway", "condition": "CRITICAL", "color": "#ef4444", "score": 29}, "geometry": {"type": "Point", "coordinates": [72.855711, 19.126008]}}, {"type": "Feature", "id": "obs-ANDHERI-SEG-189-3", "properties": {"roadId": "ANDHERI-SEG-189", "roadName": "Western Express Highway", "condition": "CRITICAL", "color": "#ef4444", "score": 29}, "geometry": {"type": "Point", "coordinates": [72.855531, 19.126324]}}, {"type": "Feature", "id": "obs-ANDHERI-SEG-189-4", "properties": {"roadId": "ANDHERI-SEG-189", "roadName": "Western Express Highway", "condition": "CRITICAL", "color": "#ef4444", "score": 29}, "geometry": {"type": "Point", "coordinates": [72.855384, 19.126654]}}, {"type": "Feature", "id": "obs-ANDHERI-SEG-189-5", "properties": {"roadId": "ANDHERI-SEG-189", "roadName": "Western Express Highway", "condition": "CRITICAL", "color": "#ef4444", "score": 29}, "geometry": {"type": "Point", "coordinates": [72.855296, 19.127003]}}, {"type": "Feature", "id": "obs-ANDHERI-SEG-189-6", "properties": {"roadId": "ANDHERI-SEG-189", "roadName": "Western Express Highway", "condition": "CRITICAL", "color": "#ef4444", "score": 29}, "geometry": {"type": "Point", "coordinates": [72.855254, 19.127361]}}, {"type": "Feature", "id": "obs-ANDHERI-SEG-189-7", "properties": {"roadId": "ANDHERI-SEG-189", "roadName": "Western Express Highway", "condition": "CRITICAL", "color": "#ef4444", "score": 29}, "geometry": {"type": "Point", "coordinates": [72.855246, 19.12772]}}, {"type": "Feature", "id": "obs-ANDHERI-SEG-189-8", "properties": {"roadId": "ANDHERI-SEG-189", "roadName": "Western Express Highway", "condition": "CRITICAL", "color": "#ef4444", "score": 29}, "geometry": {"type": "Point", "coordinates": [72.855239, 19.12808]}}, {"type": "Feature", "id": "obs-ANDHERI-SEG-189-9", "properties": {"roadId": "ANDHERI-SEG-189", "roadName": "Western Express Highway", "condition": "CRITICAL", "color": "#ef4444", "score": 29}, "geometry": {"type": "Point", "coordinates": [72.855231, 19.128439]}}, {"type": "Feature", "id": "obs-ANDHERI-SEG-189-10", "properties": {"roadId": "ANDHERI-SEG-189", "roadName": "Western Express Highway", "condition": "CRITICAL", "color": "#ef4444", "score": 29}, "geometry": {"type": "Point", "coordinates": [72.855223, 19.128799]}}, {"type": "Feature", "id": "obs-ANDHERI-SEG-189-11", "properties": {"roadId": "ANDHERI-SEG-189", "roadName": "Western Express Highway", "condition": "CRITICAL", "color": "#ef4444", "score": 29}, "geometry": {"type": "Point", "coordinates": [72.855215, 19.129159]}}, {"type": "Feature", "id": "obs-ANDHERI-SEG-189-12", "properties": {"roadId": "ANDHERI-SEG-189", "roadName": "Western Express Highway", "condition": "CRITICAL", "color": "#ef4444", "score": 29}, "geometry": {"type": "Point", "coordinates": [72.855208, 19.129518]}}, {"type": "Feature", "id": "obs-ANDHERI-SEG-189-13", "properties": {"roadId": "ANDHERI-SEG-189", "roadName": "Western Express Highway", "condition": "CRITICAL", "color": "#ef4444", "score": 29}, "geometry": {"type": "Point", "coordinates": [72.8552, 19.129878]}}, {"type": "Feature", "id": "obs-ANDHERI-SEG-189-14", "properties": {"roadId": "ANDHERI-SEG-189", "roadName": "Western Express Highway", "condition": "CRITICAL", "color": "#ef4444", "score": 29}, "geometry": {"type": "Point", "coordinates": [72.855192, 19.130238]}}, {"type": "Feature", "id": "obs-ANDHERI-SEG-189-15", "properties": {"roadId": "ANDHERI-SEG-189", "roadName": "Western Express Highway", "condition": "CRITICAL", "color": "#ef4444", "score": 29}, "geometry": {"type": "Point", "coordinates": [72.855184, 19.130597]}}, {"type": "Feature", "id": "obs-ANDHERI-SEG-189-16", "properties": {"roadId": "ANDHERI-SEG-189", "roadName": "Western Express Highway", "condition": "CRITICAL", "color": "#ef4444", "score": 29}, "geometry": {"type": "Point", "coordinates": [72.855175, 19.130957]}}, {"type": "Feature", "id": "obs-ANDHERI-SEG-189-17", "properties": {"roadId": "ANDHERI-SEG-189", "roadName": "Western Express Highway", "condition": "CRITICAL", "color": "#ef4444", "score": 29}, "geometry": {"type": "Point", "coordinates": [72.855159, 19.131316]}}, {"type": "Feature", "id": "obs-ANDHERI-SEG-189-18", "properties": {"roadId": "ANDHERI-SEG-189", "roadName": "Western Express Highway", "condition": "CRITICAL", "color": "#ef4444", "score": 29}, "geometry": {"type": "Point", "coordinates": [72.855143, 19.131676]}}, {"type": "Feature", "id": "obs-ANDHERI-SEG-189-19", "properties": {"roadId": "ANDHERI-SEG-189", "roadName": "Western Express Highway", "condition": "CRITICAL", "color": "#ef4444", "score": 29}, "geometry": {"type": "Point", "coordinates": [72.855127, 19.132035]}}, {"type": "Feature", "id": "obs-ANDHERI-SEG-189-20", "properties": {"roadId": "ANDHERI-SEG-189", "roadName": "Western Express Highway", "condition": "CRITICAL", "color": "#ef4444", "score": 29}, "geometry": {"type": "Point", "coordinates": [72.855111, 19.132395]}}, {"type": "Feature", "id": "obs-ANDHERI-SEG-189-21", "properties": {"roadId": "ANDHERI-SEG-189", "roadName": "Western Express Highway", "condition": "CRITICAL", "color": "#ef4444", "score": 29}, "geometry": {"type": "Point", "coordinates": [72.855094, 19.132754]}}, {"type": "Feature", "id": "obs-ANDHERI-SEG-189-22", "properties": {"roadId": "ANDHERI-SEG-189", "roadName": "Western Express Highway", "condition": "CRITICAL", "color": "#ef4444", "score": 29}, "geometry": {"type": "Point", "coordinates": [72.855078, 19.133113]}}, {"type": "Feature", "id": "obs-ANDHERI-SEG-189-23", "properties": {"roadId": "ANDHERI-SEG-189", "roadName": "Western Express Highway", "condition": "CRITICAL", "color": "#ef4444", "score": 29}, "geometry": {"type": "Point", "coordinates": [72.855061, 19.133473]}}, {"type": "Feature", "id": "obs-ANDHERI-SEG-189-24", "properties": {"roadId": "ANDHERI-SEG-189", "roadName": "Western Express Highway", "condition": "CRITICAL", "color": "#ef4444", "score": 29}, "geometry": {"type": "Point", "coordinates": [72.855043, 19.133832]}}, {"type": "Feature", "id": "obs-ANDHERI-SEG-189-25", "properties": {"roadId": "ANDHERI-SEG-189", "roadName": "Western Express Highway", "condition": "CRITICAL", "color": "#ef4444", "score": 29}, "geometry": {"type": "Point", "coordinates": [72.855025, 19.134191]}}, {"type": "Feature", "id": "obs-ANDHERI-SEG-189-26", "properties": {"roadId": "ANDHERI-SEG-189", "roadName": "Western Express Highway", "condition": "CRITICAL", "color": "#ef4444", "score": 29}, "geometry": {"type": "Point", "coordinates": [72.855007, 19.134551]}}, {"type": "Feature", "id": "obs-ANDHERI-SEG-189-27", "properties": {"roadId": "ANDHERI-SEG-189", "roadName": "Western Express Highway", "condition": "CRITICAL", "color": "#ef4444", "score": 29}, "geometry": {"type": "Point", "coordinates": [72.85499, 19.13491]}}, {"type": "Feature", "id": "obs-ANDHERI-SEG-189-28", "properties": {"roadId": "ANDHERI-SEG-189", "roadName": "Western Express Highway", "condition": "CRITICAL", "color": "#ef4444", "score": 29}, "geometry": {"type": "Point", "coordinates": [72.854979, 19.13527]}}, {"type": "Feature", "id": "obs-ANDHERI-SEG-189-29", "properties": {"roadId": "ANDHERI-SEG-189", "roadName": "Western Express Highway", "condition": "CRITICAL", "color": "#ef4444", "score": 29}, "geometry": {"type": "Point", "coordinates": [72.854968, 19.135629]}}, {"type": "Feature", "id": "obs-ANDHERI-SEG-189-30", "properties": {"roadId": "ANDHERI-SEG-189", "roadName": "Western Express Highway", "condition": "CRITICAL", "color": "#ef4444", "score": 29}, "geometry": {"type": "Point", "coordinates": [72.854958, 19.135989]}}, {"type": "Feature", "id": "obs-ANDHERI-SEG-189-31", "properties": {"roadId": "ANDHERI-SEG-189", "roadName": "Western Express Highway", "condition": "CRITICAL", "color": "#ef4444", "score": 29}, "geometry": {"type": "Point", "coordinates": [72.854947, 19.136348]}}, {"type": "Feature", "id": "obs-ANDHERI-SEG-189-32", "properties": {"roadId": "ANDHERI-SEG-189", "roadName": "Western Express Highway", "condition": "CRITICAL", "color": "#ef4444", "score": 29}, "geometry": {"type": "Point", "coordinates": [72.854936, 19.136708]}}, {"type": "Feature", "id": "obs-ANDHERI-SEG-189-33", "properties": {"roadId": "ANDHERI-SEG-189", "roadName": "Western Express Highway", "condition": "CRITICAL", "color": "#ef4444", "score": 29}, "geometry": {"type": "Point", "coordinates": [72.8549315, 19.1368542]}}, {"type": "Feature", "id": "obs-ANDHERI-SEG-190-0", "properties": {"roadId": "ANDHERI-SEG-190", "roadName": "Tertiary (102523640)", "condition": "CRITICAL", "color": "#ef4444", "score": 42}, "geometry": {"type": "Point", "coordinates": [72.865597, 19.1160464]}}, {"type": "Feature", "id": "obs-ANDHERI-SEG-190-1", "properties": {"roadId": "ANDHERI-SEG-190", "roadName": "Tertiary (102523640)", "condition": "POOR", "color": "#f97316", "score": 42}, "geometry": {"type": "Point", "coordinates": [72.865976, 19.116016]}}, {"type": "Feature", "id": "obs-ANDHERI-SEG-190-2", "properties": {"roadId": "ANDHERI-SEG-190", "roadName": "Tertiary (102523640)", "condition": "POOR", "color": "#f97316", "score": 42}, "geometry": {"type": "Point", "coordinates": [72.866356, 19.115986]}}, {"type": "Feature", "id": "obs-ANDHERI-SEG-190-3", "properties": {"roadId": "ANDHERI-SEG-190", "roadName": "Tertiary (102523640)", "condition": "CRITICAL", "color": "#ef4444", "score": 42}, "geometry": {"type": "Point", "coordinates": [72.866735, 19.115959]}}, {"type": "Feature", "id": "obs-ANDHERI-SEG-190-4", "properties": {"roadId": "ANDHERI-SEG-190", "roadName": "Tertiary (102523640)", "condition": "POOR", "color": "#f97316", "score": 42}, "geometry": {"type": "Point", "coordinates": [72.867115, 19.115939]}}, {"type": "Feature", "id": "obs-ANDHERI-SEG-190-5", "properties": {"roadId": "ANDHERI-SEG-190", "roadName": "Tertiary (102523640)", "condition": "POOR", "color": "#f97316", "score": 42}, "geometry": {"type": "Point", "coordinates": [72.867495, 19.115921]}}, {"type": "Feature", "id": "obs-ANDHERI-SEG-190-6", "properties": {"roadId": "ANDHERI-SEG-190", "roadName": "Tertiary (102523640)", "condition": "CRITICAL", "color": "#ef4444", "score": 42}, "geometry": {"type": "Point", "coordinates": [72.867874, 19.115881]}}, {"type": "Feature", "id": "obs-ANDHERI-SEG-190-7", "properties": {"roadId": "ANDHERI-SEG-190", "roadName": "Tertiary (102523640)", "condition": "POOR", "color": "#f97316", "score": 42}, "geometry": {"type": "Point", "coordinates": [72.868252, 19.115841]}}, {"type": "Feature", "id": "obs-ANDHERI-SEG-190-8", "properties": {"roadId": "ANDHERI-SEG-190", "roadName": "Tertiary (102523640)", "condition": "POOR", "color": "#f97316", "score": 42}, "geometry": {"type": "Point", "coordinates": [72.8682642, 19.1158395]}}, {"type": "Feature", "id": "obs-ANDHERI-SEG-191-0", "properties": {"roadId": "ANDHERI-SEG-191", "roadName": "Cross Road A", "condition": "HEALTHY", "color": "#10b981", "score": 79}, "geometry": {"type": "Point", "coordinates": [72.8653375, 19.1202779]}}, {"type": "Feature", "id": "obs-ANDHERI-SEG-191-1", "properties": {"roadId": "ANDHERI-SEG-191", "roadName": "Cross Road A", "condition": "HEALTHY", "color": "#10b981", "score": 79}, "geometry": {"type": "Point", "coordinates": [72.865282, 19.119922]}}, {"type": "Feature", "id": "obs-ANDHERI-SEG-191-2", "properties": {"roadId": "ANDHERI-SEG-191", "roadName": "Cross Road A", "condition": "HEALTHY", "color": "#10b981", "score": 79}, "geometry": {"type": "Point", "coordinates": [72.865225, 19.119566]}}, {"type": "Feature", "id": "obs-ANDHERI-SEG-191-3", "properties": {"roadId": "ANDHERI-SEG-191", "roadName": "Cross Road A", "condition": "HEALTHY", "color": "#10b981", "score": 79}, "geometry": {"type": "Point", "coordinates": [72.865167, 19.119211]}}, {"type": "Feature", "id": "obs-ANDHERI-SEG-191-4", "properties": {"roadId": "ANDHERI-SEG-191", "roadName": "Cross Road A", "condition": "HEALTHY", "color": "#10b981", "score": 79}, "geometry": {"type": "Point", "coordinates": [72.86511, 19.118855]}}, {"type": "Feature", "id": "obs-ANDHERI-SEG-191-5", "properties": {"roadId": "ANDHERI-SEG-191", "roadName": "Cross Road A", "condition": "HEALTHY", "color": "#10b981", "score": 79}, "geometry": {"type": "Point", "coordinates": [72.865052, 19.1185]}}, {"type": "Feature", "id": "obs-ANDHERI-SEG-191-6", "properties": {"roadId": "ANDHERI-SEG-191", "roadName": "Cross Road A", "condition": "HEALTHY", "color": "#10b981", "score": 79}, "geometry": {"type": "Point", "coordinates": [72.864995, 19.118144]}}, {"type": "Feature", "id": "obs-ANDHERI-SEG-191-7", "properties": {"roadId": "ANDHERI-SEG-191", "roadName": "Cross Road A", "condition": "HEALTHY", "color": "#10b981", "score": 79}, "geometry": {"type": "Point", "coordinates": [72.864939, 19.117788]}}, {"type": "Feature", "id": "obs-ANDHERI-SEG-191-8", "properties": {"roadId": "ANDHERI-SEG-191", "roadName": "Cross Road A", "condition": "HEALTHY", "color": "#10b981", "score": 79}, "geometry": {"type": "Point", "coordinates": [72.864897, 19.117431]}}, {"type": "Feature", "id": "obs-ANDHERI-SEG-191-9", "properties": {"roadId": "ANDHERI-SEG-191", "roadName": "Cross Road A", "condition": "HEALTHY", "color": "#10b981", "score": 79}, "geometry": {"type": "Point", "coordinates": [72.864854, 19.117073]}}, {"type": "Feature", "id": "obs-ANDHERI-SEG-191-10", "properties": {"roadId": "ANDHERI-SEG-191", "roadName": "Cross Road A", "condition": "HEALTHY", "color": "#10b981", "score": 79}, "geometry": {"type": "Point", "coordinates": [72.864812, 19.116716]}}, {"type": "Feature", "id": "obs-ANDHERI-SEG-191-11", "properties": {"roadId": "ANDHERI-SEG-191", "roadName": "Cross Road A", "condition": "HEALTHY", "color": "#10b981", "score": 79}, "geometry": {"type": "Point", "coordinates": [72.864769, 19.116358]}}, {"type": "Feature", "id": "obs-ANDHERI-SEG-191-12", "properties": {"roadId": "ANDHERI-SEG-191", "roadName": "Cross Road A", "condition": "HEALTHY", "color": "#10b981", "score": 79}, "geometry": {"type": "Point", "coordinates": [72.8647404, 19.1161126]}}, {"type": "Feature", "id": "obs-ANDHERI-SEG-192-0", "properties": {"roadId": "ANDHERI-SEG-192", "roadName": "Tertiary (102526616)", "condition": "POOR", "color": "#f97316", "score": 65}, "geometry": {"type": "Point", "coordinates": [72.8672938, 19.1136958]}}, {"type": "Feature", "id": "obs-ANDHERI-SEG-192-1", "properties": {"roadId": "ANDHERI-SEG-192", "roadName": "Tertiary (102526616)", "condition": "WATCH", "color": "#eab308", "score": 65}, "geometry": {"type": "Point", "coordinates": [72.867192, 19.113349]}}, {"type": "Feature", "id": "obs-ANDHERI-SEG-192-2", "properties": {"roadId": "ANDHERI-SEG-192", "roadName": "Tertiary (102526616)", "condition": "WATCH", "color": "#eab308", "score": 65}, "geometry": {"type": "Point", "coordinates": [72.867103, 19.113]}}, {"type": "Feature", "id": "obs-ANDHERI-SEG-192-3", "properties": {"roadId": "ANDHERI-SEG-192", "roadName": "Tertiary (102526616)", "condition": "WATCH", "color": "#eab308", "score": 65}, "geometry": {"type": "Point", "coordinates": [72.867013, 19.11265]}}, {"type": "Feature", "id": "obs-ANDHERI-SEG-192-4", "properties": {"roadId": "ANDHERI-SEG-192", "roadName": "Tertiary (102526616)", "condition": "POOR", "color": "#f97316", "score": 65}, "geometry": {"type": "Point", "coordinates": [72.866939, 19.1123616]}}, {"type": "Feature", "id": "obs-ANDHERI-SEG-193-0", "properties": {"roadId": "ANDHERI-SEG-193", "roadName": "Road 11", "condition": "HEALTHY", "color": "#10b981", "score": 88}, "geometry": {"type": "Point", "coordinates": [72.8707398, 19.1220063]}}, {"type": "Feature", "id": "obs-ANDHERI-SEG-193-1", "properties": {"roadId": "ANDHERI-SEG-193", "roadName": "Road 11", "condition": "HEALTHY", "color": "#10b981", "score": 88}, "geometry": {"type": "Point", "coordinates": [72.870362, 19.122033]}}, {"type": "Feature", "id": "obs-ANDHERI-SEG-193-2", "properties": {"roadId": "ANDHERI-SEG-193", "roadName": "Road 11", "condition": "HEALTHY", "color": "#10b981", "score": 88}, "geometry": {"type": "Point", "coordinates": [72.869981, 19.122039]}}, {"type": "Feature", "id": "obs-ANDHERI-SEG-193-3", "properties": {"roadId": "ANDHERI-SEG-193", "roadName": "Road 11", "condition": "HEALTHY", "color": "#10b981", "score": 88}, "geometry": {"type": "Point", "coordinates": [72.869601, 19.122055]}}, {"type": "Feature", "id": "obs-ANDHERI-SEG-193-4", "properties": {"roadId": "ANDHERI-SEG-193", "roadName": "Road 11", "condition": "HEALTHY", "color": "#10b981", "score": 88}, "geometry": {"type": "Point", "coordinates": [72.869272, 19.122187]}}, {"type": "Feature", "id": "obs-ANDHERI-SEG-193-5", "properties": {"roadId": "ANDHERI-SEG-193", "roadName": "Road 11", "condition": "HEALTHY", "color": "#10b981", "score": 88}, "geometry": {"type": "Point", "coordinates": [72.869053, 19.122479]}}, {"type": "Feature", "id": "obs-ANDHERI-SEG-193-6", "properties": {"roadId": "ANDHERI-SEG-193", "roadName": "Road 11", "condition": "HEALTHY", "color": "#10b981", "score": 88}, "geometry": {"type": "Point", "coordinates": [72.868682, 19.122532]}}, {"type": "Feature", "id": "obs-ANDHERI-SEG-193-7", "properties": {"roadId": "ANDHERI-SEG-193", "roadName": "Road 11", "condition": "HEALTHY", "color": "#10b981", "score": 88}, "geometry": {"type": "Point", "coordinates": [72.868303, 19.122568]}}, {"type": "Feature", "id": "obs-ANDHERI-SEG-193-8", "properties": {"roadId": "ANDHERI-SEG-193", "roadName": "Road 11", "condition": "HEALTHY", "color": "#10b981", "score": 88}, "geometry": {"type": "Point", "coordinates": [72.867923, 19.122587]}}, {"type": "Feature", "id": "obs-ANDHERI-SEG-193-9", "properties": {"roadId": "ANDHERI-SEG-193", "roadName": "Road 11", "condition": "HEALTHY", "color": "#10b981", "score": 88}, "geometry": {"type": "Point", "coordinates": [72.867543, 19.122589]}}, {"type": "Feature", "id": "obs-ANDHERI-SEG-193-10", "properties": {"roadId": "ANDHERI-SEG-193", "roadName": "Road 11", "condition": "HEALTHY", "color": "#10b981", "score": 88}, "geometry": {"type": "Point", "coordinates": [72.867164, 19.122557]}}, {"type": "Feature", "id": "obs-ANDHERI-SEG-193-11", "properties": {"roadId": "ANDHERI-SEG-193", "roadName": "Road 11", "condition": "HEALTHY", "color": "#10b981", "score": 88}, "geometry": {"type": "Point", "coordinates": [72.866807, 19.122437]}}, {"type": "Feature", "id": "obs-ANDHERI-SEG-193-12", "properties": {"roadId": "ANDHERI-SEG-193", "roadName": "Road 11", "condition": "HEALTHY", "color": "#10b981", "score": 88}, "geometry": {"type": "Point", "coordinates": [72.866477, 19.122259]}}, {"type": "Feature", "id": "obs-ANDHERI-SEG-193-13", "properties": {"roadId": "ANDHERI-SEG-193", "roadName": "Road 11", "condition": "HEALTHY", "color": "#10b981", "score": 88}, "geometry": {"type": "Point", "coordinates": [72.866128, 19.122126]}}, {"type": "Feature", "id": "obs-ANDHERI-SEG-193-14", "properties": {"roadId": "ANDHERI-SEG-193", "roadName": "Road 11", "condition": "HEALTHY", "color": "#10b981", "score": 88}, "geometry": {"type": "Point", "coordinates": [72.865753, 19.122063]}}, {"type": "Feature", "id": "obs-ANDHERI-SEG-193-15", "properties": {"roadId": "ANDHERI-SEG-193", "roadName": "Road 11", "condition": "HEALTHY", "color": "#10b981", "score": 88}, "geometry": {"type": "Point", "coordinates": [72.865377, 19.122011]}}, {"type": "Feature", "id": "obs-ANDHERI-SEG-193-16", "properties": {"roadId": "ANDHERI-SEG-193", "roadName": "Road 11", "condition": "HEALTHY", "color": "#10b981", "score": 88}, "geometry": {"type": "Point", "coordinates": [72.864999, 19.121975]}}, {"type": "Feature", "id": "obs-ANDHERI-SEG-193-17", "properties": {"roadId": "ANDHERI-SEG-193", "roadName": "Road 11", "condition": "HEALTHY", "color": "#10b981", "score": 88}, "geometry": {"type": "Point", "coordinates": [72.864647, 19.122105]}}, {"type": "Feature", "id": "obs-ANDHERI-SEG-193-18", "properties": {"roadId": "ANDHERI-SEG-193", "roadName": "Road 11", "condition": "HEALTHY", "color": "#10b981", "score": 88}, "geometry": {"type": "Point", "coordinates": [72.864452, 19.122412]}}, {"type": "Feature", "id": "obs-ANDHERI-SEG-193-19", "properties": {"roadId": "ANDHERI-SEG-193", "roadName": "Road 11", "condition": "HEALTHY", "color": "#10b981", "score": 88}, "geometry": {"type": "Point", "coordinates": [72.8640902, 19.1224827]}}, {"type": "Feature", "id": "obs-ANDHERI-SEG-194-0", "properties": {"roadId": "ANDHERI-SEG-194", "roadName": "Off Mahakali Caves Road", "condition": "HEALTHY", "color": "#10b981", "score": 82}, "geometry": {"type": "Point", "coordinates": [72.8613469, 19.1213189]}}, {"type": "Feature", "id": "obs-ANDHERI-SEG-194-1", "properties": {"roadId": "ANDHERI-SEG-194", "roadName": "Off Mahakali Caves Road", "condition": "HEALTHY", "color": "#10b981", "score": 82}, "geometry": {"type": "Point", "coordinates": [72.861257, 19.120969]}}, {"type": "Feature", "id": "obs-ANDHERI-SEG-194-2", "properties": {"roadId": "ANDHERI-SEG-194", "roadName": "Off Mahakali Caves Road", "condition": "HEALTHY", "color": "#10b981", "score": 82}, "geometry": {"type": "Point", "coordinates": [72.861167, 19.12062]}}, {"type": "Feature", "id": "obs-ANDHERI-SEG-194-3", "properties": {"roadId": "ANDHERI-SEG-194", "roadName": "Off Mahakali Caves Road", "condition": "HEALTHY", "color": "#10b981", "score": 82}, "geometry": {"type": "Point", "coordinates": [72.861075, 19.120271]}}, {"type": "Feature", "id": "obs-ANDHERI-SEG-194-4", "properties": {"roadId": "ANDHERI-SEG-194", "roadName": "Off Mahakali Caves Road", "condition": "HEALTHY", "color": "#10b981", "score": 82}, "geometry": {"type": "Point", "coordinates": [72.860977, 19.119923]}}, {"type": "Feature", "id": "obs-ANDHERI-SEG-194-5", "properties": {"roadId": "ANDHERI-SEG-194", "roadName": "Off Mahakali Caves Road", "condition": "HEALTHY", "color": "#10b981", "score": 82}, "geometry": {"type": "Point", "coordinates": [72.86088, 19.119575]}}, {"type": "Feature", "id": "obs-ANDHERI-SEG-194-6", "properties": {"roadId": "ANDHERI-SEG-194", "roadName": "Off Mahakali Caves Road", "condition": "HEALTHY", "color": "#10b981", "score": 82}, "geometry": {"type": "Point", "coordinates": [72.860782, 19.119228]}}, {"type": "Feature", "id": "obs-ANDHERI-SEG-194-7", "properties": {"roadId": "ANDHERI-SEG-194", "roadName": "Off Mahakali Caves Road", "condition": "HEALTHY", "color": "#10b981", "score": 82}, "geometry": {"type": "Point", "coordinates": [72.860684, 19.11888]}}, {"type": "Feature", "id": "obs-ANDHERI-SEG-194-8", "properties": {"roadId": "ANDHERI-SEG-194", "roadName": "Off Mahakali Caves Road", "condition": "HEALTHY", "color": "#10b981", "score": 82}, "geometry": {"type": "Point", "coordinates": [72.8605884, 19.1185378]}}, {"type": "Feature", "id": "obs-ANDHERI-SEG-195-0", "properties": {"roadId": "ANDHERI-SEG-195", "roadName": "Guru Gobind Singh Marg", "condition": "POOR", "color": "#f97316", "score": 68}, "geometry": {"type": "Point", "coordinates": [72.8632293, 19.1256492]}}, {"type": "Feature", "id": "obs-ANDHERI-SEG-195-1", "properties": {"roadId": "ANDHERI-SEG-195", "roadName": "Guru Gobind Singh Marg", "condition": "WATCH", "color": "#eab308", "score": 68}, "geometry": {"type": "Point", "coordinates": [72.86343, 19.125955]}}, {"type": "Feature", "id": "obs-ANDHERI-SEG-195-2", "properties": {"roadId": "ANDHERI-SEG-195", "roadName": "Guru Gobind Singh Marg", "condition": "WATCH", "color": "#eab308", "score": 68}, "geometry": {"type": "Point", "coordinates": [72.863626, 19.126263]}}, {"type": "Feature", "id": "obs-ANDHERI-SEG-195-3", "properties": {"roadId": "ANDHERI-SEG-195", "roadName": "Guru Gobind Singh Marg", "condition": "WATCH", "color": "#eab308", "score": 68}, "geometry": {"type": "Point", "coordinates": [72.863816, 19.126575]}}, {"type": "Feature", "id": "obs-ANDHERI-SEG-195-4", "properties": {"roadId": "ANDHERI-SEG-195", "roadName": "Guru Gobind Singh Marg", "condition": "POOR", "color": "#f97316", "score": 68}, "geometry": {"type": "Point", "coordinates": [72.863998, 19.126886]}}, {"type": "Feature", "id": "obs-ANDHERI-SEG-195-5", "properties": {"roadId": "ANDHERI-SEG-195", "roadName": "Guru Gobind Singh Marg", "condition": "WATCH", "color": "#eab308", "score": 68}, "geometry": {"type": "Point", "coordinates": [72.864116, 19.127228]}}, {"type": "Feature", "id": "obs-ANDHERI-SEG-195-6", "properties": {"roadId": "ANDHERI-SEG-195", "roadName": "Guru Gobind Singh Marg", "condition": "WATCH", "color": "#eab308", "score": 68}, "geometry": {"type": "Point", "coordinates": [72.864234, 19.12757]}}, {"type": "Feature", "id": "obs-ANDHERI-SEG-195-7", "properties": {"roadId": "ANDHERI-SEG-195", "roadName": "Guru Gobind Singh Marg", "condition": "WATCH", "color": "#eab308", "score": 68}, "geometry": {"type": "Point", "coordinates": [72.864399, 19.127893]}}, {"type": "Feature", "id": "obs-ANDHERI-SEG-195-8", "properties": {"roadId": "ANDHERI-SEG-195", "roadName": "Guru Gobind Singh Marg", "condition": "POOR", "color": "#f97316", "score": 68}, "geometry": {"type": "Point", "coordinates": [72.864591, 19.128203]}}, {"type": "Feature", "id": "obs-ANDHERI-SEG-195-9", "properties": {"roadId": "ANDHERI-SEG-195", "roadName": "Guru Gobind Singh Marg", "condition": "WATCH", "color": "#eab308", "score": 68}, "geometry": {"type": "Point", "coordinates": [72.864863, 19.128452]}}, {"type": "Feature", "id": "obs-ANDHERI-SEG-195-10", "properties": {"roadId": "ANDHERI-SEG-195", "roadName": "Guru Gobind Singh Marg", "condition": "WATCH", "color": "#eab308", "score": 68}, "geometry": {"type": "Point", "coordinates": [72.865088, 19.128739]}}, {"type": "Feature", "id": "obs-ANDHERI-SEG-195-11", "properties": {"roadId": "ANDHERI-SEG-195", "roadName": "Guru Gobind Singh Marg", "condition": "WATCH", "color": "#eab308", "score": 68}, "geometry": {"type": "Point", "coordinates": [72.865286, 19.129045]}}, {"type": "Feature", "id": "obs-ANDHERI-SEG-195-12", "properties": {"roadId": "ANDHERI-SEG-195", "roadName": "Guru Gobind Singh Marg", "condition": "POOR", "color": "#f97316", "score": 68}, "geometry": {"type": "Point", "coordinates": [72.865469, 19.129361]}}, {"type": "Feature", "id": "obs-ANDHERI-SEG-195-13", "properties": {"roadId": "ANDHERI-SEG-195", "roadName": "Guru Gobind Singh Marg", "condition": "WATCH", "color": "#eab308", "score": 68}, "geometry": {"type": "Point", "coordinates": [72.865663, 19.12967]}}, {"type": "Feature", "id": "obs-ANDHERI-SEG-195-14", "properties": {"roadId": "ANDHERI-SEG-195", "roadName": "Guru Gobind Singh Marg", "condition": "WATCH", "color": "#eab308", "score": 68}, "geometry": {"type": "Point", "coordinates": [72.8657269, 19.1297587]}}, {"type": "Feature", "id": "obs-ANDHERI-SEG-196-0", "properties": {"roadId": "ANDHERI-SEG-196", "roadName": "Datta Mandir Marg", "condition": "HEALTHY", "color": "#10b981", "score": 91}, "geometry": {"type": "Point", "coordinates": [72.8657269, 19.1297587]}}, {"type": "Feature", "id": "obs-ANDHERI-SEG-196-1", "properties": {"roadId": "ANDHERI-SEG-196", "roadName": "Datta Mandir Marg", "condition": "HEALTHY", "color": "#10b981", "score": 91}, "geometry": {"type": "Point", "coordinates": [72.865388, 19.129923]}}, {"type": "Feature", "id": "obs-ANDHERI-SEG-196-2", "properties": {"roadId": "ANDHERI-SEG-196", "roadName": "Datta Mandir Marg", "condition": "HEALTHY", "color": "#10b981", "score": 91}, "geometry": {"type": "Point", "coordinates": [72.86502, 19.13001]}}, {"type": "Feature", "id": "obs-ANDHERI-SEG-196-3", "properties": {"roadId": "ANDHERI-SEG-196", "roadName": "Datta Mandir Marg", "condition": "HEALTHY", "color": "#10b981", "score": 91}, "geometry": {"type": "Point", "coordinates": [72.86464, 19.130017]}}, {"type": "Feature", "id": "obs-ANDHERI-SEG-196-4", "properties": {"roadId": "ANDHERI-SEG-196", "roadName": "Datta Mandir Marg", "condition": "HEALTHY", "color": "#10b981", "score": 91}, "geometry": {"type": "Point", "coordinates": [72.864259, 19.130024]}}, {"type": "Feature", "id": "obs-ANDHERI-SEG-196-5", "properties": {"roadId": "ANDHERI-SEG-196", "roadName": "Datta Mandir Marg", "condition": "HEALTHY", "color": "#10b981", "score": 91}, "geometry": {"type": "Point", "coordinates": [72.863881, 19.129992]}}, {"type": "Feature", "id": "obs-ANDHERI-SEG-196-6", "properties": {"roadId": "ANDHERI-SEG-196", "roadName": "Datta Mandir Marg", "condition": "HEALTHY", "color": "#10b981", "score": 91}, "geometry": {"type": "Point", "coordinates": [72.863504, 19.129938]}}, {"type": "Feature", "id": "obs-ANDHERI-SEG-196-7", "properties": {"roadId": "ANDHERI-SEG-196", "roadName": "Datta Mandir Marg", "condition": "HEALTHY", "color": "#10b981", "score": 91}, "geometry": {"type": "Point", "coordinates": [72.863125, 19.129912]}}, {"type": "Feature", "id": "obs-ANDHERI-SEG-196-8", "properties": {"roadId": "ANDHERI-SEG-196", "roadName": "Datta Mandir Marg", "condition": "HEALTHY", "color": "#10b981", "score": 91}, "geometry": {"type": "Point", "coordinates": [72.8628629, 19.1299037]}}, {"type": "Feature", "id": "obs-ANDHERI-SEG-197-0", "properties": {"roadId": "ANDHERI-SEG-197", "roadName": "Western Express Highway", "condition": "POOR", "color": "#f97316", "score": 64}, "geometry": {"type": "Point", "coordinates": [72.8550684, 19.1368972]}}, {"type": "Feature", "id": "obs-ANDHERI-SEG-197-1", "properties": {"roadId": "ANDHERI-SEG-197", "roadName": "Western Express Highway", "condition": "WATCH", "color": "#eab308", "score": 64}, "geometry": {"type": "Point", "coordinates": [72.855088, 19.136538]}}, {"type": "Feature", "id": "obs-ANDHERI-SEG-197-2", "properties": {"roadId": "ANDHERI-SEG-197", "roadName": "Western Express Highway", "condition": "WATCH", "color": "#eab308", "score": 64}, "geometry": {"type": "Point", "coordinates": [72.855107, 19.136179]}}, {"type": "Feature", "id": "obs-ANDHERI-SEG-197-3", "properties": {"roadId": "ANDHERI-SEG-197", "roadName": "Western Express Highway", "condition": "WATCH", "color": "#eab308", "score": 64}, "geometry": {"type": "Point", "coordinates": [72.855126, 19.135819]}}, {"type": "Feature", "id": "obs-ANDHERI-SEG-197-4", "properties": {"roadId": "ANDHERI-SEG-197", "roadName": "Western Express Highway", "condition": "POOR", "color": "#f97316", "score": 64}, "geometry": {"type": "Point", "coordinates": [72.855145, 19.13546]}}, {"type": "Feature", "id": "obs-ANDHERI-SEG-197-5", "properties": {"roadId": "ANDHERI-SEG-197", "roadName": "Western Express Highway", "condition": "WATCH", "color": "#eab308", "score": 64}, "geometry": {"type": "Point", "coordinates": [72.855164, 19.135101]}}, {"type": "Feature", "id": "obs-ANDHERI-SEG-197-6", "properties": {"roadId": "ANDHERI-SEG-197", "roadName": "Western Express Highway", "condition": "WATCH", "color": "#eab308", "score": 64}, "geometry": {"type": "Point", "coordinates": [72.855181, 19.134741]}}, {"type": "Feature", "id": "obs-ANDHERI-SEG-197-7", "properties": {"roadId": "ANDHERI-SEG-197", "roadName": "Western Express Highway", "condition": "WATCH", "color": "#eab308", "score": 64}, "geometry": {"type": "Point", "coordinates": [72.855194, 19.134382]}}, {"type": "Feature", "id": "obs-ANDHERI-SEG-197-8", "properties": {"roadId": "ANDHERI-SEG-197", "roadName": "Western Express Highway", "condition": "POOR", "color": "#f97316", "score": 64}, "geometry": {"type": "Point", "coordinates": [72.855206, 19.134022]}}, {"type": "Feature", "id": "obs-ANDHERI-SEG-197-9", "properties": {"roadId": "ANDHERI-SEG-197", "roadName": "Western Express Highway", "condition": "WATCH", "color": "#eab308", "score": 64}, "geometry": {"type": "Point", "coordinates": [72.855218, 19.133663]}}, {"type": "Feature", "id": "obs-ANDHERI-SEG-197-10", "properties": {"roadId": "ANDHERI-SEG-197", "roadName": "Western Express Highway", "condition": "WATCH", "color": "#eab308", "score": 64}, "geometry": {"type": "Point", "coordinates": [72.85523, 19.133303]}}, {"type": "Feature", "id": "obs-ANDHERI-SEG-197-11", "properties": {"roadId": "ANDHERI-SEG-197", "roadName": "Western Express Highway", "condition": "WATCH", "color": "#eab308", "score": 64}, "geometry": {"type": "Point", "coordinates": [72.855242, 19.132944]}}, {"type": "Feature", "id": "obs-ANDHERI-SEG-197-12", "properties": {"roadId": "ANDHERI-SEG-197", "roadName": "Western Express Highway", "condition": "POOR", "color": "#f97316", "score": 64}, "geometry": {"type": "Point", "coordinates": [72.855254, 19.132584]}}, {"type": "Feature", "id": "obs-ANDHERI-SEG-197-13", "properties": {"roadId": "ANDHERI-SEG-197", "roadName": "Western Express Highway", "condition": "WATCH", "color": "#eab308", "score": 64}, "geometry": {"type": "Point", "coordinates": [72.855266, 19.132225]}}, {"type": "Feature", "id": "obs-ANDHERI-SEG-197-14", "properties": {"roadId": "ANDHERI-SEG-197", "roadName": "Western Express Highway", "condition": "WATCH", "color": "#eab308", "score": 64}, "geometry": {"type": "Point", "coordinates": [72.855278, 19.131865]}}, {"type": "Feature", "id": "obs-ANDHERI-SEG-197-15", "properties": {"roadId": "ANDHERI-SEG-197", "roadName": "Western Express Highway", "condition": "WATCH", "color": "#eab308", "score": 64}, "geometry": {"type": "Point", "coordinates": [72.85529, 19.131506]}}, {"type": "Feature", "id": "obs-ANDHERI-SEG-197-16", "properties": {"roadId": "ANDHERI-SEG-197", "roadName": "Western Express Highway", "condition": "POOR", "color": "#f97316", "score": 64}, "geometry": {"type": "Point", "coordinates": [72.855302, 19.131146]}}, {"type": "Feature", "id": "obs-ANDHERI-SEG-197-17", "properties": {"roadId": "ANDHERI-SEG-197", "roadName": "Western Express Highway", "condition": "WATCH", "color": "#eab308", "score": 64}, "geometry": {"type": "Point", "coordinates": [72.8553108, 19.1308757]}}, {"type": "Feature", "id": "obs-ANDHERI-SEG-198-0", "properties": {"roadId": "ANDHERI-SEG-198", "roadName": "Chatrapati Shivaji Road", "condition": "CRITICAL", "color": "#ef4444", "score": 46}, "geometry": {"type": "Point", "coordinates": [72.8462543, 19.1058242]}}, {"type": "Feature", "id": "obs-ANDHERI-SEG-198-1", "properties": {"roadId": "ANDHERI-SEG-198", "roadName": "Chatrapati Shivaji Road", "condition": "POOR", "color": "#f97316", "score": 46}, "geometry": {"type": "Point", "coordinates": [72.846613, 19.105899]}}, {"type": "Feature", "id": "obs-ANDHERI-SEG-198-2", "properties": {"roadId": "ANDHERI-SEG-198", "roadName": "Chatrapati Shivaji Road", "condition": "POOR", "color": "#f97316", "score": 46}, "geometry": {"type": "Point", "coordinates": [72.846989, 19.105952]}}, {"type": "Feature", "id": "obs-ANDHERI-SEG-198-3", "properties": {"roadId": "ANDHERI-SEG-198", "roadName": "Chatrapati Shivaji Road", "condition": "CRITICAL", "color": "#ef4444", "score": 46}, "geometry": {"type": "Point", "coordinates": [72.847364, 19.106016]}}, {"type": "Feature", "id": "obs-ANDHERI-SEG-198-4", "properties": {"roadId": "ANDHERI-SEG-198", "roadName": "Chatrapati Shivaji Road", "condition": "POOR", "color": "#f97316", "score": 46}, "geometry": {"type": "Point", "coordinates": [72.847654, 19.106187]}}, {"type": "Feature", "id": "obs-ANDHERI-SEG-198-5", "properties": {"roadId": "ANDHERI-SEG-198", "roadName": "Chatrapati Shivaji Road", "condition": "POOR", "color": "#f97316", "score": 46}, "geometry": {"type": "Point", "coordinates": [72.847785, 19.106525]}}, {"type": "Feature", "id": "obs-ANDHERI-SEG-198-6", "properties": {"roadId": "ANDHERI-SEG-198", "roadName": "Chatrapati Shivaji Road", "condition": "CRITICAL", "color": "#ef4444", "score": 46}, "geometry": {"type": "Point", "coordinates": [72.847918, 19.106862]}}, {"type": "Feature", "id": "obs-ANDHERI-SEG-198-7", "properties": {"roadId": "ANDHERI-SEG-198", "roadName": "Chatrapati Shivaji Road", "condition": "POOR", "color": "#f97316", "score": 46}, "geometry": {"type": "Point", "coordinates": [72.848051, 19.107199]}}, {"type": "Feature", "id": "obs-ANDHERI-SEG-198-8", "properties": {"roadId": "ANDHERI-SEG-198", "roadName": "Chatrapati Shivaji Road", "condition": "POOR", "color": "#f97316", "score": 46}, "geometry": {"type": "Point", "coordinates": [72.848184, 19.107536]}}, {"type": "Feature", "id": "obs-ANDHERI-SEG-198-9", "properties": {"roadId": "ANDHERI-SEG-198", "roadName": "Chatrapati Shivaji Road", "condition": "CRITICAL", "color": "#ef4444", "score": 46}, "geometry": {"type": "Point", "coordinates": [72.848317, 19.107873]}}, {"type": "Feature", "id": "obs-ANDHERI-SEG-198-10", "properties": {"roadId": "ANDHERI-SEG-198", "roadName": "Chatrapati Shivaji Road", "condition": "POOR", "color": "#f97316", "score": 46}, "geometry": {"type": "Point", "coordinates": [72.84845, 19.10821]}}, {"type": "Feature", "id": "obs-ANDHERI-SEG-198-11", "properties": {"roadId": "ANDHERI-SEG-198", "roadName": "Chatrapati Shivaji Road", "condition": "POOR", "color": "#f97316", "score": 46}, "geometry": {"type": "Point", "coordinates": [72.848583, 19.108547]}}, {"type": "Feature", "id": "obs-ANDHERI-SEG-198-12", "properties": {"roadId": "ANDHERI-SEG-198", "roadName": "Chatrapati Shivaji Road", "condition": "CRITICAL", "color": "#ef4444", "score": 46}, "geometry": {"type": "Point", "coordinates": [72.848717, 19.108884]}}, {"type": "Feature", "id": "obs-ANDHERI-SEG-198-13", "properties": {"roadId": "ANDHERI-SEG-198", "roadName": "Chatrapati Shivaji Road", "condition": "POOR", "color": "#f97316", "score": 46}, "geometry": {"type": "Point", "coordinates": [72.848872, 19.109213]}}, {"type": "Feature", "id": "obs-ANDHERI-SEG-198-14", "properties": {"roadId": "ANDHERI-SEG-198", "roadName": "Chatrapati Shivaji Road", "condition": "POOR", "color": "#f97316", "score": 46}, "geometry": {"type": "Point", "coordinates": [72.84903, 19.10954]}}, {"type": "Feature", "id": "obs-ANDHERI-SEG-198-15", "properties": {"roadId": "ANDHERI-SEG-198", "roadName": "Chatrapati Shivaji Road", "condition": "CRITICAL", "color": "#ef4444", "score": 46}, "geometry": {"type": "Point", "coordinates": [72.849189, 19.109867]}}, {"type": "Feature", "id": "obs-ANDHERI-SEG-198-16", "properties": {"roadId": "ANDHERI-SEG-198", "roadName": "Chatrapati Shivaji Road", "condition": "POOR", "color": "#f97316", "score": 46}, "geometry": {"type": "Point", "coordinates": [72.849374, 19.110181]}}, {"type": "Feature", "id": "obs-ANDHERI-SEG-198-17", "properties": {"roadId": "ANDHERI-SEG-198", "roadName": "Chatrapati Shivaji Road", "condition": "POOR", "color": "#f97316", "score": 46}, "geometry": {"type": "Point", "coordinates": [72.849569, 19.11049]}}, {"type": "Feature", "id": "obs-ANDHERI-SEG-198-18", "properties": {"roadId": "ANDHERI-SEG-198", "roadName": "Chatrapati Shivaji Road", "condition": "CRITICAL", "color": "#ef4444", "score": 46}, "geometry": {"type": "Point", "coordinates": [72.849763, 19.110799]}}, {"type": "Feature", "id": "obs-ANDHERI-SEG-198-19", "properties": {"roadId": "ANDHERI-SEG-198", "roadName": "Chatrapati Shivaji Road", "condition": "POOR", "color": "#f97316", "score": 46}, "geometry": {"type": "Point", "coordinates": [72.849958, 19.111108]}}, {"type": "Feature", "id": "obs-ANDHERI-SEG-198-20", "properties": {"roadId": "ANDHERI-SEG-198", "roadName": "Chatrapati Shivaji Road", "condition": "POOR", "color": "#f97316", "score": 46}, "geometry": {"type": "Point", "coordinates": [72.8500667, 19.1112802]}}, {"type": "Feature", "id": "obs-ANDHERI-SEG-199-0", "properties": {"roadId": "ANDHERI-SEG-199", "roadName": "Tertiary (152356984)", "condition": "HEALTHY", "color": "#10b981", "score": 85}, "geometry": {"type": "Point", "coordinates": [72.8628694, 19.1312737]}}, {"type": "Feature", "id": "obs-ANDHERI-SEG-199-1", "properties": {"roadId": "ANDHERI-SEG-199", "roadName": "Tertiary (152356984)", "condition": "HEALTHY", "color": "#10b981", "score": 85}, "geometry": {"type": "Point", "coordinates": [72.862489, 19.131281]}}, {"type": "Feature", "id": "obs-ANDHERI-SEG-199-2", "properties": {"roadId": "ANDHERI-SEG-199", "roadName": "Tertiary (152356984)", "condition": "HEALTHY", "color": "#10b981", "score": 85}, "geometry": {"type": "Point", "coordinates": [72.862108, 19.131289]}}, {"type": "Feature", "id": "obs-ANDHERI-SEG-199-3", "properties": {"roadId": "ANDHERI-SEG-199", "roadName": "Tertiary (152356984)", "condition": "HEALTHY", "color": "#10b981", "score": 85}, "geometry": {"type": "Point", "coordinates": [72.861727, 19.131296]}}, {"type": "Feature", "id": "obs-ANDHERI-SEG-199-4", "properties": {"roadId": "ANDHERI-SEG-199", "roadName": "Tertiary (152356984)", "condition": "HEALTHY", "color": "#10b981", "score": 85}, "geometry": {"type": "Point", "coordinates": [72.861347, 19.131304]}}, {"type": "Feature", "id": "obs-ANDHERI-SEG-199-5", "properties": {"roadId": "ANDHERI-SEG-199", "roadName": "Tertiary (152356984)", "condition": "HEALTHY", "color": "#10b981", "score": 85}, "geometry": {"type": "Point", "coordinates": [72.860966, 19.131312]}}, {"type": "Feature", "id": "obs-ANDHERI-SEG-199-6", "properties": {"roadId": "ANDHERI-SEG-199", "roadName": "Tertiary (152356984)", "condition": "HEALTHY", "color": "#10b981", "score": 85}, "geometry": {"type": "Point", "coordinates": [72.8607295, 19.1313163]}}, {"type": "Feature", "id": "obs-ANDHERI-SEG-200-0", "properties": {"roadId": "ANDHERI-SEG-200", "roadName": "Rajmata Jijabai Marg", "condition": "POOR", "color": "#f97316", "score": 71}, "geometry": {"type": "Point", "coordinates": [72.8604696, 19.129268]}}, {"type": "Feature", "id": "obs-ANDHERI-SEG-200-1", "properties": {"roadId": "ANDHERI-SEG-200", "roadName": "Rajmata Jijabai Marg", "condition": "WATCH", "color": "#eab308", "score": 71}, "geometry": {"type": "Point", "coordinates": [72.860547, 19.12962]}}, {"type": "Feature", "id": "obs-ANDHERI-SEG-200-2", "properties": {"roadId": "ANDHERI-SEG-200", "roadName": "Rajmata Jijabai Marg", "condition": "WATCH", "color": "#eab308", "score": 71}, "geometry": {"type": "Point", "coordinates": [72.860622, 19.129973]}}, {"type": "Feature", "id": "obs-ANDHERI-SEG-200-3", "properties": {"roadId": "ANDHERI-SEG-200", "roadName": "Rajmata Jijabai Marg", "condition": "WATCH", "color": "#eab308", "score": 71}, "geometry": {"type": "Point", "coordinates": [72.860693, 19.130325]}}, {"type": "Feature", "id": "obs-ANDHERI-SEG-200-4", "properties": {"roadId": "ANDHERI-SEG-200", "roadName": "Rajmata Jijabai Marg", "condition": "POOR", "color": "#f97316", "score": 71}, "geometry": {"type": "Point", "coordinates": [72.860706, 19.130685]}}, {"type": "Feature", "id": "obs-ANDHERI-SEG-200-5", "properties": {"roadId": "ANDHERI-SEG-200", "roadName": "Rajmata Jijabai Marg", "condition": "WATCH", "color": "#eab308", "score": 71}, "geometry": {"type": "Point", "coordinates": [72.86072, 19.131044]}}, {"type": "Feature", "id": "obs-ANDHERI-SEG-200-6", "properties": {"roadId": "ANDHERI-SEG-200", "roadName": "Rajmata Jijabai Marg", "condition": "WATCH", "color": "#eab308", "score": 71}, "geometry": {"type": "Point", "coordinates": [72.8607295, 19.1313163]}}, {"type": "Feature", "id": "obs-ANDHERI-SEG-201-0", "properties": {"roadId": "ANDHERI-SEG-201", "roadName": "Vijay Raut Road", "condition": "CRITICAL", "color": "#ef4444", "score": 29}, "geometry": {"type": "Point", "coordinates": [72.8593617, 19.1275068]}}, {"type": "Feature", "id": "obs-ANDHERI-SEG-201-1", "properties": {"roadId": "ANDHERI-SEG-201", "roadName": "Vijay Raut Road", "condition": "CRITICAL", "color": "#ef4444", "score": 29}, "geometry": {"type": "Point", "coordinates": [72.859487, 19.127842]}}, {"type": "Feature", "id": "obs-ANDHERI-SEG-201-2", "properties": {"roadId": "ANDHERI-SEG-201", "roadName": "Vijay Raut Road", "condition": "CRITICAL", "color": "#ef4444", "score": 29}, "geometry": {"type": "Point", "coordinates": [72.859643, 19.128171]}}, {"type": "Feature", "id": "obs-ANDHERI-SEG-201-3", "properties": {"roadId": "ANDHERI-SEG-201", "roadName": "Vijay Raut Road", "condition": "CRITICAL", "color": "#ef4444", "score": 29}, "geometry": {"type": "Point", "coordinates": [72.8596573, 19.1281934]}}, {"type": "Feature", "id": "obs-ANDHERI-SEG-202-0", "properties": {"roadId": "ANDHERI-SEG-202", "roadName": "MHB Colony Rd", "condition": "CRITICAL", "color": "#ef4444", "score": 42}, "geometry": {"type": "Point", "coordinates": [72.8628694, 19.1312737]}}, {"type": "Feature", "id": "obs-ANDHERI-SEG-202-1", "properties": {"roadId": "ANDHERI-SEG-202", "roadName": "MHB Colony Rd", "condition": "POOR", "color": "#f97316", "score": 42}, "geometry": {"type": "Point", "coordinates": [72.862851, 19.131633]}}, {"type": "Feature", "id": "obs-ANDHERI-SEG-202-2", "properties": {"roadId": "ANDHERI-SEG-202", "roadName": "MHB Colony Rd", "condition": "POOR", "color": "#f97316", "score": 42}, "geometry": {"type": "Point", "coordinates": [72.862839, 19.131992]}}, {"type": "Feature", "id": "obs-ANDHERI-SEG-202-3", "properties": {"roadId": "ANDHERI-SEG-202", "roadName": "MHB Colony Rd", "condition": "CRITICAL", "color": "#ef4444", "score": 42}, "geometry": {"type": "Point", "coordinates": [72.862855, 19.132352]}}, {"type": "Feature", "id": "obs-ANDHERI-SEG-202-4", "properties": {"roadId": "ANDHERI-SEG-202", "roadName": "MHB Colony Rd", "condition": "POOR", "color": "#f97316", "score": 42}, "geometry": {"type": "Point", "coordinates": [72.86287, 19.132711]}}, {"type": "Feature", "id": "obs-ANDHERI-SEG-202-5", "properties": {"roadId": "ANDHERI-SEG-202", "roadName": "MHB Colony Rd", "condition": "POOR", "color": "#f97316", "score": 42}, "geometry": {"type": "Point", "coordinates": [72.862879, 19.133071]}}, {"type": "Feature", "id": "obs-ANDHERI-SEG-202-6", "properties": {"roadId": "ANDHERI-SEG-202", "roadName": "MHB Colony Rd", "condition": "CRITICAL", "color": "#ef4444", "score": 42}, "geometry": {"type": "Point", "coordinates": [72.862881, 19.133431]}}, {"type": "Feature", "id": "obs-ANDHERI-SEG-202-7", "properties": {"roadId": "ANDHERI-SEG-202", "roadName": "MHB Colony Rd", "condition": "POOR", "color": "#f97316", "score": 42}, "geometry": {"type": "Point", "coordinates": [72.862886, 19.13379]}}, {"type": "Feature", "id": "obs-ANDHERI-SEG-202-8", "properties": {"roadId": "ANDHERI-SEG-202", "roadName": "MHB Colony Rd", "condition": "POOR", "color": "#f97316", "score": 42}, "geometry": {"type": "Point", "coordinates": [72.862903, 19.13415]}}, {"type": "Feature", "id": "obs-ANDHERI-SEG-202-9", "properties": {"roadId": "ANDHERI-SEG-202", "roadName": "MHB Colony Rd", "condition": "CRITICAL", "color": "#ef4444", "score": 42}, "geometry": {"type": "Point", "coordinates": [72.863025, 19.134447]}}, {"type": "Feature", "id": "obs-ANDHERI-SEG-202-10", "properties": {"roadId": "ANDHERI-SEG-202", "roadName": "MHB Colony Rd", "condition": "POOR", "color": "#f97316", "score": 42}, "geometry": {"type": "Point", "coordinates": [72.863405, 19.134455]}}, {"type": "Feature", "id": "obs-ANDHERI-SEG-202-11", "properties": {"roadId": "ANDHERI-SEG-202", "roadName": "MHB Colony Rd", "condition": "POOR", "color": "#f97316", "score": 42}, "geometry": {"type": "Point", "coordinates": [72.863786, 19.134464]}}, {"type": "Feature", "id": "obs-ANDHERI-SEG-202-12", "properties": {"roadId": "ANDHERI-SEG-202", "roadName": "MHB Colony Rd", "condition": "CRITICAL", "color": "#ef4444", "score": 42}, "geometry": {"type": "Point", "coordinates": [72.864167, 19.134472]}}, {"type": "Feature", "id": "obs-ANDHERI-SEG-202-13", "properties": {"roadId": "ANDHERI-SEG-202", "roadName": "MHB Colony Rd", "condition": "POOR", "color": "#f97316", "score": 42}, "geometry": {"type": "Point", "coordinates": [72.864545, 19.134461]}}, {"type": "Feature", "id": "obs-ANDHERI-SEG-202-14", "properties": {"roadId": "ANDHERI-SEG-202", "roadName": "MHB Colony Rd", "condition": "POOR", "color": "#f97316", "score": 42}, "geometry": {"type": "Point", "coordinates": [72.86491, 19.13436]}}, {"type": "Feature", "id": "obs-ANDHERI-SEG-202-15", "properties": {"roadId": "ANDHERI-SEG-202", "roadName": "MHB Colony Rd", "condition": "CRITICAL", "color": "#ef4444", "score": 42}, "geometry": {"type": "Point", "coordinates": [72.865274, 19.134256]}}, {"type": "Feature", "id": "obs-ANDHERI-SEG-202-16", "properties": {"roadId": "ANDHERI-SEG-202", "roadName": "MHB Colony Rd", "condition": "POOR", "color": "#f97316", "score": 42}, "geometry": {"type": "Point", "coordinates": [72.865639, 19.134151]}}, {"type": "Feature", "id": "obs-ANDHERI-SEG-202-17", "properties": {"roadId": "ANDHERI-SEG-202", "roadName": "MHB Colony Rd", "condition": "POOR", "color": "#f97316", "score": 42}, "geometry": {"type": "Point", "coordinates": [72.866009, 19.134078]}}, {"type": "Feature", "id": "obs-ANDHERI-SEG-202-18", "properties": {"roadId": "ANDHERI-SEG-202", "roadName": "MHB Colony Rd", "condition": "CRITICAL", "color": "#ef4444", "score": 42}, "geometry": {"type": "Point", "coordinates": [72.866371, 19.134172]}}, {"type": "Feature", "id": "obs-ANDHERI-SEG-202-19", "properties": {"roadId": "ANDHERI-SEG-202", "roadName": "MHB Colony Rd", "condition": "POOR", "color": "#f97316", "score": 42}, "geometry": {"type": "Point", "coordinates": [72.866671, 19.134391]}}, {"type": "Feature", "id": "obs-ANDHERI-SEG-202-20", "properties": {"roadId": "ANDHERI-SEG-202", "roadName": "MHB Colony Rd", "condition": "POOR", "color": "#f97316", "score": 42}, "geometry": {"type": "Point", "coordinates": [72.86698, 19.134601]}}, {"type": "Feature", "id": "obs-ANDHERI-SEG-202-21", "properties": {"roadId": "ANDHERI-SEG-202", "roadName": "MHB Colony Rd", "condition": "CRITICAL", "color": "#ef4444", "score": 42}, "geometry": {"type": "Point", "coordinates": [72.867346, 19.134679]}}, {"type": "Feature", "id": "obs-ANDHERI-SEG-202-22", "properties": {"roadId": "ANDHERI-SEG-202", "roadName": "MHB Colony Rd", "condition": "POOR", "color": "#f97316", "score": 42}, "geometry": {"type": "Point", "coordinates": [72.867712, 19.134595]}}, {"type": "Feature", "id": "obs-ANDHERI-SEG-202-23", "properties": {"roadId": "ANDHERI-SEG-202", "roadName": "MHB Colony Rd", "condition": "POOR", "color": "#f97316", "score": 42}, "geometry": {"type": "Point", "coordinates": [72.868033, 19.134406]}}, {"type": "Feature", "id": "obs-ANDHERI-SEG-202-24", "properties": {"roadId": "ANDHERI-SEG-202", "roadName": "MHB Colony Rd", "condition": "CRITICAL", "color": "#ef4444", "score": 42}, "geometry": {"type": "Point", "coordinates": [72.8683565, 19.1342178]}}, {"type": "Feature", "id": "obs-ANDHERI-SEG-203-0", "properties": {"roadId": "ANDHERI-SEG-203", "roadName": "Swami Vivekanand Road", "condition": "HEALTHY", "color": "#10b981", "score": 79}, "geometry": {"type": "Point", "coordinates": [72.8478154, 19.1346605]}}, {"type": "Feature", "id": "obs-ANDHERI-SEG-203-1", "properties": {"roadId": "ANDHERI-SEG-203", "roadName": "Swami Vivekanand Road", "condition": "HEALTHY", "color": "#10b981", "score": 79}, "geometry": {"type": "Point", "coordinates": [72.847772, 19.134304]}}, {"type": "Feature", "id": "obs-ANDHERI-SEG-203-2", "properties": {"roadId": "ANDHERI-SEG-203", "roadName": "Swami Vivekanand Road", "condition": "HEALTHY", "color": "#10b981", "score": 79}, "geometry": {"type": "Point", "coordinates": [72.847712, 19.133948]}}, {"type": "Feature", "id": "obs-ANDHERI-SEG-203-3", "properties": {"roadId": "ANDHERI-SEG-203", "roadName": "Swami Vivekanand Road", "condition": "HEALTHY", "color": "#10b981", "score": 79}, "geometry": {"type": "Point", "coordinates": [72.847664, 19.133592]}}, {"type": "Feature", "id": "obs-ANDHERI-SEG-203-4", "properties": {"roadId": "ANDHERI-SEG-203", "roadName": "Swami Vivekanand Road", "condition": "HEALTHY", "color": "#10b981", "score": 79}, "geometry": {"type": "Point", "coordinates": [72.847619, 19.133234]}}, {"type": "Feature", "id": "obs-ANDHERI-SEG-203-5", "properties": {"roadId": "ANDHERI-SEG-203", "roadName": "Swami Vivekanand Road", "condition": "HEALTHY", "color": "#10b981", "score": 79}, "geometry": {"type": "Point", "coordinates": [72.84761, 19.132875]}}, {"type": "Feature", "id": "obs-ANDHERI-SEG-203-6", "properties": {"roadId": "ANDHERI-SEG-203", "roadName": "Swami Vivekanand Road", "condition": "HEALTHY", "color": "#10b981", "score": 79}, "geometry": {"type": "Point", "coordinates": [72.84761, 19.132515]}}, {"type": "Feature", "id": "obs-ANDHERI-SEG-203-7", "properties": {"roadId": "ANDHERI-SEG-203", "roadName": "Swami Vivekanand Road", "condition": "HEALTHY", "color": "#10b981", "score": 79}, "geometry": {"type": "Point", "coordinates": [72.847608, 19.132156]}}, {"type": "Feature", "id": "obs-ANDHERI-SEG-203-8", "properties": {"roadId": "ANDHERI-SEG-203", "roadName": "Swami Vivekanand Road", "condition": "HEALTHY", "color": "#10b981", "score": 79}, "geometry": {"type": "Point", "coordinates": [72.847607, 19.131796]}}, {"type": "Feature", "id": "obs-ANDHERI-SEG-203-9", "properties": {"roadId": "ANDHERI-SEG-203", "roadName": "Swami Vivekanand Road", "condition": "HEALTHY", "color": "#10b981", "score": 79}, "geometry": {"type": "Point", "coordinates": [72.847592, 19.131437]}}, {"type": "Feature", "id": "obs-ANDHERI-SEG-203-10", "properties": {"roadId": "ANDHERI-SEG-203", "roadName": "Swami Vivekanand Road", "condition": "HEALTHY", "color": "#10b981", "score": 79}, "geometry": {"type": "Point", "coordinates": [72.847576, 19.131077]}}, {"type": "Feature", "id": "obs-ANDHERI-SEG-203-11", "properties": {"roadId": "ANDHERI-SEG-203", "roadName": "Swami Vivekanand Road", "condition": "HEALTHY", "color": "#10b981", "score": 79}, "geometry": {"type": "Point", "coordinates": [72.847541, 19.130719]}}, {"type": "Feature", "id": "obs-ANDHERI-SEG-203-12", "properties": {"roadId": "ANDHERI-SEG-203", "roadName": "Swami Vivekanand Road", "condition": "HEALTHY", "color": "#10b981", "score": 79}, "geometry": {"type": "Point", "coordinates": [72.847505, 19.130361]}}, {"type": "Feature", "id": "obs-ANDHERI-SEG-203-13", "properties": {"roadId": "ANDHERI-SEG-203", "roadName": "Swami Vivekanand Road", "condition": "HEALTHY", "color": "#10b981", "score": 79}, "geometry": {"type": "Point", "coordinates": [72.847466, 19.130003]}}, {"type": "Feature", "id": "obs-ANDHERI-SEG-203-14", "properties": {"roadId": "ANDHERI-SEG-203", "roadName": "Swami Vivekanand Road", "condition": "HEALTHY", "color": "#10b981", "score": 79}, "geometry": {"type": "Point", "coordinates": [72.847428, 19.129645]}}, {"type": "Feature", "id": "obs-ANDHERI-SEG-203-15", "properties": {"roadId": "ANDHERI-SEG-203", "roadName": "Swami Vivekanand Road", "condition": "HEALTHY", "color": "#10b981", "score": 79}, "geometry": {"type": "Point", "coordinates": [72.847389, 19.129287]}}, {"type": "Feature", "id": "obs-ANDHERI-SEG-203-16", "properties": {"roadId": "ANDHERI-SEG-203", "roadName": "Swami Vivekanand Road", "condition": "HEALTHY", "color": "#10b981", "score": 79}, "geometry": {"type": "Point", "coordinates": [72.847351, 19.128929]}}, {"type": "Feature", "id": "obs-ANDHERI-SEG-203-17", "properties": {"roadId": "ANDHERI-SEG-203", "roadName": "Swami Vivekanand Road", "condition": "HEALTHY", "color": "#10b981", "score": 79}, "geometry": {"type": "Point", "coordinates": [72.847312, 19.128572]}}, {"type": "Feature", "id": "obs-ANDHERI-SEG-203-18", "properties": {"roadId": "ANDHERI-SEG-203", "roadName": "Swami Vivekanand Road", "condition": "HEALTHY", "color": "#10b981", "score": 79}, "geometry": {"type": "Point", "coordinates": [72.847274, 19.128214]}}, {"type": "Feature", "id": "obs-ANDHERI-SEG-203-19", "properties": {"roadId": "ANDHERI-SEG-203", "roadName": "Swami Vivekanand Road", "condition": "HEALTHY", "color": "#10b981", "score": 79}, "geometry": {"type": "Point", "coordinates": [72.847236, 19.127856]}}, {"type": "Feature", "id": "obs-ANDHERI-SEG-203-20", "properties": {"roadId": "ANDHERI-SEG-203", "roadName": "Swami Vivekanand Road", "condition": "HEALTHY", "color": "#10b981", "score": 79}, "geometry": {"type": "Point", "coordinates": [72.8472136, 19.127644]}}, {"type": "Feature", "id": "obs-ANDHERI-SEG-204-0", "properties": {"roadId": "ANDHERI-SEG-204", "roadName": "G K Gokhale Flyover", "condition": "POOR", "color": "#f97316", "score": 65}, "geometry": {"type": "Point", "coordinates": [72.8540286, 19.1133488]}}, {"type": "Feature", "id": "obs-ANDHERI-SEG-204-1", "properties": {"roadId": "ANDHERI-SEG-204", "roadName": "G K Gokhale Flyover", "condition": "WATCH", "color": "#eab308", "score": 65}, "geometry": {"type": "Point", "coordinates": [72.853668, 19.113464]}}, {"type": "Feature", "id": "obs-ANDHERI-SEG-204-2", "properties": {"roadId": "ANDHERI-SEG-204", "roadName": "G K Gokhale Flyover", "condition": "WATCH", "color": "#eab308", "score": 65}, "geometry": {"type": "Point", "coordinates": [72.853313, 19.113594]}}, {"type": "Feature", "id": "obs-ANDHERI-SEG-204-3", "properties": {"roadId": "ANDHERI-SEG-204", "roadName": "G K Gokhale Flyover", "condition": "WATCH", "color": "#eab308", "score": 65}, "geometry": {"type": "Point", "coordinates": [72.852973, 19.113753]}}, {"type": "Feature", "id": "obs-ANDHERI-SEG-204-4", "properties": {"roadId": "ANDHERI-SEG-204", "roadName": "G K Gokhale Flyover", "condition": "POOR", "color": "#f97316", "score": 65}, "geometry": {"type": "Point", "coordinates": [72.852659, 19.113957]}}, {"type": "Feature", "id": "obs-ANDHERI-SEG-204-5", "properties": {"roadId": "ANDHERI-SEG-204", "roadName": "G K Gokhale Flyover", "condition": "WATCH", "color": "#eab308", "score": 65}, "geometry": {"type": "Point", "coordinates": [72.852346, 19.114162]}}, {"type": "Feature", "id": "obs-ANDHERI-SEG-204-6", "properties": {"roadId": "ANDHERI-SEG-204", "roadName": "G K Gokhale Flyover", "condition": "WATCH", "color": "#eab308", "score": 65}, "geometry": {"type": "Point", "coordinates": [72.852033, 19.114367]}}, {"type": "Feature", "id": "obs-ANDHERI-SEG-204-7", "properties": {"roadId": "ANDHERI-SEG-204", "roadName": "G K Gokhale Flyover", "condition": "WATCH", "color": "#eab308", "score": 65}, "geometry": {"type": "Point", "coordinates": [72.851721, 19.114573]}}, {"type": "Feature", "id": "obs-ANDHERI-SEG-204-8", "properties": {"roadId": "ANDHERI-SEG-204", "roadName": "G K Gokhale Flyover", "condition": "POOR", "color": "#f97316", "score": 65}, "geometry": {"type": "Point", "coordinates": [72.851396, 19.11476]}}, {"type": "Feature", "id": "obs-ANDHERI-SEG-204-9", "properties": {"roadId": "ANDHERI-SEG-204", "roadName": "G K Gokhale Flyover", "condition": "WATCH", "color": "#eab308", "score": 65}, "geometry": {"type": "Point", "coordinates": [72.85106, 19.11493]}}, {"type": "Feature", "id": "obs-ANDHERI-SEG-204-10", "properties": {"roadId": "ANDHERI-SEG-204", "roadName": "G K Gokhale Flyover", "condition": "WATCH", "color": "#eab308", "score": 65}, "geometry": {"type": "Point", "coordinates": [72.850714, 19.115078]}}, {"type": "Feature", "id": "obs-ANDHERI-SEG-204-11", "properties": {"roadId": "ANDHERI-SEG-204", "roadName": "G K Gokhale Flyover", "condition": "WATCH", "color": "#eab308", "score": 65}, "geometry": {"type": "Point", "coordinates": [72.850356, 19.115199]}}, {"type": "Feature", "id": "obs-ANDHERI-SEG-204-12", "properties": {"roadId": "ANDHERI-SEG-204", "roadName": "G K Gokhale Flyover", "condition": "POOR", "color": "#f97316", "score": 65}, "geometry": {"type": "Point", "coordinates": [72.849984, 19.115275]}}, {"type": "Feature", "id": "obs-ANDHERI-SEG-204-13", "properties": {"roadId": "ANDHERI-SEG-204", "roadName": "G K Gokhale Flyover", "condition": "WATCH", "color": "#eab308", "score": 65}, "geometry": {"type": "Point", "coordinates": [72.8496844, 19.1153179]}}, {"type": "Feature", "id": "obs-ANDHERI-SEG-205-0", "properties": {"roadId": "ANDHERI-SEG-205", "roadName": "Guru Hargovindji Road", "condition": "HEALTHY", "color": "#10b981", "score": 88}, "geometry": {"type": "Point", "coordinates": [72.8668721, 19.1121369]}}, {"type": "Feature", "id": "obs-ANDHERI-SEG-205-1", "properties": {"roadId": "ANDHERI-SEG-205", "roadName": "Guru Hargovindji Road", "condition": "HEALTHY", "color": "#10b981", "score": 88}, "geometry": {"type": "Point", "coordinates": [72.866601, 19.111886]}}, {"type": "Feature", "id": "obs-ANDHERI-SEG-205-2", "properties": {"roadId": "ANDHERI-SEG-205", "roadName": "Guru Hargovindji Road", "condition": "HEALTHY", "color": "#10b981", "score": 88}, "geometry": {"type": "Point", "coordinates": [72.866291, 19.111679]}}, {"type": "Feature", "id": "obs-ANDHERI-SEG-205-3", "properties": {"roadId": "ANDHERI-SEG-205", "roadName": "Guru Hargovindji Road", "condition": "HEALTHY", "color": "#10b981", "score": 88}, "geometry": {"type": "Point", "coordinates": [72.865949, 19.111519]}}, {"type": "Feature", "id": "obs-ANDHERI-SEG-205-4", "properties": {"roadId": "ANDHERI-SEG-205", "roadName": "Guru Hargovindji Road", "condition": "HEALTHY", "color": "#10b981", "score": 88}, "geometry": {"type": "Point", "coordinates": [72.865584, 19.111419]}}, {"type": "Feature", "id": "obs-ANDHERI-SEG-205-5", "properties": {"roadId": "ANDHERI-SEG-205", "roadName": "Guru Hargovindji Road", "condition": "HEALTHY", "color": "#10b981", "score": 88}, "geometry": {"type": "Point", "coordinates": [72.86521, 19.111354]}}, {"type": "Feature", "id": "obs-ANDHERI-SEG-205-6", "properties": {"roadId": "ANDHERI-SEG-205", "roadName": "Guru Hargovindji Road", "condition": "HEALTHY", "color": "#10b981", "score": 88}, "geometry": {"type": "Point", "coordinates": [72.864835, 19.11129]}}, {"type": "Feature", "id": "obs-ANDHERI-SEG-205-7", "properties": {"roadId": "ANDHERI-SEG-205", "roadName": "Guru Hargovindji Road", "condition": "HEALTHY", "color": "#10b981", "score": 88}, "geometry": {"type": "Point", "coordinates": [72.86446, 19.111227]}}, {"type": "Feature", "id": "obs-ANDHERI-SEG-205-8", "properties": {"roadId": "ANDHERI-SEG-205", "roadName": "Guru Hargovindji Road", "condition": "HEALTHY", "color": "#10b981", "score": 88}, "geometry": {"type": "Point", "coordinates": [72.864085, 19.111164]}}, {"type": "Feature", "id": "obs-ANDHERI-SEG-205-9", "properties": {"roadId": "ANDHERI-SEG-205", "roadName": "Guru Hargovindji Road", "condition": "HEALTHY", "color": "#10b981", "score": 88}, "geometry": {"type": "Point", "coordinates": [72.863711, 19.111101]}}, {"type": "Feature", "id": "obs-ANDHERI-SEG-205-10", "properties": {"roadId": "ANDHERI-SEG-205", "roadName": "Guru Hargovindji Road", "condition": "HEALTHY", "color": "#10b981", "score": 88}, "geometry": {"type": "Point", "coordinates": [72.863336, 19.111034]}}, {"type": "Feature", "id": "obs-ANDHERI-SEG-205-11", "properties": {"roadId": "ANDHERI-SEG-205", "roadName": "Guru Hargovindji Road", "condition": "HEALTHY", "color": "#10b981", "score": 88}, "geometry": {"type": "Point", "coordinates": [72.862963, 19.110965]}}, {"type": "Feature", "id": "obs-ANDHERI-SEG-205-12", "properties": {"roadId": "ANDHERI-SEG-205", "roadName": "Guru Hargovindji Road", "condition": "HEALTHY", "color": "#10b981", "score": 88}, "geometry": {"type": "Point", "coordinates": [72.862587, 19.11092]}}, {"type": "Feature", "id": "obs-ANDHERI-SEG-205-13", "properties": {"roadId": "ANDHERI-SEG-205", "roadName": "Guru Hargovindji Road", "condition": "HEALTHY", "color": "#10b981", "score": 88}, "geometry": {"type": "Point", "coordinates": [72.862208, 19.110911]}}, {"type": "Feature", "id": "obs-ANDHERI-SEG-205-14", "properties": {"roadId": "ANDHERI-SEG-205", "roadName": "Guru Hargovindji Road", "condition": "HEALTHY", "color": "#10b981", "score": 88}, "geometry": {"type": "Point", "coordinates": [72.861827, 19.11091]}}, {"type": "Feature", "id": "obs-ANDHERI-SEG-205-15", "properties": {"roadId": "ANDHERI-SEG-205", "roadName": "Guru Hargovindji Road", "condition": "HEALTHY", "color": "#10b981", "score": 88}, "geometry": {"type": "Point", "coordinates": [72.861456, 19.110982]}}, {"type": "Feature", "id": "obs-ANDHERI-SEG-205-16", "properties": {"roadId": "ANDHERI-SEG-205", "roadName": "Guru Hargovindji Road", "condition": "HEALTHY", "color": "#10b981", "score": 88}, "geometry": {"type": "Point", "coordinates": [72.861103, 19.111118]}}, {"type": "Feature", "id": "obs-ANDHERI-SEG-205-17", "properties": {"roadId": "ANDHERI-SEG-205", "roadName": "Guru Hargovindji Road", "condition": "HEALTHY", "color": "#10b981", "score": 88}, "geometry": {"type": "Point", "coordinates": [72.860755, 19.111264]}}, {"type": "Feature", "id": "obs-ANDHERI-SEG-205-18", "properties": {"roadId": "ANDHERI-SEG-205", "roadName": "Guru Hargovindji Road", "condition": "HEALTHY", "color": "#10b981", "score": 88}, "geometry": {"type": "Point", "coordinates": [72.860401, 19.111396]}}, {"type": "Feature", "id": "obs-ANDHERI-SEG-205-19", "properties": {"roadId": "ANDHERI-SEG-205", "roadName": "Guru Hargovindji Road", "condition": "HEALTHY", "color": "#10b981", "score": 88}, "geometry": {"type": "Point", "coordinates": [72.860039, 19.111505]}}, {"type": "Feature", "id": "obs-ANDHERI-SEG-205-20", "properties": {"roadId": "ANDHERI-SEG-205", "roadName": "Guru Hargovindji Road", "condition": "HEALTHY", "color": "#10b981", "score": 88}, "geometry": {"type": "Point", "coordinates": [72.859671, 19.111595]}}, {"type": "Feature", "id": "obs-ANDHERI-SEG-205-21", "properties": {"roadId": "ANDHERI-SEG-205", "roadName": "Guru Hargovindji Road", "condition": "HEALTHY", "color": "#10b981", "score": 88}, "geometry": {"type": "Point", "coordinates": [72.859297, 19.111664]}}, {"type": "Feature", "id": "obs-ANDHERI-SEG-205-22", "properties": {"roadId": "ANDHERI-SEG-205", "roadName": "Guru Hargovindji Road", "condition": "HEALTHY", "color": "#10b981", "score": 88}, "geometry": {"type": "Point", "coordinates": [72.858923, 19.11173]}}, {"type": "Feature", "id": "obs-ANDHERI-SEG-205-23", "properties": {"roadId": "ANDHERI-SEG-205", "roadName": "Guru Hargovindji Road", "condition": "HEALTHY", "color": "#10b981", "score": 88}, "geometry": {"type": "Point", "coordinates": [72.8588937, 19.1117344]}}, {"type": "Feature", "id": "obs-ANDHERI-SEG-206-0", "properties": {"roadId": "ANDHERI-SEG-206", "roadName": "Tertiary (214785860)", "condition": "HEALTHY", "color": "#10b981", "score": 82}, "geometry": {"type": "Point", "coordinates": [72.8560929, 19.1251007]}}, {"type": "Feature", "id": "obs-ANDHERI-SEG-206-1", "properties": {"roadId": "ANDHERI-SEG-206", "roadName": "Tertiary (214785860)", "condition": "HEALTHY", "color": "#10b981", "score": 82}, "geometry": {"type": "Point", "coordinates": [72.85575, 19.124945]}}, {"type": "Feature", "id": "obs-ANDHERI-SEG-206-2", "properties": {"roadId": "ANDHERI-SEG-206", "roadName": "Tertiary (214785860)", "condition": "HEALTHY", "color": "#10b981", "score": 82}, "geometry": {"type": "Point", "coordinates": [72.85542, 19.124764]}}, {"type": "Feature", "id": "obs-ANDHERI-SEG-206-3", "properties": {"roadId": "ANDHERI-SEG-206", "roadName": "Tertiary (214785860)", "condition": "HEALTHY", "color": "#10b981", "score": 82}, "geometry": {"type": "Point", "coordinates": [72.855104, 19.124567]}}, {"type": "Feature", "id": "obs-ANDHERI-SEG-206-4", "properties": {"roadId": "ANDHERI-SEG-206", "roadName": "Tertiary (214785860)", "condition": "HEALTHY", "color": "#10b981", "score": 82}, "geometry": {"type": "Point", "coordinates": [72.854818, 19.12433]}}, {"type": "Feature", "id": "obs-ANDHERI-SEG-206-5", "properties": {"roadId": "ANDHERI-SEG-206", "roadName": "Tertiary (214785860)", "condition": "HEALTHY", "color": "#10b981", "score": 82}, "geometry": {"type": "Point", "coordinates": [72.854539, 19.124085]}}, {"type": "Feature", "id": "obs-ANDHERI-SEG-206-6", "properties": {"roadId": "ANDHERI-SEG-206", "roadName": "Tertiary (214785860)", "condition": "HEALTHY", "color": "#10b981", "score": 82}, "geometry": {"type": "Point", "coordinates": [72.854268, 19.123832]}}, {"type": "Feature", "id": "obs-ANDHERI-SEG-206-7", "properties": {"roadId": "ANDHERI-SEG-206", "roadName": "Tertiary (214785860)", "condition": "HEALTHY", "color": "#10b981", "score": 82}, "geometry": {"type": "Point", "coordinates": [72.8542463, 19.1238126]}}, {"type": "Feature", "id": "obs-ANDHERI-SEG-207-0", "properties": {"roadId": "ANDHERI-SEG-207", "roadName": "Hindu Friends Society Marg", "condition": "POOR", "color": "#f97316", "score": 68}, "geometry": {"type": "Point", "coordinates": [72.8498699, 19.1350819]}}, {"type": "Feature", "id": "obs-ANDHERI-SEG-207-1", "properties": {"roadId": "ANDHERI-SEG-207", "roadName": "Hindu Friends Society Marg", "condition": "WATCH", "color": "#eab308", "score": 68}, "geometry": {"type": "Point", "coordinates": [72.849874, 19.134722]}}, {"type": "Feature", "id": "obs-ANDHERI-SEG-207-2", "properties": {"roadId": "ANDHERI-SEG-207", "roadName": "Hindu Friends Society Marg", "condition": "WATCH", "color": "#eab308", "score": 68}, "geometry": {"type": "Point", "coordinates": [72.849878, 19.134362]}}, {"type": "Feature", "id": "obs-ANDHERI-SEG-207-3", "properties": {"roadId": "ANDHERI-SEG-207", "roadName": "Hindu Friends Society Marg", "condition": "WATCH", "color": "#eab308", "score": 68}, "geometry": {"type": "Point", "coordinates": [72.849881, 19.134003]}}, {"type": "Feature", "id": "obs-ANDHERI-SEG-207-4", "properties": {"roadId": "ANDHERI-SEG-207", "roadName": "Hindu Friends Society Marg", "condition": "POOR", "color": "#f97316", "score": 68}, "geometry": {"type": "Point", "coordinates": [72.849886, 19.133643]}}, {"type": "Feature", "id": "obs-ANDHERI-SEG-207-5", "properties": {"roadId": "ANDHERI-SEG-207", "roadName": "Hindu Friends Society Marg", "condition": "WATCH", "color": "#eab308", "score": 68}, "geometry": {"type": "Point", "coordinates": [72.849899, 19.133284]}}, {"type": "Feature", "id": "obs-ANDHERI-SEG-207-6", "properties": {"roadId": "ANDHERI-SEG-207", "roadName": "Hindu Friends Society Marg", "condition": "WATCH", "color": "#eab308", "score": 68}, "geometry": {"type": "Point", "coordinates": [72.849913, 19.132924]}}, {"type": "Feature", "id": "obs-ANDHERI-SEG-207-7", "properties": {"roadId": "ANDHERI-SEG-207", "roadName": "Hindu Friends Society Marg", "condition": "WATCH", "color": "#eab308", "score": 68}, "geometry": {"type": "Point", "coordinates": [72.849935, 19.132565]}}, {"type": "Feature", "id": "obs-ANDHERI-SEG-207-8", "properties": {"roadId": "ANDHERI-SEG-207", "roadName": "Hindu Friends Society Marg", "condition": "POOR", "color": "#f97316", "score": 68}, "geometry": {"type": "Point", "coordinates": [72.849951, 19.132206]}}, {"type": "Feature", "id": "obs-ANDHERI-SEG-207-9", "properties": {"roadId": "ANDHERI-SEG-207", "roadName": "Hindu Friends Society Marg", "condition": "WATCH", "color": "#eab308", "score": 68}, "geometry": {"type": "Point", "coordinates": [72.849965, 19.131846]}}, {"type": "Feature", "id": "obs-ANDHERI-SEG-207-10", "properties": {"roadId": "ANDHERI-SEG-207", "roadName": "Hindu Friends Society Marg", "condition": "WATCH", "color": "#eab308", "score": 68}, "geometry": {"type": "Point", "coordinates": [72.849977, 19.131487]}}, {"type": "Feature", "id": "obs-ANDHERI-SEG-207-11", "properties": {"roadId": "ANDHERI-SEG-207", "roadName": "Hindu Friends Society Marg", "condition": "WATCH", "color": "#eab308", "score": 68}, "geometry": {"type": "Point", "coordinates": [72.84999, 19.131127]}}, {"type": "Feature", "id": "obs-ANDHERI-SEG-207-12", "properties": {"roadId": "ANDHERI-SEG-207", "roadName": "Hindu Friends Society Marg", "condition": "POOR", "color": "#f97316", "score": 68}, "geometry": {"type": "Point", "coordinates": [72.850012, 19.130768]}}, {"type": "Feature", "id": "obs-ANDHERI-SEG-207-13", "properties": {"roadId": "ANDHERI-SEG-207", "roadName": "Hindu Friends Society Marg", "condition": "WATCH", "color": "#eab308", "score": 68}, "geometry": {"type": "Point", "coordinates": [72.850027, 19.130409]}}, {"type": "Feature", "id": "obs-ANDHERI-SEG-207-14", "properties": {"roadId": "ANDHERI-SEG-207", "roadName": "Hindu Friends Society Marg", "condition": "WATCH", "color": "#eab308", "score": 68}, "geometry": {"type": "Point", "coordinates": [72.850033, 19.130049]}}, {"type": "Feature", "id": "obs-ANDHERI-SEG-207-15", "properties": {"roadId": "ANDHERI-SEG-207", "roadName": "Hindu Friends Society Marg", "condition": "WATCH", "color": "#eab308", "score": 68}, "geometry": {"type": "Point", "coordinates": [72.850034, 19.129689]}}, {"type": "Feature", "id": "obs-ANDHERI-SEG-207-16", "properties": {"roadId": "ANDHERI-SEG-207", "roadName": "Hindu Friends Society Marg", "condition": "POOR", "color": "#f97316", "score": 68}, "geometry": {"type": "Point", "coordinates": [72.85, 19.1293488]}}, {"type": "Feature", "id": "obs-ANDHERI-SEG-208-0", "properties": {"roadId": "ANDHERI-SEG-208", "roadName": "Secondary (236244965)", "condition": "HEALTHY", "color": "#10b981", "score": 91}, "geometry": {"type": "Point", "coordinates": [72.8513902, 19.1236546]}}, {"type": "Feature", "id": "obs-ANDHERI-SEG-208-1", "properties": {"roadId": "ANDHERI-SEG-208", "roadName": "Secondary (236244965)", "condition": "HEALTHY", "color": "#10b981", "score": 91}, "geometry": {"type": "Point", "coordinates": [72.851763, 19.123579]}}, {"type": "Feature", "id": "obs-ANDHERI-SEG-208-2", "properties": {"roadId": "ANDHERI-SEG-208", "roadName": "Secondary (236244965)", "condition": "HEALTHY", "color": "#10b981", "score": 91}, "geometry": {"type": "Point", "coordinates": [72.852135, 19.123506]}}, {"type": "Feature", "id": "obs-ANDHERI-SEG-208-3", "properties": {"roadId": "ANDHERI-SEG-208", "roadName": "Secondary (236244965)", "condition": "HEALTHY", "color": "#10b981", "score": 91}, "geometry": {"type": "Point", "coordinates": [72.852498, 19.123399]}}, {"type": "Feature", "id": "obs-ANDHERI-SEG-208-4", "properties": {"roadId": "ANDHERI-SEG-208", "roadName": "Secondary (236244965)", "condition": "HEALTHY", "color": "#10b981", "score": 91}, "geometry": {"type": "Point", "coordinates": [72.852867, 19.12334]}}, {"type": "Feature", "id": "obs-ANDHERI-SEG-208-5", "properties": {"roadId": "ANDHERI-SEG-208", "roadName": "Secondary (236244965)", "condition": "HEALTHY", "color": "#10b981", "score": 91}, "geometry": {"type": "Point", "coordinates": [72.853241, 19.123387]}}, {"type": "Feature", "id": "obs-ANDHERI-SEG-208-6", "properties": {"roadId": "ANDHERI-SEG-208", "roadName": "Secondary (236244965)", "condition": "HEALTHY", "color": "#10b981", "score": 91}, "geometry": {"type": "Point", "coordinates": [72.853609, 19.123479]}}, {"type": "Feature", "id": "obs-ANDHERI-SEG-208-7", "properties": {"roadId": "ANDHERI-SEG-208", "roadName": "Secondary (236244965)", "condition": "HEALTHY", "color": "#10b981", "score": 91}, "geometry": {"type": "Point", "coordinates": [72.853965, 19.123599]}}, {"type": "Feature", "id": "obs-ANDHERI-SEG-208-8", "properties": {"roadId": "ANDHERI-SEG-208", "roadName": "Secondary (236244965)", "condition": "HEALTHY", "color": "#10b981", "score": 91}, "geometry": {"type": "Point", "coordinates": [72.8540833, 19.1236767]}}, {"type": "Feature", "id": "obs-ANDHERI-SEG-209-0", "properties": {"roadId": "ANDHERI-SEG-209", "roadName": "Service Road", "condition": "POOR", "color": "#f97316", "score": 64}, "geometry": {"type": "Point", "coordinates": [72.8554132, 19.1192905]}}, {"type": "Feature", "id": "obs-ANDHERI-SEG-209-1", "properties": {"roadId": "ANDHERI-SEG-209", "roadName": "Service Road", "condition": "WATCH", "color": "#eab308", "score": 64}, "geometry": {"type": "Point", "coordinates": [72.855465, 19.119647]}}, {"type": "Feature", "id": "obs-ANDHERI-SEG-209-2", "properties": {"roadId": "ANDHERI-SEG-209", "roadName": "Service Road", "condition": "WATCH", "color": "#eab308", "score": 64}, "geometry": {"type": "Point", "coordinates": [72.855531, 19.120001]}}, {"type": "Feature", "id": "obs-ANDHERI-SEG-209-3", "properties": {"roadId": "ANDHERI-SEG-209", "roadName": "Service Road", "condition": "WATCH", "color": "#eab308", "score": 64}, "geometry": {"type": "Point", "coordinates": [72.855599, 19.120355]}}, {"type": "Feature", "id": "obs-ANDHERI-SEG-209-4", "properties": {"roadId": "ANDHERI-SEG-209", "roadName": "Service Road", "condition": "POOR", "color": "#f97316", "score": 64}, "geometry": {"type": "Point", "coordinates": [72.855681, 19.120706]}}, {"type": "Feature", "id": "obs-ANDHERI-SEG-209-5", "properties": {"roadId": "ANDHERI-SEG-209", "roadName": "Service Road", "condition": "WATCH", "color": "#eab308", "score": 64}, "geometry": {"type": "Point", "coordinates": [72.855766, 19.121057]}}, {"type": "Feature", "id": "obs-ANDHERI-SEG-209-6", "properties": {"roadId": "ANDHERI-SEG-209", "roadName": "Service Road", "condition": "WATCH", "color": "#eab308", "score": 64}, "geometry": {"type": "Point", "coordinates": [72.85585, 19.121408]}}, {"type": "Feature", "id": "obs-ANDHERI-SEG-209-7", "properties": {"roadId": "ANDHERI-SEG-209", "roadName": "Service Road", "condition": "WATCH", "color": "#eab308", "score": 64}, "geometry": {"type": "Point", "coordinates": [72.855929, 19.12176]}}, {"type": "Feature", "id": "obs-ANDHERI-SEG-209-8", "properties": {"roadId": "ANDHERI-SEG-209", "roadName": "Service Road", "condition": "POOR", "color": "#f97316", "score": 64}, "geometry": {"type": "Point", "coordinates": [72.856007, 19.122112]}}, {"type": "Feature", "id": "obs-ANDHERI-SEG-209-9", "properties": {"roadId": "ANDHERI-SEG-209", "roadName": "Service Road", "condition": "WATCH", "color": "#eab308", "score": 64}, "geometry": {"type": "Point", "coordinates": [72.856085, 19.122464]}}, {"type": "Feature", "id": "obs-ANDHERI-SEG-209-10", "properties": {"roadId": "ANDHERI-SEG-209", "roadName": "Service Road", "condition": "WATCH", "color": "#eab308", "score": 64}, "geometry": {"type": "Point", "coordinates": [72.856162, 19.122816]}}, {"type": "Feature", "id": "obs-ANDHERI-SEG-209-11", "properties": {"roadId": "ANDHERI-SEG-209", "roadName": "Service Road", "condition": "WATCH", "color": "#eab308", "score": 64}, "geometry": {"type": "Point", "coordinates": [72.85624, 19.123168]}}, {"type": "Feature", "id": "obs-ANDHERI-SEG-209-12", "properties": {"roadId": "ANDHERI-SEG-209", "roadName": "Service Road", "condition": "POOR", "color": "#f97316", "score": 64}, "geometry": {"type": "Point", "coordinates": [72.856317, 19.123521]}}, {"type": "Feature", "id": "obs-ANDHERI-SEG-209-13", "properties": {"roadId": "ANDHERI-SEG-209", "roadName": "Service Road", "condition": "WATCH", "color": "#eab308", "score": 64}, "geometry": {"type": "Point", "coordinates": [72.856346, 19.123879]}}, {"type": "Feature", "id": "obs-ANDHERI-SEG-209-14", "properties": {"roadId": "ANDHERI-SEG-209", "roadName": "Service Road", "condition": "WATCH", "color": "#eab308", "score": 64}, "geometry": {"type": "Point", "coordinates": [72.856325, 19.124238]}}, {"type": "Feature", "id": "obs-ANDHERI-SEG-209-15", "properties": {"roadId": "ANDHERI-SEG-209", "roadName": "Service Road", "condition": "WATCH", "color": "#eab308", "score": 64}, "geometry": {"type": "Point", "coordinates": [72.856284, 19.124595]}}, {"type": "Feature", "id": "obs-ANDHERI-SEG-209-16", "properties": {"roadId": "ANDHERI-SEG-209", "roadName": "Service Road", "condition": "POOR", "color": "#f97316", "score": 64}, "geometry": {"type": "Point", "coordinates": [72.856178, 19.124937]}}, {"type": "Feature", "id": "obs-ANDHERI-SEG-209-17", "properties": {"roadId": "ANDHERI-SEG-209", "roadName": "Service Road", "condition": "WATCH", "color": "#eab308", "score": 64}, "geometry": {"type": "Point", "coordinates": [72.8560929, 19.1251007]}}, {"type": "Feature", "id": "obs-ANDHERI-SEG-210-0", "properties": {"roadId": "ANDHERI-SEG-210", "roadName": "Tertiary (257427085)", "condition": "CRITICAL", "color": "#ef4444", "score": 46}, "geometry": {"type": "Point", "coordinates": [72.8547036, 19.1127799]}}, {"type": "Feature", "id": "obs-ANDHERI-SEG-210-1", "properties": {"roadId": "ANDHERI-SEG-210", "roadName": "Tertiary (257427085)", "condition": "POOR", "color": "#f97316", "score": 46}, "geometry": {"type": "Point", "coordinates": [72.854631, 19.112427]}}, {"type": "Feature", "id": "obs-ANDHERI-SEG-210-2", "properties": {"roadId": "ANDHERI-SEG-210", "roadName": "Tertiary (257427085)", "condition": "POOR", "color": "#f97316", "score": 46}, "geometry": {"type": "Point", "coordinates": [72.854558, 19.112074]}}, {"type": "Feature", "id": "obs-ANDHERI-SEG-210-3", "properties": {"roadId": "ANDHERI-SEG-210", "roadName": "Tertiary (257427085)", "condition": "CRITICAL", "color": "#ef4444", "score": 46}, "geometry": {"type": "Point", "coordinates": [72.854484, 19.111721]}}, {"type": "Feature", "id": "obs-ANDHERI-SEG-210-4", "properties": {"roadId": "ANDHERI-SEG-210", "roadName": "Tertiary (257427085)", "condition": "POOR", "color": "#f97316", "score": 46}, "geometry": {"type": "Point", "coordinates": [72.854409, 19.111368]}}, {"type": "Feature", "id": "obs-ANDHERI-SEG-210-5", "properties": {"roadId": "ANDHERI-SEG-210", "roadName": "Tertiary (257427085)", "condition": "POOR", "color": "#f97316", "score": 46}, "geometry": {"type": "Point", "coordinates": [72.854335, 19.111015]}}, {"type": "Feature", "id": "obs-ANDHERI-SEG-210-6", "properties": {"roadId": "ANDHERI-SEG-210", "roadName": "Tertiary (257427085)", "condition": "CRITICAL", "color": "#ef4444", "score": 46}, "geometry": {"type": "Point", "coordinates": [72.85426, 19.110663]}}, {"type": "Feature", "id": "obs-ANDHERI-SEG-210-7", "properties": {"roadId": "ANDHERI-SEG-210", "roadName": "Tertiary (257427085)", "condition": "POOR", "color": "#f97316", "score": 46}, "geometry": {"type": "Point", "coordinates": [72.854186, 19.11031]}}, {"type": "Feature", "id": "obs-ANDHERI-SEG-210-8", "properties": {"roadId": "ANDHERI-SEG-210", "roadName": "Tertiary (257427085)", "condition": "POOR", "color": "#f97316", "score": 46}, "geometry": {"type": "Point", "coordinates": [72.854112, 19.109957]}}, {"type": "Feature", "id": "obs-ANDHERI-SEG-210-9", "properties": {"roadId": "ANDHERI-SEG-210", "roadName": "Tertiary (257427085)", "condition": "CRITICAL", "color": "#ef4444", "score": 46}, "geometry": {"type": "Point", "coordinates": [72.854037, 19.109604]}}, {"type": "Feature", "id": "obs-ANDHERI-SEG-210-10", "properties": {"roadId": "ANDHERI-SEG-210", "roadName": "Tertiary (257427085)", "condition": "POOR", "color": "#f97316", "score": 46}, "geometry": {"type": "Point", "coordinates": [72.8540319, 19.1095795]}}, {"type": "Feature", "id": "obs-ANDHERI-SEG-211-0", "properties": {"roadId": "ANDHERI-SEG-211", "roadName": "Mathuradas Vasanji Road (Andheri Kurla Road)", "condition": "HEALTHY", "color": "#10b981", "score": 85}, "geometry": {"type": "Point", "coordinates": [72.8669444, 19.1122866]}}, {"type": "Feature", "id": "obs-ANDHERI-SEG-211-1", "properties": {"roadId": "ANDHERI-SEG-211", "roadName": "Mathuradas Vasanji Road (Andheri Kurla Road)", "condition": "HEALTHY", "color": "#10b981", "score": 85}, "geometry": {"type": "Point", "coordinates": [72.867311, 19.11219]}}, {"type": "Feature", "id": "obs-ANDHERI-SEG-211-2", "properties": {"roadId": "ANDHERI-SEG-211", "roadName": "Mathuradas Vasanji Road (Andheri Kurla Road)", "condition": "HEALTHY", "color": "#10b981", "score": 85}, "geometry": {"type": "Point", "coordinates": [72.867678, 19.112093]}}, {"type": "Feature", "id": "obs-ANDHERI-SEG-211-3", "properties": {"roadId": "ANDHERI-SEG-211", "roadName": "Mathuradas Vasanji Road (Andheri Kurla Road)", "condition": "HEALTHY", "color": "#10b981", "score": 85}, "geometry": {"type": "Point", "coordinates": [72.868044, 19.111996]}}, {"type": "Feature", "id": "obs-ANDHERI-SEG-211-4", "properties": {"roadId": "ANDHERI-SEG-211", "roadName": "Mathuradas Vasanji Road (Andheri Kurla Road)", "condition": "HEALTHY", "color": "#10b981", "score": 85}, "geometry": {"type": "Point", "coordinates": [72.868411, 19.1119]}}, {"type": "Feature", "id": "obs-ANDHERI-SEG-211-5", "properties": {"roadId": "ANDHERI-SEG-211", "roadName": "Mathuradas Vasanji Road (Andheri Kurla Road)", "condition": "HEALTHY", "color": "#10b981", "score": 85}, "geometry": {"type": "Point", "coordinates": [72.868778, 19.111803]}}, {"type": "Feature", "id": "obs-ANDHERI-SEG-211-6", "properties": {"roadId": "ANDHERI-SEG-211", "roadName": "Mathuradas Vasanji Road (Andheri Kurla Road)", "condition": "HEALTHY", "color": "#10b981", "score": 85}, "geometry": {"type": "Point", "coordinates": [72.869145, 19.111708]}}, {"type": "Feature", "id": "obs-ANDHERI-SEG-211-7", "properties": {"roadId": "ANDHERI-SEG-211", "roadName": "Mathuradas Vasanji Road (Andheri Kurla Road)", "condition": "HEALTHY", "color": "#10b981", "score": 85}, "geometry": {"type": "Point", "coordinates": [72.869512, 19.111612]}}, {"type": "Feature", "id": "obs-ANDHERI-SEG-211-8", "properties": {"roadId": "ANDHERI-SEG-211", "roadName": "Mathuradas Vasanji Road (Andheri Kurla Road)", "condition": "HEALTHY", "color": "#10b981", "score": 85}, "geometry": {"type": "Point", "coordinates": [72.869878, 19.111513]}}, {"type": "Feature", "id": "obs-ANDHERI-SEG-211-9", "properties": {"roadId": "ANDHERI-SEG-211", "roadName": "Mathuradas Vasanji Road (Andheri Kurla Road)", "condition": "HEALTHY", "color": "#10b981", "score": 85}, "geometry": {"type": "Point", "coordinates": [72.870244, 19.111416]}}, {"type": "Feature", "id": "obs-ANDHERI-SEG-211-10", "properties": {"roadId": "ANDHERI-SEG-211", "roadName": "Mathuradas Vasanji Road (Andheri Kurla Road)", "condition": "HEALTHY", "color": "#10b981", "score": 85}, "geometry": {"type": "Point", "coordinates": [72.870611, 19.111318]}}, {"type": "Feature", "id": "obs-ANDHERI-SEG-211-11", "properties": {"roadId": "ANDHERI-SEG-211", "roadName": "Mathuradas Vasanji Road (Andheri Kurla Road)", "condition": "HEALTHY", "color": "#10b981", "score": 85}, "geometry": {"type": "Point", "coordinates": [72.870977, 19.11122]}}, {"type": "Feature", "id": "obs-ANDHERI-SEG-211-12", "properties": {"roadId": "ANDHERI-SEG-211", "roadName": "Mathuradas Vasanji Road (Andheri Kurla Road)", "condition": "HEALTHY", "color": "#10b981", "score": 85}, "geometry": {"type": "Point", "coordinates": [72.871343, 19.11112]}}, {"type": "Feature", "id": "obs-ANDHERI-SEG-211-13", "properties": {"roadId": "ANDHERI-SEG-211", "roadName": "Mathuradas Vasanji Road (Andheri Kurla Road)", "condition": "HEALTHY", "color": "#10b981", "score": 85}, "geometry": {"type": "Point", "coordinates": [72.87171, 19.111024]}}, {"type": "Feature", "id": "obs-ANDHERI-SEG-211-14", "properties": {"roadId": "ANDHERI-SEG-211", "roadName": "Mathuradas Vasanji Road (Andheri Kurla Road)", "condition": "HEALTHY", "color": "#10b981", "score": 85}, "geometry": {"type": "Point", "coordinates": [72.872076, 19.110927]}}, {"type": "Feature", "id": "obs-ANDHERI-SEG-211-15", "properties": {"roadId": "ANDHERI-SEG-211", "roadName": "Mathuradas Vasanji Road (Andheri Kurla Road)", "condition": "HEALTHY", "color": "#10b981", "score": 85}, "geometry": {"type": "Point", "coordinates": [72.872442, 19.110828]}}, {"type": "Feature", "id": "obs-ANDHERI-SEG-211-16", "properties": {"roadId": "ANDHERI-SEG-211", "roadName": "Mathuradas Vasanji Road (Andheri Kurla Road)", "condition": "HEALTHY", "color": "#10b981", "score": 85}, "geometry": {"type": "Point", "coordinates": [72.872806, 19.110722]}}, {"type": "Feature", "id": "obs-ANDHERI-SEG-211-17", "properties": {"roadId": "ANDHERI-SEG-211", "roadName": "Mathuradas Vasanji Road (Andheri Kurla Road)", "condition": "HEALTHY", "color": "#10b981", "score": 85}, "geometry": {"type": "Point", "coordinates": [72.873163, 19.110596]}}, {"type": "Feature", "id": "obs-ANDHERI-SEG-211-18", "properties": {"roadId": "ANDHERI-SEG-211", "roadName": "Mathuradas Vasanji Road (Andheri Kurla Road)", "condition": "HEALTHY", "color": "#10b981", "score": 85}, "geometry": {"type": "Point", "coordinates": [72.873519, 19.11047]}}, {"type": "Feature", "id": "obs-ANDHERI-SEG-211-19", "properties": {"roadId": "ANDHERI-SEG-211", "roadName": "Mathuradas Vasanji Road (Andheri Kurla Road)", "condition": "HEALTHY", "color": "#10b981", "score": 85}, "geometry": {"type": "Point", "coordinates": [72.873872, 19.110336]}}, {"type": "Feature", "id": "obs-ANDHERI-SEG-211-20", "properties": {"roadId": "ANDHERI-SEG-211", "roadName": "Mathuradas Vasanji Road (Andheri Kurla Road)", "condition": "HEALTHY", "color": "#10b981", "score": 85}, "geometry": {"type": "Point", "coordinates": [72.874225, 19.1102]}}, {"type": "Feature", "id": "obs-ANDHERI-SEG-211-21", "properties": {"roadId": "ANDHERI-SEG-211", "roadName": "Mathuradas Vasanji Road (Andheri Kurla Road)", "condition": "HEALTHY", "color": "#10b981", "score": 85}, "geometry": {"type": "Point", "coordinates": [72.874578, 19.110065]}}, {"type": "Feature", "id": "obs-ANDHERI-SEG-211-22", "properties": {"roadId": "ANDHERI-SEG-211", "roadName": "Mathuradas Vasanji Road (Andheri Kurla Road)", "condition": "HEALTHY", "color": "#10b981", "score": 85}, "geometry": {"type": "Point", "coordinates": [72.874931, 19.109931]}}, {"type": "Feature", "id": "obs-ANDHERI-SEG-211-23", "properties": {"roadId": "ANDHERI-SEG-211", "roadName": "Mathuradas Vasanji Road (Andheri Kurla Road)", "condition": "HEALTHY", "color": "#10b981", "score": 85}, "geometry": {"type": "Point", "coordinates": [72.875285, 19.109799]}}, {"type": "Feature", "id": "obs-ANDHERI-SEG-211-24", "properties": {"roadId": "ANDHERI-SEG-211", "roadName": "Mathuradas Vasanji Road (Andheri Kurla Road)", "condition": "HEALTHY", "color": "#10b981", "score": 85}, "geometry": {"type": "Point", "coordinates": [72.87564, 19.109668]}}, {"type": "Feature", "id": "obs-ANDHERI-SEG-211-25", "properties": {"roadId": "ANDHERI-SEG-211", "roadName": "Mathuradas Vasanji Road (Andheri Kurla Road)", "condition": "HEALTHY", "color": "#10b981", "score": 85}, "geometry": {"type": "Point", "coordinates": [72.875994, 19.109536]}}, {"type": "Feature", "id": "obs-ANDHERI-SEG-211-26", "properties": {"roadId": "ANDHERI-SEG-211", "roadName": "Mathuradas Vasanji Road (Andheri Kurla Road)", "condition": "HEALTHY", "color": "#10b981", "score": 85}, "geometry": {"type": "Point", "coordinates": [72.8761312, 19.1094849]}}, {"type": "Feature", "id": "obs-ANDHERI-SEG-212-0", "properties": {"roadId": "ANDHERI-SEG-212", "roadName": "Tertiary (369955405)", "condition": "POOR", "color": "#f97316", "score": 71}, "geometry": {"type": "Point", "coordinates": [72.8697251, 19.1182349]}}, {"type": "Feature", "id": "obs-ANDHERI-SEG-212-1", "properties": {"roadId": "ANDHERI-SEG-212", "roadName": "Tertiary (369955405)", "condition": "WATCH", "color": "#eab308", "score": 71}, "geometry": {"type": "Point", "coordinates": [72.869833, 19.11789]}}, {"type": "Feature", "id": "obs-ANDHERI-SEG-212-2", "properties": {"roadId": "ANDHERI-SEG-212", "roadName": "Tertiary (369955405)", "condition": "WATCH", "color": "#eab308", "score": 71}, "geometry": {"type": "Point", "coordinates": [72.869892, 19.117535]}}, {"type": "Feature", "id": "obs-ANDHERI-SEG-212-3", "properties": {"roadId": "ANDHERI-SEG-212", "roadName": "Tertiary (369955405)", "condition": "WATCH", "color": "#eab308", "score": 71}, "geometry": {"type": "Point", "coordinates": [72.869954, 19.11718]}}, {"type": "Feature", "id": "obs-ANDHERI-SEG-212-4", "properties": {"roadId": "ANDHERI-SEG-212", "roadName": "Tertiary (369955405)", "condition": "POOR", "color": "#f97316", "score": 71}, "geometry": {"type": "Point", "coordinates": [72.870016, 19.116825]}}, {"type": "Feature", "id": "obs-ANDHERI-SEG-212-5", "properties": {"roadId": "ANDHERI-SEG-212", "roadName": "Tertiary (369955405)", "condition": "WATCH", "color": "#eab308", "score": 71}, "geometry": {"type": "Point", "coordinates": [72.870137, 19.116486]}}, {"type": "Feature", "id": "obs-ANDHERI-SEG-212-6", "properties": {"roadId": "ANDHERI-SEG-212", "roadName": "Tertiary (369955405)", "condition": "WATCH", "color": "#eab308", "score": 71}, "geometry": {"type": "Point", "coordinates": [72.870286, 19.1161955]}}, {"type": "Feature", "id": "obs-ANDHERI-SEG-213-0", "properties": {"roadId": "ANDHERI-SEG-213", "roadName": "RK Mandir Road", "condition": "CRITICAL", "color": "#ef4444", "score": 29}, "geometry": {"type": "Point", "coordinates": [72.870286, 19.1161955]}}, {"type": "Feature", "id": "obs-ANDHERI-SEG-213-1", "properties": {"roadId": "ANDHERI-SEG-213", "roadName": "RK Mandir Road", "condition": "CRITICAL", "color": "#ef4444", "score": 29}, "geometry": {"type": "Point", "coordinates": [72.869906, 19.116172]}}, {"type": "Feature", "id": "obs-ANDHERI-SEG-213-2", "properties": {"roadId": "ANDHERI-SEG-213", "roadName": "RK Mandir Road", "condition": "CRITICAL", "color": "#ef4444", "score": 29}, "geometry": {"type": "Point", "coordinates": [72.869529, 19.116125]}}, {"type": "Feature", "id": "obs-ANDHERI-SEG-213-3", "properties": {"roadId": "ANDHERI-SEG-213", "roadName": "RK Mandir Road", "condition": "CRITICAL", "color": "#ef4444", "score": 29}, "geometry": {"type": "Point", "coordinates": [72.869149, 19.116116]}}, {"type": "Feature", "id": "obs-ANDHERI-SEG-213-4", "properties": {"roadId": "ANDHERI-SEG-213", "roadName": "RK Mandir Road", "condition": "CRITICAL", "color": "#ef4444", "score": 29}, "geometry": {"type": "Point", "coordinates": [72.868768, 19.116117]}}, {"type": "Feature", "id": "obs-ANDHERI-SEG-213-5", "properties": {"roadId": "ANDHERI-SEG-213", "roadName": "RK Mandir Road", "condition": "CRITICAL", "color": "#ef4444", "score": 29}, "geometry": {"type": "Point", "coordinates": [72.868387, 19.116119]}}, {"type": "Feature", "id": "obs-ANDHERI-SEG-213-6", "properties": {"roadId": "ANDHERI-SEG-213", "roadName": "RK Mandir Road", "condition": "CRITICAL", "color": "#ef4444", "score": 29}, "geometry": {"type": "Point", "coordinates": [72.8682812, 19.1161189]}}, {"type": "Feature", "id": "obs-ANDHERI-SEG-214-0", "properties": {"roadId": "ANDHERI-SEG-214", "roadName": "Dr Charat Singh Colony Road", "condition": "CRITICAL", "color": "#ef4444", "score": 42}, "geometry": {"type": "Point", "coordinates": [72.8621018, 19.1142685]}}, {"type": "Feature", "id": "obs-ANDHERI-SEG-214-1", "properties": {"roadId": "ANDHERI-SEG-214", "roadName": "Dr Charat Singh Colony Road", "condition": "POOR", "color": "#f97316", "score": 42}, "geometry": {"type": "Point", "coordinates": [72.861948, 19.11394]}}, {"type": "Feature", "id": "obs-ANDHERI-SEG-214-2", "properties": {"roadId": "ANDHERI-SEG-214", "roadName": "Dr Charat Singh Colony Road", "condition": "POOR", "color": "#f97316", "score": 42}, "geometry": {"type": "Point", "coordinates": [72.862007, 19.113608]}}, {"type": "Feature", "id": "obs-ANDHERI-SEG-214-3", "properties": {"roadId": "ANDHERI-SEG-214", "roadName": "Dr Charat Singh Colony Road", "condition": "CRITICAL", "color": "#ef4444", "score": 42}, "geometry": {"type": "Point", "coordinates": [72.862136, 19.113271]}}, {"type": "Feature", "id": "obs-ANDHERI-SEG-214-4", "properties": {"roadId": "ANDHERI-SEG-214", "roadName": "Dr Charat Singh Colony Road", "condition": "POOR", "color": "#f97316", "score": 42}, "geometry": {"type": "Point", "coordinates": [72.862043, 19.11295]}}, {"type": "Feature", "id": "obs-ANDHERI-SEG-214-5", "properties": {"roadId": "ANDHERI-SEG-214", "roadName": "Dr Charat Singh Colony Road", "condition": "POOR", "color": "#f97316", "score": 42}, "geometry": {"type": "Point", "coordinates": [72.862125, 19.112627]}}, {"type": "Feature", "id": "obs-ANDHERI-SEG-214-6", "properties": {"roadId": "ANDHERI-SEG-214", "roadName": "Dr Charat Singh Colony Road", "condition": "CRITICAL", "color": "#ef4444", "score": 42}, "geometry": {"type": "Point", "coordinates": [72.862247, 19.112287]}}, {"type": "Feature", "id": "obs-ANDHERI-SEG-214-7", "properties": {"roadId": "ANDHERI-SEG-214", "roadName": "Dr Charat Singh Colony Road", "condition": "POOR", "color": "#f97316", "score": 42}, "geometry": {"type": "Point", "coordinates": [72.8622673, 19.1122646]}}, {"type": "Feature", "id": "obs-ANDHERI-SEG-215-0", "properties": {"roadId": "ANDHERI-SEG-215", "roadName": "Off Mahakali Caves Road", "condition": "HEALTHY", "color": "#10b981", "score": 79}, "geometry": {"type": "Point", "coordinates": [72.8605884, 19.1185378]}}, {"type": "Feature", "id": "obs-ANDHERI-SEG-215-1", "properties": {"roadId": "ANDHERI-SEG-215", "roadName": "Off Mahakali Caves Road", "condition": "HEALTHY", "color": "#10b981", "score": 79}, "geometry": {"type": "Point", "coordinates": [72.860276, 19.118743]}}, {"type": "Feature", "id": "obs-ANDHERI-SEG-215-2", "properties": {"roadId": "ANDHERI-SEG-215", "roadName": "Off Mahakali Caves Road", "condition": "HEALTHY", "color": "#10b981", "score": 79}, "geometry": {"type": "Point", "coordinates": [72.85995, 19.118928]}}, {"type": "Feature", "id": "obs-ANDHERI-SEG-215-3", "properties": {"roadId": "ANDHERI-SEG-215", "roadName": "Off Mahakali Caves Road", "condition": "HEALTHY", "color": "#10b981", "score": 79}, "geometry": {"type": "Point", "coordinates": [72.859599, 19.119065]}}, {"type": "Feature", "id": "obs-ANDHERI-SEG-215-4", "properties": {"roadId": "ANDHERI-SEG-215", "roadName": "Off Mahakali Caves Road", "condition": "HEALTHY", "color": "#10b981", "score": 79}, "geometry": {"type": "Point", "coordinates": [72.85924, 19.119186]}}, {"type": "Feature", "id": "obs-ANDHERI-SEG-215-5", "properties": {"roadId": "ANDHERI-SEG-215", "roadName": "Off Mahakali Caves Road", "condition": "HEALTHY", "color": "#10b981", "score": 79}, "geometry": {"type": "Point", "coordinates": [72.8591421, 19.1192195]}}, {"type": "Feature", "id": "obs-ANDHERI-SEG-216-0", "properties": {"roadId": "ANDHERI-SEG-216", "roadName": "G K Gokhale Flyover", "condition": "POOR", "color": "#f97316", "score": 65}, "geometry": {"type": "Point", "coordinates": [72.8496873, 19.1154079]}}, {"type": "Feature", "id": "obs-ANDHERI-SEG-216-1", "properties": {"roadId": "ANDHERI-SEG-216", "roadName": "G K Gokhale Flyover", "condition": "WATCH", "color": "#eab308", "score": 65}, "geometry": {"type": "Point", "coordinates": [72.850062, 19.115345]}}, {"type": "Feature", "id": "obs-ANDHERI-SEG-216-2", "properties": {"roadId": "ANDHERI-SEG-216", "roadName": "G K Gokhale Flyover", "condition": "WATCH", "color": "#eab308", "score": 65}, "geometry": {"type": "Point", "coordinates": [72.850432, 19.11526]}}, {"type": "Feature", "id": "obs-ANDHERI-SEG-216-3", "properties": {"roadId": "ANDHERI-SEG-216", "roadName": "G K Gokhale Flyover", "condition": "WATCH", "color": "#eab308", "score": 65}, "geometry": {"type": "Point", "coordinates": [72.850786, 19.115129]}}, {"type": "Feature", "id": "obs-ANDHERI-SEG-216-4", "properties": {"roadId": "ANDHERI-SEG-216", "roadName": "G K Gokhale Flyover", "condition": "POOR", "color": "#f97316", "score": 65}, "geometry": {"type": "Point", "coordinates": [72.85113, 19.114977]}}, {"type": "Feature", "id": "obs-ANDHERI-SEG-216-5", "properties": {"roadId": "ANDHERI-SEG-216", "roadName": "G K Gokhale Flyover", "condition": "WATCH", "color": "#eab308", "score": 65}, "geometry": {"type": "Point", "coordinates": [72.851464, 19.114805]}}, {"type": "Feature", "id": "obs-ANDHERI-SEG-216-6", "properties": {"roadId": "ANDHERI-SEG-216", "roadName": "G K Gokhale Flyover", "condition": "WATCH", "color": "#eab308", "score": 65}, "geometry": {"type": "Point", "coordinates": [72.851783, 19.114609]}}, {"type": "Feature", "id": "obs-ANDHERI-SEG-216-7", "properties": {"roadId": "ANDHERI-SEG-216", "roadName": "G K Gokhale Flyover", "condition": "WATCH", "color": "#eab308", "score": 65}, "geometry": {"type": "Point", "coordinates": [72.852097, 19.114405]}}, {"type": "Feature", "id": "obs-ANDHERI-SEG-216-8", "properties": {"roadId": "ANDHERI-SEG-216", "roadName": "G K Gokhale Flyover", "condition": "POOR", "color": "#f97316", "score": 65}, "geometry": {"type": "Point", "coordinates": [72.852411, 19.114201]}}, {"type": "Feature", "id": "obs-ANDHERI-SEG-216-9", "properties": {"roadId": "ANDHERI-SEG-216", "roadName": "G K Gokhale Flyover", "condition": "WATCH", "color": "#eab308", "score": 65}, "geometry": {"type": "Point", "coordinates": [72.852724, 19.113997]}}, {"type": "Feature", "id": "obs-ANDHERI-SEG-216-10", "properties": {"roadId": "ANDHERI-SEG-216", "roadName": "G K Gokhale Flyover", "condition": "WATCH", "color": "#eab308", "score": 65}, "geometry": {"type": "Point", "coordinates": [72.85304, 19.113795]}}, {"type": "Feature", "id": "obs-ANDHERI-SEG-216-11", "properties": {"roadId": "ANDHERI-SEG-216", "roadName": "G K Gokhale Flyover", "condition": "WATCH", "color": "#eab308", "score": 65}, "geometry": {"type": "Point", "coordinates": [72.853377, 19.11363]}}, {"type": "Feature", "id": "obs-ANDHERI-SEG-216-12", "properties": {"roadId": "ANDHERI-SEG-216", "roadName": "G K Gokhale Flyover", "condition": "POOR", "color": "#f97316", "score": 65}, "geometry": {"type": "Point", "coordinates": [72.853733, 19.113505]}}, {"type": "Feature", "id": "obs-ANDHERI-SEG-216-13", "properties": {"roadId": "ANDHERI-SEG-216", "roadName": "G K Gokhale Flyover", "condition": "WATCH", "color": "#eab308", "score": 65}, "geometry": {"type": "Point", "coordinates": [72.8540475, 19.1134187]}}, {"type": "Feature", "id": "obs-ANDHERI-SEG-217-0", "properties": {"roadId": "ANDHERI-SEG-217", "roadName": "Mathuradas Vasanji Road", "condition": "HEALTHY", "color": "#10b981", "score": 88}, "geometry": {"type": "Point", "coordinates": [72.8509945, 19.1191589]}}, {"type": "Feature", "id": "obs-ANDHERI-SEG-217-1", "properties": {"roadId": "ANDHERI-SEG-217", "roadName": "Mathuradas Vasanji Road", "condition": "HEALTHY", "color": "#10b981", "score": 88}, "geometry": {"type": "Point", "coordinates": [72.851313, 19.118962]}}, {"type": "Feature", "id": "obs-ANDHERI-SEG-217-2", "properties": {"roadId": "ANDHERI-SEG-217", "roadName": "Mathuradas Vasanji Road", "condition": "HEALTHY", "color": "#10b981", "score": 88}, "geometry": {"type": "Point", "coordinates": [72.851631, 19.118764]}}, {"type": "Feature", "id": "obs-ANDHERI-SEG-217-3", "properties": {"roadId": "ANDHERI-SEG-217", "roadName": "Mathuradas Vasanji Road", "condition": "HEALTHY", "color": "#10b981", "score": 88}, "geometry": {"type": "Point", "coordinates": [72.85195, 19.118567]}}, {"type": "Feature", "id": "obs-ANDHERI-SEG-217-4", "properties": {"roadId": "ANDHERI-SEG-217", "roadName": "Mathuradas Vasanji Road", "condition": "HEALTHY", "color": "#10b981", "score": 88}, "geometry": {"type": "Point", "coordinates": [72.852269, 19.118371]}}, {"type": "Feature", "id": "obs-ANDHERI-SEG-217-5", "properties": {"roadId": "ANDHERI-SEG-217", "roadName": "Mathuradas Vasanji Road", "condition": "HEALTHY", "color": "#10b981", "score": 88}, "geometry": {"type": "Point", "coordinates": [72.852587, 19.118174]}}, {"type": "Feature", "id": "obs-ANDHERI-SEG-217-6", "properties": {"roadId": "ANDHERI-SEG-217", "roadName": "Mathuradas Vasanji Road", "condition": "HEALTHY", "color": "#10b981", "score": 88}, "geometry": {"type": "Point", "coordinates": [72.852909, 19.117981]}}, {"type": "Feature", "id": "obs-ANDHERI-SEG-217-7", "properties": {"roadId": "ANDHERI-SEG-217", "roadName": "Mathuradas Vasanji Road", "condition": "HEALTHY", "color": "#10b981", "score": 88}, "geometry": {"type": "Point", "coordinates": [72.853233, 19.117792]}}, {"type": "Feature", "id": "obs-ANDHERI-SEG-217-8", "properties": {"roadId": "ANDHERI-SEG-217", "roadName": "Mathuradas Vasanji Road", "condition": "HEALTHY", "color": "#10b981", "score": 88}, "geometry": {"type": "Point", "coordinates": [72.853555, 19.117601]}}, {"type": "Feature", "id": "obs-ANDHERI-SEG-217-9", "properties": {"roadId": "ANDHERI-SEG-217", "roadName": "Mathuradas Vasanji Road", "condition": "HEALTHY", "color": "#10b981", "score": 88}, "geometry": {"type": "Point", "coordinates": [72.853886, 19.117422]}}, {"type": "Feature", "id": "obs-ANDHERI-SEG-217-10", "properties": {"roadId": "ANDHERI-SEG-217", "roadName": "Mathuradas Vasanji Road", "condition": "HEALTHY", "color": "#10b981", "score": 88}, "geometry": {"type": "Point", "coordinates": [72.854212, 19.117237]}}, {"type": "Feature", "id": "obs-ANDHERI-SEG-217-11", "properties": {"roadId": "ANDHERI-SEG-217", "roadName": "Mathuradas Vasanji Road", "condition": "HEALTHY", "color": "#10b981", "score": 88}, "geometry": {"type": "Point", "coordinates": [72.854538, 19.117051]}}, {"type": "Feature", "id": "obs-ANDHERI-SEG-217-12", "properties": {"roadId": "ANDHERI-SEG-217", "roadName": "Mathuradas Vasanji Road", "condition": "HEALTHY", "color": "#10b981", "score": 88}, "geometry": {"type": "Point", "coordinates": [72.854864, 19.116866]}}, {"type": "Feature", "id": "obs-ANDHERI-SEG-217-13", "properties": {"roadId": "ANDHERI-SEG-217", "roadName": "Mathuradas Vasanji Road", "condition": "HEALTHY", "color": "#10b981", "score": 88}, "geometry": {"type": "Point", "coordinates": [72.8550145, 19.1167801]}}, {"type": "Feature", "id": "obs-ANDHERI-SEG-218-0", "properties": {"roadId": "ANDHERI-SEG-218", "roadName": "Western Express Highway", "condition": "HEALTHY", "color": "#10b981", "score": 82}, "geometry": {"type": "Point", "coordinates": [72.8564204, 19.1223967]}}, {"type": "Feature", "id": "obs-ANDHERI-SEG-218-1", "properties": {"roadId": "ANDHERI-SEG-218", "roadName": "Western Express Highway", "condition": "HEALTHY", "color": "#10b981", "score": 82}, "geometry": {"type": "Point", "coordinates": [72.856331, 19.122047]}}, {"type": "Feature", "id": "obs-ANDHERI-SEG-218-2", "properties": {"roadId": "ANDHERI-SEG-218", "roadName": "Western Express Highway", "condition": "HEALTHY", "color": "#10b981", "score": 82}, "geometry": {"type": "Point", "coordinates": [72.856242, 19.121697]}}, {"type": "Feature", "id": "obs-ANDHERI-SEG-218-3", "properties": {"roadId": "ANDHERI-SEG-218", "roadName": "Western Express Highway", "condition": "HEALTHY", "color": "#10b981", "score": 82}, "geometry": {"type": "Point", "coordinates": [72.856151, 19.121348]}}, {"type": "Feature", "id": "obs-ANDHERI-SEG-218-4", "properties": {"roadId": "ANDHERI-SEG-218", "roadName": "Western Express Highway", "condition": "HEALTHY", "color": "#10b981", "score": 82}, "geometry": {"type": "Point", "coordinates": [72.85606, 19.120999]}}, {"type": "Feature", "id": "obs-ANDHERI-SEG-218-5", "properties": {"roadId": "ANDHERI-SEG-218", "roadName": "Western Express Highway", "condition": "HEALTHY", "color": "#10b981", "score": 82}, "geometry": {"type": "Point", "coordinates": [72.855972, 19.120649]}}, {"type": "Feature", "id": "obs-ANDHERI-SEG-218-6", "properties": {"roadId": "ANDHERI-SEG-218", "roadName": "Western Express Highway", "condition": "HEALTHY", "color": "#10b981", "score": 82}, "geometry": {"type": "Point", "coordinates": [72.855883, 19.120299]}}, {"type": "Feature", "id": "obs-ANDHERI-SEG-218-7", "properties": {"roadId": "ANDHERI-SEG-218", "roadName": "Western Express Highway", "condition": "HEALTHY", "color": "#10b981", "score": 82}, "geometry": {"type": "Point", "coordinates": [72.8558619, 19.1202147]}}, {"type": "Feature", "id": "obs-ANDHERI-SEG-219-0", "properties": {"roadId": "ANDHERI-SEG-219", "roadName": "Western Express Highway", "condition": "POOR", "color": "#f97316", "score": 68}, "geometry": {"type": "Point", "coordinates": [72.855711, 19.1202138]}}, {"type": "Feature", "id": "obs-ANDHERI-SEG-219-1", "properties": {"roadId": "ANDHERI-SEG-219", "roadName": "Western Express Highway", "condition": "WATCH", "color": "#eab308", "score": 68}, "geometry": {"type": "Point", "coordinates": [72.855793, 19.120565]}}, {"type": "Feature", "id": "obs-ANDHERI-SEG-219-2", "properties": {"roadId": "ANDHERI-SEG-219", "roadName": "Western Express Highway", "condition": "WATCH", "color": "#eab308", "score": 68}, "geometry": {"type": "Point", "coordinates": [72.855874, 19.120917]}}, {"type": "Feature", "id": "obs-ANDHERI-SEG-219-3", "properties": {"roadId": "ANDHERI-SEG-219", "roadName": "Western Express Highway", "condition": "WATCH", "color": "#eab308", "score": 68}, "geometry": {"type": "Point", "coordinates": [72.855956, 19.121268]}}, {"type": "Feature", "id": "obs-ANDHERI-SEG-219-4", "properties": {"roadId": "ANDHERI-SEG-219", "roadName": "Western Express Highway", "condition": "POOR", "color": "#f97316", "score": 68}, "geometry": {"type": "Point", "coordinates": [72.856037, 19.121619]}}, {"type": "Feature", "id": "obs-ANDHERI-SEG-219-5", "properties": {"roadId": "ANDHERI-SEG-219", "roadName": "Western Express Highway", "condition": "WATCH", "color": "#eab308", "score": 68}, "geometry": {"type": "Point", "coordinates": [72.856119, 19.121971]}}, {"type": "Feature", "id": "obs-ANDHERI-SEG-219-6", "properties": {"roadId": "ANDHERI-SEG-219", "roadName": "Western Express Highway", "condition": "WATCH", "color": "#eab308", "score": 68}, "geometry": {"type": "Point", "coordinates": [72.856201, 19.122322]}}, {"type": "Feature", "id": "obs-ANDHERI-SEG-219-7", "properties": {"roadId": "ANDHERI-SEG-219", "roadName": "Western Express Highway", "condition": "WATCH", "color": "#eab308", "score": 68}, "geometry": {"type": "Point", "coordinates": [72.856282, 19.122673]}}, {"type": "Feature", "id": "obs-ANDHERI-SEG-219-8", "properties": {"roadId": "ANDHERI-SEG-219", "roadName": "Western Express Highway", "condition": "POOR", "color": "#f97316", "score": 68}, "geometry": {"type": "Point", "coordinates": [72.856364, 19.123025]}}, {"type": "Feature", "id": "obs-ANDHERI-SEG-219-9", "properties": {"roadId": "ANDHERI-SEG-219", "roadName": "Western Express Highway", "condition": "WATCH", "color": "#eab308", "score": 68}, "geometry": {"type": "Point", "coordinates": [72.856446, 19.123376]}}, {"type": "Feature", "id": "obs-ANDHERI-SEG-219-10", "properties": {"roadId": "ANDHERI-SEG-219", "roadName": "Western Express Highway", "condition": "WATCH", "color": "#eab308", "score": 68}, "geometry": {"type": "Point", "coordinates": [72.856498, 19.123731]}}, {"type": "Feature", "id": "obs-ANDHERI-SEG-219-11", "properties": {"roadId": "ANDHERI-SEG-219", "roadName": "Western Express Highway", "condition": "WATCH", "color": "#eab308", "score": 68}, "geometry": {"type": "Point", "coordinates": [72.856505, 19.124091]}}, {"type": "Feature", "id": "obs-ANDHERI-SEG-219-12", "properties": {"roadId": "ANDHERI-SEG-219", "roadName": "Western Express Highway", "condition": "POOR", "color": "#f97316", "score": 68}, "geometry": {"type": "Point", "coordinates": [72.856462, 19.124448]}}, {"type": "Feature", "id": "obs-ANDHERI-SEG-219-13", "properties": {"roadId": "ANDHERI-SEG-219", "roadName": "Western Express Highway", "condition": "WATCH", "color": "#eab308", "score": 68}, "geometry": {"type": "Point", "coordinates": [72.8564122, 19.1247313]}}, {"type": "Feature", "id": "obs-ANDHERI-SEG-220-0", "properties": {"roadId": "ANDHERI-SEG-220", "roadName": "Dr Charat Singh Colony Road", "condition": "HEALTHY", "color": "#10b981", "score": 91}, "geometry": {"type": "Point", "coordinates": [72.8622673, 19.1122646]}}, {"type": "Feature", "id": "obs-ANDHERI-SEG-220-1", "properties": {"roadId": "ANDHERI-SEG-220", "roadName": "Dr Charat Singh Colony Road", "condition": "HEALTHY", "color": "#10b981", "score": 91}, "geometry": {"type": "Point", "coordinates": [72.862588, 19.112111]}}, {"type": "Feature", "id": "obs-ANDHERI-SEG-220-2", "properties": {"roadId": "ANDHERI-SEG-220", "roadName": "Dr Charat Singh Colony Road", "condition": "HEALTHY", "color": "#10b981", "score": 91}, "geometry": {"type": "Point", "coordinates": [72.862602, 19.111752]}}, {"type": "Feature", "id": "obs-ANDHERI-SEG-220-3", "properties": {"roadId": "ANDHERI-SEG-220", "roadName": "Dr Charat Singh Colony Road", "condition": "HEALTHY", "color": "#10b981", "score": 91}, "geometry": {"type": "Point", "coordinates": [72.862616, 19.111392]}}, {"type": "Feature", "id": "obs-ANDHERI-SEG-220-4", "properties": {"roadId": "ANDHERI-SEG-220", "roadName": "Dr Charat Singh Colony Road", "condition": "HEALTHY", "color": "#10b981", "score": 91}, "geometry": {"type": "Point", "coordinates": [72.862643, 19.111036]}}, {"type": "Feature", "id": "obs-ANDHERI-SEG-220-5", "properties": {"roadId": "ANDHERI-SEG-220", "roadName": "Dr Charat Singh Colony Road", "condition": "HEALTHY", "color": "#10b981", "score": 91}, "geometry": {"type": "Point", "coordinates": [72.8627024, 19.1109164]}}, {"type": "Feature", "id": "obs-ANDHERI-SEG-221-0", "properties": {"roadId": "ANDHERI-SEG-221", "roadName": "Tertiary (453447794)", "condition": "POOR", "color": "#f97316", "score": 64}, "geometry": {"type": "Point", "coordinates": [72.8714708, 19.123217]}}, {"type": "Feature", "id": "obs-ANDHERI-SEG-221-1", "properties": {"roadId": "ANDHERI-SEG-221", "roadName": "Tertiary (453447794)", "condition": "WATCH", "color": "#eab308", "score": 64}, "geometry": {"type": "Point", "coordinates": [72.87114, 19.123395]}}, {"type": "Feature", "id": "obs-ANDHERI-SEG-221-2", "properties": {"roadId": "ANDHERI-SEG-221", "roadName": "Tertiary (453447794)", "condition": "WATCH", "color": "#eab308", "score": 64}, "geometry": {"type": "Point", "coordinates": [72.870809, 19.123573]}}, {"type": "Feature", "id": "obs-ANDHERI-SEG-221-3", "properties": {"roadId": "ANDHERI-SEG-221", "roadName": "Tertiary (453447794)", "condition": "WATCH", "color": "#eab308", "score": 64}, "geometry": {"type": "Point", "coordinates": [72.870478, 19.123751]}}, {"type": "Feature", "id": "obs-ANDHERI-SEG-221-4", "properties": {"roadId": "ANDHERI-SEG-221", "roadName": "Tertiary (453447794)", "condition": "POOR", "color": "#f97316", "score": 64}, "geometry": {"type": "Point", "coordinates": [72.870147, 19.123929]}}, {"type": "Feature", "id": "obs-ANDHERI-SEG-221-5", "properties": {"roadId": "ANDHERI-SEG-221", "roadName": "Tertiary (453447794)", "condition": "WATCH", "color": "#eab308", "score": 64}, "geometry": {"type": "Point", "coordinates": [72.869816, 19.124107]}}, {"type": "Feature", "id": "obs-ANDHERI-SEG-221-6", "properties": {"roadId": "ANDHERI-SEG-221", "roadName": "Tertiary (453447794)", "condition": "WATCH", "color": "#eab308", "score": 64}, "geometry": {"type": "Point", "coordinates": [72.869486, 19.124286]}}, {"type": "Feature", "id": "obs-ANDHERI-SEG-221-7", "properties": {"roadId": "ANDHERI-SEG-221", "roadName": "Tertiary (453447794)", "condition": "WATCH", "color": "#eab308", "score": 64}, "geometry": {"type": "Point", "coordinates": [72.869156, 19.124465]}}, {"type": "Feature", "id": "obs-ANDHERI-SEG-221-8", "properties": {"roadId": "ANDHERI-SEG-221", "roadName": "Tertiary (453447794)", "condition": "POOR", "color": "#f97316", "score": 64}, "geometry": {"type": "Point", "coordinates": [72.868869, 19.124701]}}, {"type": "Feature", "id": "obs-ANDHERI-SEG-221-9", "properties": {"roadId": "ANDHERI-SEG-221", "roadName": "Tertiary (453447794)", "condition": "WATCH", "color": "#eab308", "score": 64}, "geometry": {"type": "Point", "coordinates": [72.868702, 19.125011]}}, {"type": "Feature", "id": "obs-ANDHERI-SEG-221-10", "properties": {"roadId": "ANDHERI-SEG-221", "roadName": "Tertiary (453447794)", "condition": "WATCH", "color": "#eab308", "score": 64}, "geometry": {"type": "Point", "coordinates": [72.868382, 19.1252]}}, {"type": "Feature", "id": "obs-ANDHERI-SEG-221-11", "properties": {"roadId": "ANDHERI-SEG-221", "roadName": "Tertiary (453447794)", "condition": "WATCH", "color": "#eab308", "score": 64}, "geometry": {"type": "Point", "coordinates": [72.868029, 19.125335]}}, {"type": "Feature", "id": "obs-ANDHERI-SEG-221-12", "properties": {"roadId": "ANDHERI-SEG-221", "roadName": "Tertiary (453447794)", "condition": "POOR", "color": "#f97316", "score": 64}, "geometry": {"type": "Point", "coordinates": [72.867676, 19.125469]}}, {"type": "Feature", "id": "obs-ANDHERI-SEG-221-13", "properties": {"roadId": "ANDHERI-SEG-221", "roadName": "Tertiary (453447794)", "condition": "WATCH", "color": "#eab308", "score": 64}, "geometry": {"type": "Point", "coordinates": [72.8675476, 19.1255176]}}, {"type": "Feature", "id": "obs-ANDHERI-SEG-222-0", "properties": {"roadId": "ANDHERI-SEG-222", "roadName": "Hindu Friends Society Marg", "condition": "CRITICAL", "color": "#ef4444", "score": 46}, "geometry": {"type": "Point", "coordinates": [72.85, 19.1293488]}}, {"type": "Feature", "id": "obs-ANDHERI-SEG-222-1", "properties": {"roadId": "ANDHERI-SEG-222", "roadName": "Hindu Friends Society Marg", "condition": "POOR", "color": "#f97316", "score": 46}, "geometry": {"type": "Point", "coordinates": [72.849936, 19.129696]}}, {"type": "Feature", "id": "obs-ANDHERI-SEG-222-2", "properties": {"roadId": "ANDHERI-SEG-222", "roadName": "Hindu Friends Society Marg", "condition": "POOR", "color": "#f97316", "score": 46}, "geometry": {"type": "Point", "coordinates": [72.849924, 19.130055]}}, {"type": "Feature", "id": "obs-ANDHERI-SEG-222-3", "properties": {"roadId": "ANDHERI-SEG-222", "roadName": "Hindu Friends Society Marg", "condition": "CRITICAL", "color": "#ef4444", "score": 46}, "geometry": {"type": "Point", "coordinates": [72.849912, 19.130415]}}, {"type": "Feature", "id": "obs-ANDHERI-SEG-222-4", "properties": {"roadId": "ANDHERI-SEG-222", "roadName": "Hindu Friends Society Marg", "condition": "POOR", "color": "#f97316", "score": 46}, "geometry": {"type": "Point", "coordinates": [72.849901, 19.130774]}}, {"type": "Feature", "id": "obs-ANDHERI-SEG-222-5", "properties": {"roadId": "ANDHERI-SEG-222", "roadName": "Hindu Friends Society Marg", "condition": "POOR", "color": "#f97316", "score": 46}, "geometry": {"type": "Point", "coordinates": [72.84989, 19.131134]}}, {"type": "Feature", "id": "obs-ANDHERI-SEG-222-6", "properties": {"roadId": "ANDHERI-SEG-222", "roadName": "Hindu Friends Society Marg", "condition": "CRITICAL", "color": "#ef4444", "score": 46}, "geometry": {"type": "Point", "coordinates": [72.84988, 19.131494]}}, {"type": "Feature", "id": "obs-ANDHERI-SEG-222-7", "properties": {"roadId": "ANDHERI-SEG-222", "roadName": "Hindu Friends Society Marg", "condition": "POOR", "color": "#f97316", "score": 46}, "geometry": {"type": "Point", "coordinates": [72.849869, 19.131853]}}, {"type": "Feature", "id": "obs-ANDHERI-SEG-222-8", "properties": {"roadId": "ANDHERI-SEG-222", "roadName": "Hindu Friends Society Marg", "condition": "POOR", "color": "#f97316", "score": 46}, "geometry": {"type": "Point", "coordinates": [72.84986, 19.132213]}}, {"type": "Feature", "id": "obs-ANDHERI-SEG-222-9", "properties": {"roadId": "ANDHERI-SEG-222", "roadName": "Hindu Friends Society Marg", "condition": "CRITICAL", "color": "#ef4444", "score": 46}, "geometry": {"type": "Point", "coordinates": [72.849852, 19.132572]}}, {"type": "Feature", "id": "obs-ANDHERI-SEG-222-10", "properties": {"roadId": "ANDHERI-SEG-222", "roadName": "Hindu Friends Society Marg", "condition": "POOR", "color": "#f97316", "score": 46}, "geometry": {"type": "Point", "coordinates": [72.849844, 19.132932]}}, {"type": "Feature", "id": "obs-ANDHERI-SEG-222-11", "properties": {"roadId": "ANDHERI-SEG-222", "roadName": "Hindu Friends Society Marg", "condition": "POOR", "color": "#f97316", "score": 46}, "geometry": {"type": "Point", "coordinates": [72.849834, 19.133292]}}, {"type": "Feature", "id": "obs-ANDHERI-SEG-222-12", "properties": {"roadId": "ANDHERI-SEG-222", "roadName": "Hindu Friends Society Marg", "condition": "CRITICAL", "color": "#ef4444", "score": 46}, "geometry": {"type": "Point", "coordinates": [72.849829, 19.133651]}}, {"type": "Feature", "id": "obs-ANDHERI-SEG-222-13", "properties": {"roadId": "ANDHERI-SEG-222", "roadName": "Hindu Friends Society Marg", "condition": "POOR", "color": "#f97316", "score": 46}, "geometry": {"type": "Point", "coordinates": [72.84981, 19.134011]}}, {"type": "Feature", "id": "obs-ANDHERI-SEG-222-14", "properties": {"roadId": "ANDHERI-SEG-222", "roadName": "Hindu Friends Society Marg", "condition": "POOR", "color": "#f97316", "score": 46}, "geometry": {"type": "Point", "coordinates": [72.849792, 19.13437]}}, {"type": "Feature", "id": "obs-ANDHERI-SEG-222-15", "properties": {"roadId": "ANDHERI-SEG-222", "roadName": "Hindu Friends Society Marg", "condition": "CRITICAL", "color": "#ef4444", "score": 46}, "geometry": {"type": "Point", "coordinates": [72.849793, 19.13473]}}, {"type": "Feature", "id": "obs-ANDHERI-SEG-222-16", "properties": {"roadId": "ANDHERI-SEG-222", "roadName": "Hindu Friends Society Marg", "condition": "POOR", "color": "#f97316", "score": 46}, "geometry": {"type": "Point", "coordinates": [72.8498, 19.135089]}}, {"type": "Feature", "id": "obs-ANDHERI-SEG-222-17", "properties": {"roadId": "ANDHERI-SEG-222", "roadName": "Hindu Friends Society Marg", "condition": "POOR", "color": "#f97316", "score": 46}, "geometry": {"type": "Point", "coordinates": [72.8498114, 19.1351209]}}, {"type": "Feature", "id": "obs-ANDHERI-SEG-223-0", "properties": {"roadId": "ANDHERI-SEG-223", "roadName": "N S Phadke Marg", "condition": "HEALTHY", "color": "#10b981", "score": 85}, "geometry": {"type": "Point", "coordinates": [72.854105, 19.1133223]}}, {"type": "Feature", "id": "obs-ANDHERI-SEG-223-1", "properties": {"roadId": "ANDHERI-SEG-223", "roadName": "N S Phadke Marg", "condition": "HEALTHY", "color": "#10b981", "score": 85}, "geometry": {"type": "Point", "coordinates": [72.853737, 19.113337]}}, {"type": "Feature", "id": "obs-ANDHERI-SEG-223-2", "properties": {"roadId": "ANDHERI-SEG-223", "roadName": "N S Phadke Marg", "condition": "HEALTHY", "color": "#10b981", "score": 85}, "geometry": {"type": "Point", "coordinates": [72.853376, 19.113451]}}, {"type": "Feature", "id": "obs-ANDHERI-SEG-223-3", "properties": {"roadId": "ANDHERI-SEG-223", "roadName": "N S Phadke Marg", "condition": "HEALTHY", "color": "#10b981", "score": 85}, "geometry": {"type": "Point", "coordinates": [72.853029, 19.113598]}}, {"type": "Feature", "id": "obs-ANDHERI-SEG-223-4", "properties": {"roadId": "ANDHERI-SEG-223", "roadName": "N S Phadke Marg", "condition": "HEALTHY", "color": "#10b981", "score": 85}, "geometry": {"type": "Point", "coordinates": [72.852709, 19.113791]}}, {"type": "Feature", "id": "obs-ANDHERI-SEG-223-5", "properties": {"roadId": "ANDHERI-SEG-223", "roadName": "N S Phadke Marg", "condition": "HEALTHY", "color": "#10b981", "score": 85}, "geometry": {"type": "Point", "coordinates": [72.852398, 19.113998]}}, {"type": "Feature", "id": "obs-ANDHERI-SEG-223-6", "properties": {"roadId": "ANDHERI-SEG-223", "roadName": "N S Phadke Marg", "condition": "HEALTHY", "color": "#10b981", "score": 85}, "geometry": {"type": "Point", "coordinates": [72.852083, 19.114201]}}, {"type": "Feature", "id": "obs-ANDHERI-SEG-223-7", "properties": {"roadId": "ANDHERI-SEG-223", "roadName": "N S Phadke Marg", "condition": "HEALTHY", "color": "#10b981", "score": 85}, "geometry": {"type": "Point", "coordinates": [72.851768, 19.114403]}}, {"type": "Feature", "id": "obs-ANDHERI-SEG-223-8", "properties": {"roadId": "ANDHERI-SEG-223", "roadName": "N S Phadke Marg", "condition": "HEALTHY", "color": "#10b981", "score": 85}, "geometry": {"type": "Point", "coordinates": [72.851442, 19.114588]}}, {"type": "Feature", "id": "obs-ANDHERI-SEG-223-9", "properties": {"roadId": "ANDHERI-SEG-223", "roadName": "N S Phadke Marg", "condition": "HEALTHY", "color": "#10b981", "score": 85}, "geometry": {"type": "Point", "coordinates": [72.851114, 19.11477]}}, {"type": "Feature", "id": "obs-ANDHERI-SEG-223-10", "properties": {"roadId": "ANDHERI-SEG-223", "roadName": "N S Phadke Marg", "condition": "HEALTHY", "color": "#10b981", "score": 85}, "geometry": {"type": "Point", "coordinates": [72.850779, 19.114941]}}, {"type": "Feature", "id": "obs-ANDHERI-SEG-223-11", "properties": {"roadId": "ANDHERI-SEG-223", "roadName": "N S Phadke Marg", "condition": "HEALTHY", "color": "#10b981", "score": 85}, "geometry": {"type": "Point", "coordinates": [72.850426, 19.115075]}}, {"type": "Feature", "id": "obs-ANDHERI-SEG-223-12", "properties": {"roadId": "ANDHERI-SEG-223", "roadName": "N S Phadke Marg", "condition": "HEALTHY", "color": "#10b981", "score": 85}, "geometry": {"type": "Point", "coordinates": [72.850058, 19.115166]}}, {"type": "Feature", "id": "obs-ANDHERI-SEG-223-13", "properties": {"roadId": "ANDHERI-SEG-223", "roadName": "N S Phadke Marg", "condition": "HEALTHY", "color": "#10b981", "score": 85}, "geometry": {"type": "Point", "coordinates": [72.849684, 19.115229]}}, {"type": "Feature", "id": "obs-ANDHERI-SEG-223-14", "properties": {"roadId": "ANDHERI-SEG-223", "roadName": "N S Phadke Marg", "condition": "HEALTHY", "color": "#10b981", "score": 85}, "geometry": {"type": "Point", "coordinates": [72.849303, 19.115241]}}, {"type": "Feature", "id": "obs-ANDHERI-SEG-223-15", "properties": {"roadId": "ANDHERI-SEG-223", "roadName": "N S Phadke Marg", "condition": "HEALTHY", "color": "#10b981", "score": 85}, "geometry": {"type": "Point", "coordinates": [72.848923, 19.115233]}}, {"type": "Feature", "id": "obs-ANDHERI-SEG-223-16", "properties": {"roadId": "ANDHERI-SEG-223", "roadName": "N S Phadke Marg", "condition": "HEALTHY", "color": "#10b981", "score": 85}, "geometry": {"type": "Point", "coordinates": [72.848544, 19.115193]}}, {"type": "Feature", "id": "obs-ANDHERI-SEG-223-17", "properties": {"roadId": "ANDHERI-SEG-223", "roadName": "N S Phadke Marg", "condition": "HEALTHY", "color": "#10b981", "score": 85}, "geometry": {"type": "Point", "coordinates": [72.848424, 19.1151798]}}, {"type": "Feature", "id": "obs-ANDHERI-SEG-224-0", "properties": {"roadId": "ANDHERI-SEG-224", "roadName": "N S Phadke Marg", "condition": "POOR", "color": "#f97316", "score": 71}, "geometry": {"type": "Point", "coordinates": [72.8474987, 19.1156626]}}, {"type": "Feature", "id": "obs-ANDHERI-SEG-224-1", "properties": {"roadId": "ANDHERI-SEG-224", "roadName": "N S Phadke Marg", "condition": "WATCH", "color": "#eab308", "score": 71}, "geometry": {"type": "Point", "coordinates": [72.847866, 19.115567]}}, {"type": "Feature", "id": "obs-ANDHERI-SEG-224-2", "properties": {"roadId": "ANDHERI-SEG-224", "roadName": "N S Phadke Marg", "condition": "WATCH", "color": "#eab308", "score": 71}, "geometry": {"type": "Point", "coordinates": [72.848236, 19.115483]}}, {"type": "Feature", "id": "obs-ANDHERI-SEG-224-3", "properties": {"roadId": "ANDHERI-SEG-224", "roadName": "N S Phadke Marg", "condition": "WATCH", "color": "#eab308", "score": 71}, "geometry": {"type": "Point", "coordinates": [72.848614, 19.115452]}}, {"type": "Feature", "id": "obs-ANDHERI-SEG-224-4", "properties": {"roadId": "ANDHERI-SEG-224", "roadName": "N S Phadke Marg", "condition": "POOR", "color": "#f97316", "score": 71}, "geometry": {"type": "Point", "coordinates": [72.848995, 19.115464]}}, {"type": "Feature", "id": "obs-ANDHERI-SEG-224-5", "properties": {"roadId": "ANDHERI-SEG-224", "roadName": "N S Phadke Marg", "condition": "WATCH", "color": "#eab308", "score": 71}, "geometry": {"type": "Point", "coordinates": [72.849375, 19.115467]}}, {"type": "Feature", "id": "obs-ANDHERI-SEG-224-6", "properties": {"roadId": "ANDHERI-SEG-224", "roadName": "N S Phadke Marg", "condition": "WATCH", "color": "#eab308", "score": 71}, "geometry": {"type": "Point", "coordinates": [72.849755, 19.115443]}}, {"type": "Feature", "id": "obs-ANDHERI-SEG-224-7", "properties": {"roadId": "ANDHERI-SEG-224", "roadName": "N S Phadke Marg", "condition": "WATCH", "color": "#eab308", "score": 71}, "geometry": {"type": "Point", "coordinates": [72.850131, 19.115386]}}, {"type": "Feature", "id": "obs-ANDHERI-SEG-224-8", "properties": {"roadId": "ANDHERI-SEG-224", "roadName": "N S Phadke Marg", "condition": "POOR", "color": "#f97316", "score": 71}, "geometry": {"type": "Point", "coordinates": [72.850498, 19.115297]}}, {"type": "Feature", "id": "obs-ANDHERI-SEG-224-9", "properties": {"roadId": "ANDHERI-SEG-224", "roadName": "N S Phadke Marg", "condition": "WATCH", "color": "#eab308", "score": 71}, "geometry": {"type": "Point", "coordinates": [72.85085, 19.11516]}}, {"type": "Feature", "id": "obs-ANDHERI-SEG-224-10", "properties": {"roadId": "ANDHERI-SEG-224", "roadName": "N S Phadke Marg", "condition": "WATCH", "color": "#eab308", "score": 71}, "geometry": {"type": "Point", "coordinates": [72.851193, 19.115004]}}, {"type": "Feature", "id": "obs-ANDHERI-SEG-224-11", "properties": {"roadId": "ANDHERI-SEG-224", "roadName": "N S Phadke Marg", "condition": "WATCH", "color": "#eab308", "score": 71}, "geometry": {"type": "Point", "coordinates": [72.851527, 19.114833]}}, {"type": "Feature", "id": "obs-ANDHERI-SEG-224-12", "properties": {"roadId": "ANDHERI-SEG-224", "roadName": "N S Phadke Marg", "condition": "POOR", "color": "#f97316", "score": 71}, "geometry": {"type": "Point", "coordinates": [72.851844, 19.114633]}}, {"type": "Feature", "id": "obs-ANDHERI-SEG-224-13", "properties": {"roadId": "ANDHERI-SEG-224", "roadName": "N S Phadke Marg", "condition": "WATCH", "color": "#eab308", "score": 71}, "geometry": {"type": "Point", "coordinates": [72.85216, 19.114433]}}, {"type": "Feature", "id": "obs-ANDHERI-SEG-224-14", "properties": {"roadId": "ANDHERI-SEG-224", "roadName": "N S Phadke Marg", "condition": "WATCH", "color": "#eab308", "score": 71}, "geometry": {"type": "Point", "coordinates": [72.852477, 19.114234]}}, {"type": "Feature", "id": "obs-ANDHERI-SEG-224-15", "properties": {"roadId": "ANDHERI-SEG-224", "roadName": "N S Phadke Marg", "condition": "WATCH", "color": "#eab308", "score": 71}, "geometry": {"type": "Point", "coordinates": [72.852794, 19.114034]}}, {"type": "Feature", "id": "obs-ANDHERI-SEG-224-16", "properties": {"roadId": "ANDHERI-SEG-224", "roadName": "N S Phadke Marg", "condition": "POOR", "color": "#f97316", "score": 71}, "geometry": {"type": "Point", "coordinates": [72.853104, 19.113826]}}, {"type": "Feature", "id": "obs-ANDHERI-SEG-224-17", "properties": {"roadId": "ANDHERI-SEG-224", "roadName": "N S Phadke Marg", "condition": "WATCH", "color": "#eab308", "score": 71}, "geometry": {"type": "Point", "coordinates": [72.85345, 19.113676]}}, {"type": "Feature", "id": "obs-ANDHERI-SEG-224-18", "properties": {"roadId": "ANDHERI-SEG-224", "roadName": "N S Phadke Marg", "condition": "WATCH", "color": "#eab308", "score": 71}, "geometry": {"type": "Point", "coordinates": [72.853812, 19.11357]}}, {"type": "Feature", "id": "obs-ANDHERI-SEG-224-19", "properties": {"roadId": "ANDHERI-SEG-224", "roadName": "N S Phadke Marg", "condition": "WATCH", "color": "#eab308", "score": 71}, "geometry": {"type": "Point", "coordinates": [72.854159, 19.113432]}}, {"type": "Feature", "id": "obs-ANDHERI-SEG-224-20", "properties": {"roadId": "ANDHERI-SEG-224", "roadName": "N S Phadke Marg", "condition": "POOR", "color": "#f97316", "score": 71}, "geometry": {"type": "Point", "coordinates": [72.8542283, 19.1133937]}}, {"type": "Feature", "id": "obs-ANDHERI-SEG-225-0", "properties": {"roadId": "ANDHERI-SEG-225", "roadName": "Sahar Road", "condition": "CRITICAL", "color": "#ef4444", "score": 29}, "geometry": {"type": "Point", "coordinates": [72.8503287, 19.1111844]}}, {"type": "Feature", "id": "obs-ANDHERI-SEG-225-1", "properties": {"roadId": "ANDHERI-SEG-225", "roadName": "Sahar Road", "condition": "CRITICAL", "color": "#ef4444", "score": 29}, "geometry": {"type": "Point", "coordinates": [72.850627, 19.11096]}}, {"type": "Feature", "id": "obs-ANDHERI-SEG-225-2", "properties": {"roadId": "ANDHERI-SEG-225", "roadName": "Sahar Road", "condition": "CRITICAL", "color": "#ef4444", "score": 29}, "geometry": {"type": "Point", "coordinates": [72.850924, 19.110736]}}, {"type": "Feature", "id": "obs-ANDHERI-SEG-225-3", "properties": {"roadId": "ANDHERI-SEG-225", "roadName": "Sahar Road", "condition": "CRITICAL", "color": "#ef4444", "score": 29}, "geometry": {"type": "Point", "coordinates": [72.851222, 19.110512]}}, {"type": "Feature", "id": "obs-ANDHERI-SEG-225-4", "properties": {"roadId": "ANDHERI-SEG-225", "roadName": "Sahar Road", "condition": "CRITICAL", "color": "#ef4444", "score": 29}, "geometry": {"type": "Point", "coordinates": [72.851522, 19.110291]}}, {"type": "Feature", "id": "obs-ANDHERI-SEG-225-5", "properties": {"roadId": "ANDHERI-SEG-225", "roadName": "Sahar Road", "condition": "CRITICAL", "color": "#ef4444", "score": 29}, "geometry": {"type": "Point", "coordinates": [72.851825, 19.110073]}}, {"type": "Feature", "id": "obs-ANDHERI-SEG-225-6", "properties": {"roadId": "ANDHERI-SEG-225", "roadName": "Sahar Road", "condition": "CRITICAL", "color": "#ef4444", "score": 29}, "geometry": {"type": "Point", "coordinates": [72.852133, 19.109862]}}, {"type": "Feature", "id": "obs-ANDHERI-SEG-225-7", "properties": {"roadId": "ANDHERI-SEG-225", "roadName": "Sahar Road", "condition": "CRITICAL", "color": "#ef4444", "score": 29}, "geometry": {"type": "Point", "coordinates": [72.8521405, 19.1098581]}}, {"type": "Feature", "id": "obs-ANDHERI-SEG-226-0", "properties": {"roadId": "ANDHERI-SEG-226", "roadName": "Secondary (691700450)", "condition": "CRITICAL", "color": "#ef4444", "score": 42}, "geometry": {"type": "Point", "coordinates": [72.8485505, 19.1197069]}}, {"type": "Feature", "id": "obs-ANDHERI-SEG-226-1", "properties": {"roadId": "ANDHERI-SEG-226", "roadName": "Secondary (691700450)", "condition": "POOR", "color": "#f97316", "score": 42}, "geometry": {"type": "Point", "coordinates": [72.8482, 19.119847]}}, {"type": "Feature", "id": "obs-ANDHERI-SEG-226-2", "properties": {"roadId": "ANDHERI-SEG-226", "roadName": "Secondary (691700450)", "condition": "POOR", "color": "#f97316", "score": 42}, "geometry": {"type": "Point", "coordinates": [72.8479607, 19.1199507]}}, {"type": "Feature", "id": "obs-ANDHERI-SEG-227-0", "properties": {"roadId": "ANDHERI-SEG-227", "roadName": "Cardinal Gracias Road", "condition": "HEALTHY", "color": "#10b981", "score": 79}, "geometry": {"type": "Point", "coordinates": [72.8593649, 19.1148492]}}, {"type": "Feature", "id": "obs-ANDHERI-SEG-227-1", "properties": {"roadId": "ANDHERI-SEG-227", "roadName": "Cardinal Gracias Road", "condition": "HEALTHY", "color": "#10b981", "score": 79}, "geometry": {"type": "Point", "coordinates": [72.859296, 19.114495]}}, {"type": "Feature", "id": "obs-ANDHERI-SEG-227-2", "properties": {"roadId": "ANDHERI-SEG-227", "roadName": "Cardinal Gracias Road", "condition": "HEALTHY", "color": "#10b981", "score": 79}, "geometry": {"type": "Point", "coordinates": [72.859227, 19.114142]}}, {"type": "Feature", "id": "obs-ANDHERI-SEG-227-3", "properties": {"roadId": "ANDHERI-SEG-227", "roadName": "Cardinal Gracias Road", "condition": "HEALTHY", "color": "#10b981", "score": 79}, "geometry": {"type": "Point", "coordinates": [72.859158, 19.113788]}}, {"type": "Feature", "id": "obs-ANDHERI-SEG-227-4", "properties": {"roadId": "ANDHERI-SEG-227", "roadName": "Cardinal Gracias Road", "condition": "HEALTHY", "color": "#10b981", "score": 79}, "geometry": {"type": "Point", "coordinates": [72.859041, 19.113447]}}, {"type": "Feature", "id": "obs-ANDHERI-SEG-227-5", "properties": {"roadId": "ANDHERI-SEG-227", "roadName": "Cardinal Gracias Road", "condition": "HEALTHY", "color": "#10b981", "score": 79}, "geometry": {"type": "Point", "coordinates": [72.858911, 19.113109]}}, {"type": "Feature", "id": "obs-ANDHERI-SEG-227-6", "properties": {"roadId": "ANDHERI-SEG-227", "roadName": "Cardinal Gracias Road", "condition": "HEALTHY", "color": "#10b981", "score": 79}, "geometry": {"type": "Point", "coordinates": [72.858823, 19.112759]}}, {"type": "Feature", "id": "obs-ANDHERI-SEG-227-7", "properties": {"roadId": "ANDHERI-SEG-227", "roadName": "Cardinal Gracias Road", "condition": "HEALTHY", "color": "#10b981", "score": 79}, "geometry": {"type": "Point", "coordinates": [72.85875, 19.112406]}}, {"type": "Feature", "id": "obs-ANDHERI-SEG-227-8", "properties": {"roadId": "ANDHERI-SEG-227", "roadName": "Cardinal Gracias Road", "condition": "HEALTHY", "color": "#10b981", "score": 79}, "geometry": {"type": "Point", "coordinates": [72.858678, 19.112053]}}, {"type": "Feature", "id": "obs-ANDHERI-SEG-227-9", "properties": {"roadId": "ANDHERI-SEG-227", "roadName": "Cardinal Gracias Road", "condition": "HEALTHY", "color": "#10b981", "score": 79}, "geometry": {"type": "Point", "coordinates": [72.8586638, 19.111978]}}, {"type": "Feature", "id": "obs-ANDHERI-SEG-228-0", "properties": {"roadId": "ANDHERI-SEG-228", "roadName": "Mathuradas Vasanji Road", "condition": "POOR", "color": "#f97316", "score": 65}, "geometry": {"type": "Point", "coordinates": [72.8603628, 19.1148851]}}, {"type": "Feature", "id": "obs-ANDHERI-SEG-228-1", "properties": {"roadId": "ANDHERI-SEG-228", "roadName": "Mathuradas Vasanji Road", "condition": "WATCH", "color": "#eab308", "score": 65}, "geometry": {"type": "Point", "coordinates": [72.860734, 19.114805]}}, {"type": "Feature", "id": "obs-ANDHERI-SEG-228-2", "properties": {"roadId": "ANDHERI-SEG-228", "roadName": "Mathuradas Vasanji Road", "condition": "WATCH", "color": "#eab308", "score": 65}, "geometry": {"type": "Point", "coordinates": [72.861097, 19.114698]}}, {"type": "Feature", "id": "obs-ANDHERI-SEG-228-3", "properties": {"roadId": "ANDHERI-SEG-228", "roadName": "Mathuradas Vasanji Road", "condition": "WATCH", "color": "#eab308", "score": 65}, "geometry": {"type": "Point", "coordinates": [72.861449, 19.114562]}}, {"type": "Feature", "id": "obs-ANDHERI-SEG-228-4", "properties": {"roadId": "ANDHERI-SEG-228", "roadName": "Mathuradas Vasanji Road", "condition": "POOR", "color": "#f97316", "score": 65}, "geometry": {"type": "Point", "coordinates": [72.861798, 19.114419]}}, {"type": "Feature", "id": "obs-ANDHERI-SEG-228-5", "properties": {"roadId": "ANDHERI-SEG-228", "roadName": "Mathuradas Vasanji Road", "condition": "WATCH", "color": "#eab308", "score": 65}, "geometry": {"type": "Point", "coordinates": [72.862135, 19.114252]}}, {"type": "Feature", "id": "obs-ANDHERI-SEG-228-6", "properties": {"roadId": "ANDHERI-SEG-228", "roadName": "Mathuradas Vasanji Road", "condition": "WATCH", "color": "#eab308", "score": 65}, "geometry": {"type": "Point", "coordinates": [72.862465, 19.114071]}}, {"type": "Feature", "id": "obs-ANDHERI-SEG-228-7", "properties": {"roadId": "ANDHERI-SEG-228", "roadName": "Mathuradas Vasanji Road", "condition": "WATCH", "color": "#eab308", "score": 65}, "geometry": {"type": "Point", "coordinates": [72.862792, 19.113888]}}, {"type": "Feature", "id": "obs-ANDHERI-SEG-228-8", "properties": {"roadId": "ANDHERI-SEG-228", "roadName": "Mathuradas Vasanji Road", "condition": "POOR", "color": "#f97316", "score": 65}, "geometry": {"type": "Point", "coordinates": [72.86312, 19.113705]}}, {"type": "Feature", "id": "obs-ANDHERI-SEG-228-9", "properties": {"roadId": "ANDHERI-SEG-228", "roadName": "Mathuradas Vasanji Road", "condition": "WATCH", "color": "#eab308", "score": 65}, "geometry": {"type": "Point", "coordinates": [72.863448, 19.113523]}}, {"type": "Feature", "id": "obs-ANDHERI-SEG-228-10", "properties": {"roadId": "ANDHERI-SEG-228", "roadName": "Mathuradas Vasanji Road", "condition": "WATCH", "color": "#eab308", "score": 65}, "geometry": {"type": "Point", "coordinates": [72.863777, 19.113341]}}, {"type": "Feature", "id": "obs-ANDHERI-SEG-228-11", "properties": {"roadId": "ANDHERI-SEG-228", "roadName": "Mathuradas Vasanji Road", "condition": "WATCH", "color": "#eab308", "score": 65}, "geometry": {"type": "Point", "coordinates": [72.864108, 19.113163]}}, {"type": "Feature", "id": "obs-ANDHERI-SEG-228-12", "properties": {"roadId": "ANDHERI-SEG-228", "roadName": "Mathuradas Vasanji Road", "condition": "POOR", "color": "#f97316", "score": 65}, "geometry": {"type": "Point", "coordinates": [72.864444, 19.112995]}}, {"type": "Feature", "id": "obs-ANDHERI-SEG-228-13", "properties": {"roadId": "ANDHERI-SEG-228", "roadName": "Mathuradas Vasanji Road", "condition": "WATCH", "color": "#eab308", "score": 65}, "geometry": {"type": "Point", "coordinates": [72.8648, 19.112868]}}, {"type": "Feature", "id": "obs-ANDHERI-SEG-228-14", "properties": {"roadId": "ANDHERI-SEG-228", "roadName": "Mathuradas Vasanji Road", "condition": "WATCH", "color": "#eab308", "score": 65}, "geometry": {"type": "Point", "coordinates": [72.865164, 19.112764]}}, {"type": "Feature", "id": "obs-ANDHERI-SEG-228-15", "properties": {"roadId": "ANDHERI-SEG-228", "roadName": "Mathuradas Vasanji Road", "condition": "WATCH", "color": "#eab308", "score": 65}, "geometry": {"type": "Point", "coordinates": [72.86553, 19.112666]}}, {"type": "Feature", "id": "obs-ANDHERI-SEG-228-16", "properties": {"roadId": "ANDHERI-SEG-228", "roadName": "Mathuradas Vasanji Road", "condition": "POOR", "color": "#f97316", "score": 65}, "geometry": {"type": "Point", "coordinates": [72.865896, 19.112568]}}, {"type": "Feature", "id": "obs-ANDHERI-SEG-228-17", "properties": {"roadId": "ANDHERI-SEG-228", "roadName": "Mathuradas Vasanji Road", "condition": "WATCH", "color": "#eab308", "score": 65}, "geometry": {"type": "Point", "coordinates": [72.866263, 19.112469]}}, {"type": "Feature", "id": "obs-ANDHERI-SEG-228-18", "properties": {"roadId": "ANDHERI-SEG-228", "roadName": "Mathuradas Vasanji Road", "condition": "WATCH", "color": "#eab308", "score": 65}, "geometry": {"type": "Point", "coordinates": [72.866629, 19.112371]}}, {"type": "Feature", "id": "obs-ANDHERI-SEG-228-19", "properties": {"roadId": "ANDHERI-SEG-228", "roadName": "Mathuradas Vasanji Road", "condition": "WATCH", "color": "#eab308", "score": 65}, "geometry": {"type": "Point", "coordinates": [72.8668707, 19.1123064]}}, {"type": "Feature", "id": "obs-ANDHERI-SEG-229-0", "properties": {"roadId": "ANDHERI-SEG-229", "roadName": "Tertiary (775937827)", "condition": "HEALTHY", "color": "#10b981", "score": 88}, "geometry": {"type": "Point", "coordinates": [72.8541193, 19.1238447]}}, {"type": "Feature", "id": "obs-ANDHERI-SEG-229-1", "properties": {"roadId": "ANDHERI-SEG-229", "roadName": "Tertiary (775937827)", "condition": "HEALTHY", "color": "#10b981", "score": 88}, "geometry": {"type": "Point", "coordinates": [72.854081, 19.124203]}}, {"type": "Feature", "id": "obs-ANDHERI-SEG-229-2", "properties": {"roadId": "ANDHERI-SEG-229", "roadName": "Tertiary (775937827)", "condition": "HEALTHY", "color": "#10b981", "score": 88}, "geometry": {"type": "Point", "coordinates": [72.854057, 19.124562]}}, {"type": "Feature", "id": "obs-ANDHERI-SEG-229-3", "properties": {"roadId": "ANDHERI-SEG-229", "roadName": "Tertiary (775937827)", "condition": "HEALTHY", "color": "#10b981", "score": 88}, "geometry": {"type": "Point", "coordinates": [72.854032, 19.124921]}}, {"type": "Feature", "id": "obs-ANDHERI-SEG-229-4", "properties": {"roadId": "ANDHERI-SEG-229", "roadName": "Tertiary (775937827)", "condition": "HEALTHY", "color": "#10b981", "score": 88}, "geometry": {"type": "Point", "coordinates": [72.853967, 19.125274]}}, {"type": "Feature", "id": "obs-ANDHERI-SEG-229-5", "properties": {"roadId": "ANDHERI-SEG-229", "roadName": "Tertiary (775937827)", "condition": "HEALTHY", "color": "#10b981", "score": 88}, "geometry": {"type": "Point", "coordinates": [72.853886, 19.125626]}}, {"type": "Feature", "id": "obs-ANDHERI-SEG-229-6", "properties": {"roadId": "ANDHERI-SEG-229", "roadName": "Tertiary (775937827)", "condition": "HEALTHY", "color": "#10b981", "score": 88}, "geometry": {"type": "Point", "coordinates": [72.8538234, 19.1258961]}}, {"type": "Feature", "id": "obs-ANDHERI-SEG-230-0", "properties": {"roadId": "ANDHERI-SEG-230", "roadName": "S Radahakrishnan Road (Nagardas Road)", "condition": "HEALTHY", "color": "#10b981", "score": 82}, "geometry": {"type": "Point", "coordinates": [72.8542631, 19.1237155]}}, {"type": "Feature", "id": "obs-ANDHERI-SEG-230-1", "properties": {"roadId": "ANDHERI-SEG-230", "roadName": "S Radahakrishnan Road (Nagardas Road)", "condition": "HEALTHY", "color": "#10b981", "score": 82}, "geometry": {"type": "Point", "coordinates": [72.854617, 19.123834]}}, {"type": "Feature", "id": "obs-ANDHERI-SEG-230-2", "properties": {"roadId": "ANDHERI-SEG-230", "roadName": "S Radahakrishnan Road (Nagardas Road)", "condition": "HEALTHY", "color": "#10b981", "score": 82}, "geometry": {"type": "Point", "coordinates": [72.854989, 19.123818]}}, {"type": "Feature", "id": "obs-ANDHERI-SEG-230-3", "properties": {"roadId": "ANDHERI-SEG-230", "roadName": "S Radahakrishnan Road (Nagardas Road)", "condition": "HEALTHY", "color": "#10b981", "score": 82}, "geometry": {"type": "Point", "coordinates": [72.855311, 19.123629]}}, {"type": "Feature", "id": "obs-ANDHERI-SEG-230-4", "properties": {"roadId": "ANDHERI-SEG-230", "roadName": "S Radahakrishnan Road (Nagardas Road)", "condition": "HEALTHY", "color": "#10b981", "score": 82}, "geometry": {"type": "Point", "coordinates": [72.855602, 19.123396]}}, {"type": "Feature", "id": "obs-ANDHERI-SEG-230-5", "properties": {"roadId": "ANDHERI-SEG-230", "roadName": "S Radahakrishnan Road (Nagardas Road)", "condition": "HEALTHY", "color": "#10b981", "score": 82}, "geometry": {"type": "Point", "coordinates": [72.855934, 19.12342]}}, {"type": "Feature", "id": "obs-ANDHERI-SEG-230-6", "properties": {"roadId": "ANDHERI-SEG-230", "roadName": "S Radahakrishnan Road (Nagardas Road)", "condition": "HEALTHY", "color": "#10b981", "score": 82}, "geometry": {"type": "Point", "coordinates": [72.856243, 19.12363]}}, {"type": "Feature", "id": "obs-ANDHERI-SEG-230-7", "properties": {"roadId": "ANDHERI-SEG-230", "roadName": "S Radahakrishnan Road (Nagardas Road)", "condition": "HEALTHY", "color": "#10b981", "score": 82}, "geometry": {"type": "Point", "coordinates": [72.8563376, 19.1236945]}}, {"type": "Feature", "id": "obs-ANDHERI-SEG-231-0", "properties": {"roadId": "ANDHERI-SEG-231", "roadName": "Cross Road A", "condition": "POOR", "color": "#f97316", "score": 68}, "geometry": {"type": "Point", "coordinates": [72.8656097, 19.1220395]}}, {"type": "Feature", "id": "obs-ANDHERI-SEG-231-1", "properties": {"roadId": "ANDHERI-SEG-231", "roadName": "Cross Road A", "condition": "WATCH", "color": "#eab308", "score": 68}, "geometry": {"type": "Point", "coordinates": [72.86557, 19.121682]}}, {"type": "Feature", "id": "obs-ANDHERI-SEG-231-2", "properties": {"roadId": "ANDHERI-SEG-231", "roadName": "Cross Road A", "condition": "WATCH", "color": "#eab308", "score": 68}, "geometry": {"type": "Point", "coordinates": [72.865514, 19.121326]}}, {"type": "Feature", "id": "obs-ANDHERI-SEG-231-3", "properties": {"roadId": "ANDHERI-SEG-231", "roadName": "Cross Road A", "condition": "WATCH", "color": "#eab308", "score": 68}, "geometry": {"type": "Point", "coordinates": [72.865455, 19.120971]}}, {"type": "Feature", "id": "obs-ANDHERI-SEG-231-4", "properties": {"roadId": "ANDHERI-SEG-231", "roadName": "Cross Road A", "condition": "POOR", "color": "#f97316", "score": 68}, "geometry": {"type": "Point", "coordinates": [72.865396, 19.120615]}}, {"type": "Feature", "id": "obs-ANDHERI-SEG-231-5", "properties": {"roadId": "ANDHERI-SEG-231", "roadName": "Cross Road A", "condition": "WATCH", "color": "#eab308", "score": 68}, "geometry": {"type": "Point", "coordinates": [72.8653375, 19.1202779]}}, {"type": "Feature", "id": "obs-ANDHERI-SEG-232-0", "properties": {"roadId": "ANDHERI-SEG-232", "roadName": "Mahakali Caves Road", "condition": "HEALTHY", "color": "#10b981", "score": 91}, "geometry": {"type": "Point", "coordinates": [72.8632135, 19.1180311]}}, {"type": "Feature", "id": "obs-ANDHERI-SEG-232-1", "properties": {"roadId": "ANDHERI-SEG-232", "roadName": "Mahakali Caves Road", "condition": "HEALTHY", "color": "#10b981", "score": 91}, "geometry": {"type": "Point", "coordinates": [72.863348, 19.118368]}}, {"type": "Feature", "id": "obs-ANDHERI-SEG-232-2", "properties": {"roadId": "ANDHERI-SEG-232", "roadName": "Mahakali Caves Road", "condition": "HEALTHY", "color": "#10b981", "score": 91}, "geometry": {"type": "Point", "coordinates": [72.863478, 19.118706]}}, {"type": "Feature", "id": "obs-ANDHERI-SEG-232-3", "properties": {"roadId": "ANDHERI-SEG-232", "roadName": "Mahakali Caves Road", "condition": "HEALTHY", "color": "#10b981", "score": 91}, "geometry": {"type": "Point", "coordinates": [72.863601, 19.119046]}}, {"type": "Feature", "id": "obs-ANDHERI-SEG-232-4", "properties": {"roadId": "ANDHERI-SEG-232", "roadName": "Mahakali Caves Road", "condition": "HEALTHY", "color": "#10b981", "score": 91}, "geometry": {"type": "Point", "coordinates": [72.863693, 19.119395]}}, {"type": "Feature", "id": "obs-ANDHERI-SEG-232-5", "properties": {"roadId": "ANDHERI-SEG-232", "roadName": "Mahakali Caves Road", "condition": "HEALTHY", "color": "#10b981", "score": 91}, "geometry": {"type": "Point", "coordinates": [72.863763, 19.119749]}}, {"type": "Feature", "id": "obs-ANDHERI-SEG-232-6", "properties": {"roadId": "ANDHERI-SEG-232", "roadName": "Mahakali Caves Road", "condition": "HEALTHY", "color": "#10b981", "score": 91}, "geometry": {"type": "Point", "coordinates": [72.86384, 19.120101]}}, {"type": "Feature", "id": "obs-ANDHERI-SEG-232-7", "properties": {"roadId": "ANDHERI-SEG-232", "roadName": "Mahakali Caves Road", "condition": "HEALTHY", "color": "#10b981", "score": 91}, "geometry": {"type": "Point", "coordinates": [72.863917, 19.120453]}}, {"type": "Feature", "id": "obs-ANDHERI-SEG-232-8", "properties": {"roadId": "ANDHERI-SEG-232", "roadName": "Mahakali Caves Road", "condition": "HEALTHY", "color": "#10b981", "score": 91}, "geometry": {"type": "Point", "coordinates": [72.863983, 19.120807]}}, {"type": "Feature", "id": "obs-ANDHERI-SEG-232-9", "properties": {"roadId": "ANDHERI-SEG-232", "roadName": "Mahakali Caves Road", "condition": "HEALTHY", "color": "#10b981", "score": 91}, "geometry": {"type": "Point", "coordinates": [72.8640244, 19.1211582]}}, {"type": "Feature", "id": "obs-ANDHERI-SEG-233-0", "properties": {"roadId": "ANDHERI-SEG-233", "roadName": "Secondary (1054980475)", "condition": "POOR", "color": "#f97316", "score": 64}, "geometry": {"type": "Point", "coordinates": [72.8646368, 19.1247858]}}, {"type": "Feature", "id": "obs-ANDHERI-SEG-233-1", "properties": {"roadId": "ANDHERI-SEG-233", "roadName": "Secondary (1054980475)", "condition": "WATCH", "color": "#eab308", "score": 64}, "geometry": {"type": "Point", "coordinates": [72.864436, 19.124482]}}, {"type": "Feature", "id": "obs-ANDHERI-SEG-233-2", "properties": {"roadId": "ANDHERI-SEG-233", "roadName": "Secondary (1054980475)", "condition": "WATCH", "color": "#eab308", "score": 64}, "geometry": {"type": "Point", "coordinates": [72.864313, 19.124143]}}, {"type": "Feature", "id": "obs-ANDHERI-SEG-233-3", "properties": {"roadId": "ANDHERI-SEG-233", "roadName": "Secondary (1054980475)", "condition": "WATCH", "color": "#eab308", "score": 64}, "geometry": {"type": "Point", "coordinates": [72.864204, 19.123798]}}, {"type": "Feature", "id": "obs-ANDHERI-SEG-233-4", "properties": {"roadId": "ANDHERI-SEG-233", "roadName": "Secondary (1054980475)", "condition": "POOR", "color": "#f97316", "score": 64}, "geometry": {"type": "Point", "coordinates": [72.864136, 19.123444]}}, {"type": "Feature", "id": "obs-ANDHERI-SEG-233-5", "properties": {"roadId": "ANDHERI-SEG-233", "roadName": "Secondary (1054980475)", "condition": "WATCH", "color": "#eab308", "score": 64}, "geometry": {"type": "Point", "coordinates": [72.864116, 19.123085]}}, {"type": "Feature", "id": "obs-ANDHERI-SEG-233-6", "properties": {"roadId": "ANDHERI-SEG-233", "roadName": "Secondary (1054980475)", "condition": "WATCH", "color": "#eab308", "score": 64}, "geometry": {"type": "Point", "coordinates": [72.864101, 19.122726]}}, {"type": "Feature", "id": "obs-ANDHERI-SEG-233-7", "properties": {"roadId": "ANDHERI-SEG-233", "roadName": "Secondary (1054980475)", "condition": "WATCH", "color": "#eab308", "score": 64}, "geometry": {"type": "Point", "coordinates": [72.864083, 19.122367]}}, {"type": "Feature", "id": "obs-ANDHERI-SEG-233-8", "properties": {"roadId": "ANDHERI-SEG-233", "roadName": "Secondary (1054980475)", "condition": "POOR", "color": "#f97316", "score": 64}, "geometry": {"type": "Point", "coordinates": [72.864059, 19.122008]}}, {"type": "Feature", "id": "obs-ANDHERI-SEG-233-9", "properties": {"roadId": "ANDHERI-SEG-233", "roadName": "Secondary (1054980475)", "condition": "WATCH", "color": "#eab308", "score": 64}, "geometry": {"type": "Point", "coordinates": [72.864035, 19.121648]}}, {"type": "Feature", "id": "obs-ANDHERI-SEG-233-10", "properties": {"roadId": "ANDHERI-SEG-233", "roadName": "Secondary (1054980475)", "condition": "WATCH", "color": "#eab308", "score": 64}, "geometry": {"type": "Point", "coordinates": [72.864021, 19.121289]}}, {"type": "Feature", "id": "obs-ANDHERI-SEG-233-11", "properties": {"roadId": "ANDHERI-SEG-233", "roadName": "Secondary (1054980475)", "condition": "WATCH", "color": "#eab308", "score": 64}, "geometry": {"type": "Point", "coordinates": [72.8640244, 19.1211582]}}, {"type": "Feature", "id": "obs-ANDHERI-SEG-234-0", "properties": {"roadId": "ANDHERI-SEG-234", "roadName": "Secondary (1054980477)", "condition": "CRITICAL", "color": "#ef4444", "score": 46}, "geometry": {"type": "Point", "coordinates": [72.864854, 19.1249052]}}, {"type": "Feature", "id": "obs-ANDHERI-SEG-234-1", "properties": {"roadId": "ANDHERI-SEG-234", "roadName": "Secondary (1054980477)", "condition": "POOR", "color": "#f97316", "score": 46}, "geometry": {"type": "Point", "coordinates": [72.8646765, 19.1249577]}}, {"type": "Feature", "id": "obs-ANDHERI-SEG-235-0", "properties": {"roadId": "ANDHERI-SEG-235", "roadName": "Sher-e-Punjab road", "condition": "HEALTHY", "color": "#10b981", "score": 85}, "geometry": {"type": "Point", "coordinates": [72.8647506, 19.1251093]}}, {"type": "Feature", "id": "obs-ANDHERI-SEG-235-1", "properties": {"roadId": "ANDHERI-SEG-235", "roadName": "Sher-e-Punjab road", "condition": "HEALTHY", "color": "#10b981", "score": 85}, "geometry": {"type": "Point", "coordinates": [72.864868, 19.1250783]}}, {"type": "Feature", "id": "obs-ANDHERI-SEG-236-0", "properties": {"roadId": "ANDHERI-SEG-236", "roadName": "Cross Road B", "condition": "POOR", "color": "#f97316", "score": 71}, "geometry": {"type": "Point", "coordinates": [72.8684851, 19.1178639]}}, {"type": "Feature", "id": "obs-ANDHERI-SEG-236-1", "properties": {"roadId": "ANDHERI-SEG-236", "roadName": "Cross Road B", "condition": "WATCH", "color": "#eab308", "score": 71}, "geometry": {"type": "Point", "coordinates": [72.868426, 19.117509]}}, {"type": "Feature", "id": "obs-ANDHERI-SEG-236-2", "properties": {"roadId": "ANDHERI-SEG-236", "roadName": "Cross Road B", "condition": "WATCH", "color": "#eab308", "score": 71}, "geometry": {"type": "Point", "coordinates": [72.868366, 19.117153]}}, {"type": "Feature", "id": "obs-ANDHERI-SEG-236-3", "properties": {"roadId": "ANDHERI-SEG-236", "roadName": "Cross Road B", "condition": "WATCH", "color": "#eab308", "score": 71}, "geometry": {"type": "Point", "coordinates": [72.868324, 19.116796]}}, {"type": "Feature", "id": "obs-ANDHERI-SEG-236-4", "properties": {"roadId": "ANDHERI-SEG-236", "roadName": "Cross Road B", "condition": "POOR", "color": "#f97316", "score": 71}, "geometry": {"type": "Point", "coordinates": [72.868301, 19.116437]}}, {"type": "Feature", "id": "obs-ANDHERI-SEG-236-5", "properties": {"roadId": "ANDHERI-SEG-236", "roadName": "Cross Road B", "condition": "WATCH", "color": "#eab308", "score": 71}, "geometry": {"type": "Point", "coordinates": [72.868279, 19.116078]}}, {"type": "Feature", "id": "obs-ANDHERI-SEG-236-6", "properties": {"roadId": "ANDHERI-SEG-236", "roadName": "Cross Road B", "condition": "WATCH", "color": "#eab308", "score": 71}, "geometry": {"type": "Point", "coordinates": [72.868257, 19.115719]}}, {"type": "Feature", "id": "obs-ANDHERI-SEG-236-7", "properties": {"roadId": "ANDHERI-SEG-236", "roadName": "Cross Road B", "condition": "WATCH", "color": "#eab308", "score": 71}, "geometry": {"type": "Point", "coordinates": [72.868229, 19.11536]}}, {"type": "Feature", "id": "obs-ANDHERI-SEG-236-8", "properties": {"roadId": "ANDHERI-SEG-236", "roadName": "Cross Road B", "condition": "POOR", "color": "#f97316", "score": 71}, "geometry": {"type": "Point", "coordinates": [72.868169, 19.115005]}}, {"type": "Feature", "id": "obs-ANDHERI-SEG-236-9", "properties": {"roadId": "ANDHERI-SEG-236", "roadName": "Cross Road B", "condition": "WATCH", "color": "#eab308", "score": 71}, "geometry": {"type": "Point", "coordinates": [72.868109, 19.11465]}}, {"type": "Feature", "id": "obs-ANDHERI-SEG-236-10", "properties": {"roadId": "ANDHERI-SEG-236", "roadName": "Cross Road B", "condition": "WATCH", "color": "#eab308", "score": 71}, "geometry": {"type": "Point", "coordinates": [72.867985, 19.114323]}}, {"type": "Feature", "id": "obs-ANDHERI-SEG-236-11", "properties": {"roadId": "ANDHERI-SEG-236", "roadName": "Cross Road B", "condition": "WATCH", "color": "#eab308", "score": 71}, "geometry": {"type": "Point", "coordinates": [72.867725, 19.114061]}}, {"type": "Feature", "id": "obs-ANDHERI-SEG-236-12", "properties": {"roadId": "ANDHERI-SEG-236", "roadName": "Cross Road B", "condition": "POOR", "color": "#f97316", "score": 71}, "geometry": {"type": "Point", "coordinates": [72.86745, 19.113813]}}, {"type": "Feature", "id": "obs-ANDHERI-SEG-236-13", "properties": {"roadId": "ANDHERI-SEG-236", "roadName": "Cross Road B", "condition": "WATCH", "color": "#eab308", "score": 71}, "geometry": {"type": "Point", "coordinates": [72.8672938, 19.1136958]}}, {"type": "Feature", "id": "obs-ANDHERI-SEG-237-0", "properties": {"roadId": "ANDHERI-SEG-237", "roadName": "Tertiary (1092524281)", "condition": "CRITICAL", "color": "#ef4444", "score": 29}, "geometry": {"type": "Point", "coordinates": [72.8503878, 19.1155695]}}, {"type": "Feature", "id": "obs-ANDHERI-SEG-237-1", "properties": {"roadId": "ANDHERI-SEG-237", "roadName": "Tertiary (1092524281)", "condition": "CRITICAL", "color": "#ef4444", "score": 29}, "geometry": {"type": "Point", "coordinates": [72.850376, 19.115223]}}, {"type": "Feature", "id": "obs-ANDHERI-SEG-237-2", "properties": {"roadId": "ANDHERI-SEG-237", "roadName": "Tertiary (1092524281)", "condition": "CRITICAL", "color": "#ef4444", "score": 29}, "geometry": {"type": "Point", "coordinates": [72.8504249, 19.1150759]}}, {"type": "Feature", "id": "obs-ANDHERI-SEG-238-0", "properties": {"roadId": "ANDHERI-SEG-238", "roadName": "Mathuradas Vasanji Road", "condition": "CRITICAL", "color": "#ef4444", "score": 42}, "geometry": {"type": "Point", "coordinates": [72.848122, 19.1208824]}}, {"type": "Feature", "id": "obs-ANDHERI-SEG-238-1", "properties": {"roadId": "ANDHERI-SEG-238", "roadName": "Mathuradas Vasanji Road", "condition": "POOR", "color": "#f97316", "score": 42}, "geometry": {"type": "Point", "coordinates": [72.847806, 19.121083]}}, {"type": "Feature", "id": "obs-ANDHERI-SEG-238-2", "properties": {"roadId": "ANDHERI-SEG-238", "roadName": "Mathuradas Vasanji Road", "condition": "POOR", "color": "#f97316", "score": 42}, "geometry": {"type": "Point", "coordinates": [72.8478024, 19.1210851]}}, {"type": "Feature", "id": "obs-ANDHERI-SEG-239-0", "properties": {"roadId": "ANDHERI-SEG-239", "roadName": "Secondary (1111987531)", "condition": "HEALTHY", "color": "#10b981", "score": 79}, "geometry": {"type": "Point", "coordinates": [72.8513902, 19.1236546]}}, {"type": "Feature", "id": "obs-ANDHERI-SEG-239-1", "properties": {"roadId": "ANDHERI-SEG-239", "roadName": "Secondary (1111987531)", "condition": "HEALTHY", "color": "#10b981", "score": 79}, "geometry": {"type": "Point", "coordinates": [72.851018, 19.123665]}}, {"type": "Feature", "id": "obs-ANDHERI-SEG-239-2", "properties": {"roadId": "ANDHERI-SEG-239", "roadName": "Secondary (1111987531)", "condition": "HEALTHY", "color": "#10b981", "score": 79}, "geometry": {"type": "Point", "coordinates": [72.850638, 19.123691]}}, {"type": "Feature", "id": "obs-ANDHERI-SEG-239-3", "properties": {"roadId": "ANDHERI-SEG-239", "roadName": "Secondary (1111987531)", "condition": "HEALTHY", "color": "#10b981", "score": 79}, "geometry": {"type": "Point", "coordinates": [72.850259, 19.123719]}}, {"type": "Feature", "id": "obs-ANDHERI-SEG-239-4", "properties": {"roadId": "ANDHERI-SEG-239", "roadName": "Secondary (1111987531)", "condition": "HEALTHY", "color": "#10b981", "score": 79}, "geometry": {"type": "Point", "coordinates": [72.849884, 19.12378]}}, {"type": "Feature", "id": "obs-ANDHERI-SEG-239-5", "properties": {"roadId": "ANDHERI-SEG-239", "roadName": "Secondary (1111987531)", "condition": "HEALTHY", "color": "#10b981", "score": 79}, "geometry": {"type": "Point", "coordinates": [72.849537, 19.123923]}}, {"type": "Feature", "id": "obs-ANDHERI-SEG-239-6", "properties": {"roadId": "ANDHERI-SEG-239", "roadName": "Secondary (1111987531)", "condition": "HEALTHY", "color": "#10b981", "score": 79}, "geometry": {"type": "Point", "coordinates": [72.849197, 19.124085]}}, {"type": "Feature", "id": "obs-ANDHERI-SEG-239-7", "properties": {"roadId": "ANDHERI-SEG-239", "roadName": "Secondary (1111987531)", "condition": "HEALTHY", "color": "#10b981", "score": 79}, "geometry": {"type": "Point", "coordinates": [72.848848, 19.124222]}}, {"type": "Feature", "id": "obs-ANDHERI-SEG-239-8", "properties": {"roadId": "ANDHERI-SEG-239", "roadName": "Secondary (1111987531)", "condition": "HEALTHY", "color": "#10b981", "score": 79}, "geometry": {"type": "Point", "coordinates": [72.848468, 19.124226]}}, {"type": "Feature", "id": "obs-ANDHERI-SEG-239-9", "properties": {"roadId": "ANDHERI-SEG-239", "roadName": "Secondary (1111987531)", "condition": "HEALTHY", "color": "#10b981", "score": 79}, "geometry": {"type": "Point", "coordinates": [72.8483115, 19.1242149]}}, {"type": "Feature", "id": "obs-ANDHERI-SEG-240-0", "properties": {"roadId": "ANDHERI-SEG-240", "roadName": "Secondary (1111987532)", "condition": "POOR", "color": "#f97316", "score": 65}, "geometry": {"type": "Point", "coordinates": [72.8482339, 19.1242581]}}, {"type": "Feature", "id": "obs-ANDHERI-SEG-240-1", "properties": {"roadId": "ANDHERI-SEG-240", "roadName": "Secondary (1111987532)", "condition": "WATCH", "color": "#eab308", "score": 65}, "geometry": {"type": "Point", "coordinates": [72.848579, 19.124341]}}, {"type": "Feature", "id": "obs-ANDHERI-SEG-240-2", "properties": {"roadId": "ANDHERI-SEG-240", "roadName": "Secondary (1111987532)", "condition": "WATCH", "color": "#eab308", "score": 65}, "geometry": {"type": "Point", "coordinates": [72.848957, 19.124305]}}, {"type": "Feature", "id": "obs-ANDHERI-SEG-240-3", "properties": {"roadId": "ANDHERI-SEG-240", "roadName": "Secondary (1111987532)", "condition": "WATCH", "color": "#eab308", "score": 65}, "geometry": {"type": "Point", "coordinates": [72.849297, 19.124146]}}, {"type": "Feature", "id": "obs-ANDHERI-SEG-240-4", "properties": {"roadId": "ANDHERI-SEG-240", "roadName": "Secondary (1111987532)", "condition": "POOR", "color": "#f97316", "score": 65}, "geometry": {"type": "Point", "coordinates": [72.849633, 19.123976]}}, {"type": "Feature", "id": "obs-ANDHERI-SEG-240-5", "properties": {"roadId": "ANDHERI-SEG-240", "roadName": "Secondary (1111987532)", "condition": "WATCH", "color": "#eab308", "score": 65}, "geometry": {"type": "Point", "coordinates": [72.849973, 19.123835]}}, {"type": "Feature", "id": "obs-ANDHERI-SEG-240-6", "properties": {"roadId": "ANDHERI-SEG-240", "roadName": "Secondary (1111987532)", "condition": "WATCH", "color": "#eab308", "score": 65}, "geometry": {"type": "Point", "coordinates": [72.850351, 19.123793]}}, {"type": "Feature", "id": "obs-ANDHERI-SEG-240-7", "properties": {"roadId": "ANDHERI-SEG-240", "roadName": "Secondary (1111987532)", "condition": "WATCH", "color": "#eab308", "score": 65}, "geometry": {"type": "Point", "coordinates": [72.850731, 19.123771]}}, {"type": "Feature", "id": "obs-ANDHERI-SEG-240-8", "properties": {"roadId": "ANDHERI-SEG-240", "roadName": "Secondary (1111987532)", "condition": "POOR", "color": "#f97316", "score": 65}, "geometry": {"type": "Point", "coordinates": [72.85111, 19.123738]}}, {"type": "Feature", "id": "obs-ANDHERI-SEG-240-9", "properties": {"roadId": "ANDHERI-SEG-240", "roadName": "Secondary (1111987532)", "condition": "WATCH", "color": "#eab308", "score": 65}, "geometry": {"type": "Point", "coordinates": [72.8511803, 19.123732]}}, {"type": "Feature", "id": "obs-ANDHERI-SEG-241-0", "properties": {"roadId": "ANDHERI-SEG-241", "roadName": "Secondary (1111987533)", "condition": "HEALTHY", "color": "#10b981", "score": 88}, "geometry": {"type": "Point", "coordinates": [72.8511803, 19.123732]}}, {"type": "Feature", "id": "obs-ANDHERI-SEG-241-1", "properties": {"roadId": "ANDHERI-SEG-241", "roadName": "Secondary (1111987533)", "condition": "HEALTHY", "color": "#10b981", "score": 88}, "geometry": {"type": "Point", "coordinates": [72.8513902, 19.1236546]}}, {"type": "Feature", "id": "obs-ANDHERI-SEG-242-0", "properties": {"roadId": "ANDHERI-SEG-242", "roadName": "Swami Vivekanand Road", "condition": "HEALTHY", "color": "#10b981", "score": 82}, "geometry": {"type": "Point", "coordinates": [72.8467361, 19.124347]}}, {"type": "Feature", "id": "obs-ANDHERI-SEG-242-1", "properties": {"roadId": "ANDHERI-SEG-242", "roadName": "Swami Vivekanand Road", "condition": "HEALTHY", "color": "#10b981", "score": 82}, "geometry": {"type": "Point", "coordinates": [72.846782, 19.124704]}}, {"type": "Feature", "id": "obs-ANDHERI-SEG-242-2", "properties": {"roadId": "ANDHERI-SEG-242", "roadName": "Swami Vivekanand Road", "condition": "HEALTHY", "color": "#10b981", "score": 82}, "geometry": {"type": "Point", "coordinates": [72.846828, 19.125061]}}, {"type": "Feature", "id": "obs-ANDHERI-SEG-242-3", "properties": {"roadId": "ANDHERI-SEG-242", "roadName": "Swami Vivekanand Road", "condition": "HEALTHY", "color": "#10b981", "score": 82}, "geometry": {"type": "Point", "coordinates": [72.846872, 19.125419]}}, {"type": "Feature", "id": "obs-ANDHERI-SEG-242-4", "properties": {"roadId": "ANDHERI-SEG-242", "roadName": "Swami Vivekanand Road", "condition": "HEALTHY", "color": "#10b981", "score": 82}, "geometry": {"type": "Point", "coordinates": [72.846902, 19.125777]}}, {"type": "Feature", "id": "obs-ANDHERI-SEG-242-5", "properties": {"roadId": "ANDHERI-SEG-242", "roadName": "Swami Vivekanand Road", "condition": "HEALTHY", "color": "#10b981", "score": 82}, "geometry": {"type": "Point", "coordinates": [72.846949, 19.126134]}}, {"type": "Feature", "id": "obs-ANDHERI-SEG-242-6", "properties": {"roadId": "ANDHERI-SEG-242", "roadName": "Swami Vivekanand Road", "condition": "HEALTHY", "color": "#10b981", "score": 82}, "geometry": {"type": "Point", "coordinates": [72.846995, 19.126491]}}, {"type": "Feature", "id": "obs-ANDHERI-SEG-242-7", "properties": {"roadId": "ANDHERI-SEG-242", "roadName": "Swami Vivekanand Road", "condition": "HEALTHY", "color": "#10b981", "score": 82}, "geometry": {"type": "Point", "coordinates": [72.847034, 19.126849]}}, {"type": "Feature", "id": "obs-ANDHERI-SEG-242-8", "properties": {"roadId": "ANDHERI-SEG-242", "roadName": "Swami Vivekanand Road", "condition": "HEALTHY", "color": "#10b981", "score": 82}, "geometry": {"type": "Point", "coordinates": [72.847073, 19.127207]}}, {"type": "Feature", "id": "obs-ANDHERI-SEG-242-9", "properties": {"roadId": "ANDHERI-SEG-242", "roadName": "Swami Vivekanand Road", "condition": "HEALTHY", "color": "#10b981", "score": 82}, "geometry": {"type": "Point", "coordinates": [72.847112, 19.127565]}}, {"type": "Feature", "id": "obs-ANDHERI-SEG-242-10", "properties": {"roadId": "ANDHERI-SEG-242", "roadName": "Swami Vivekanand Road", "condition": "HEALTHY", "color": "#10b981", "score": 82}, "geometry": {"type": "Point", "coordinates": [72.8471146, 19.1275858]}}, {"type": "Feature", "id": "obs-ANDHERI-SEG-243-0", "properties": {"roadId": "ANDHERI-SEG-243", "roadName": "Secondary (1122281531)", "condition": "POOR", "color": "#f97316", "score": 68}, "geometry": {"type": "Point", "coordinates": [72.847033, 19.1242427]}}, {"type": "Feature", "id": "obs-ANDHERI-SEG-243-1", "properties": {"roadId": "ANDHERI-SEG-243", "roadName": "Secondary (1122281531)", "condition": "WATCH", "color": "#eab308", "score": 68}, "geometry": {"type": "Point", "coordinates": [72.847408, 19.12418]}}, {"type": "Feature", "id": "obs-ANDHERI-SEG-243-2", "properties": {"roadId": "ANDHERI-SEG-243", "roadName": "Secondary (1122281531)", "condition": "WATCH", "color": "#eab308", "score": 68}, "geometry": {"type": "Point", "coordinates": [72.8475008, 19.124165]}}, {"type": "Feature", "id": "obs-ANDHERI-SEG-244-0", "properties": {"roadId": "ANDHERI-SEG-244", "roadName": "Secondary (1123839480)", "condition": "HEALTHY", "color": "#10b981", "score": 91}, "geometry": {"type": "Point", "coordinates": [72.8476228, 19.1241641]}}, {"type": "Feature", "id": "obs-ANDHERI-SEG-244-1", "properties": {"roadId": "ANDHERI-SEG-244", "roadName": "Secondary (1123839480)", "condition": "HEALTHY", "color": "#10b981", "score": 91}, "geometry": {"type": "Point", "coordinates": [72.847999, 19.124221]}}, {"type": "Feature", "id": "obs-ANDHERI-SEG-244-2", "properties": {"roadId": "ANDHERI-SEG-244", "roadName": "Secondary (1123839480)", "condition": "HEALTHY", "color": "#10b981", "score": 91}, "geometry": {"type": "Point", "coordinates": [72.8480951, 19.1242368]}}, {"type": "Feature", "id": "obs-ANDHERI-SEG-245-0", "properties": {"roadId": "ANDHERI-SEG-245", "roadName": "Srinivas Bagarka Road", "condition": "POOR", "color": "#f97316", "score": 64}, "geometry": {"type": "Point", "coordinates": [72.8641729, 19.107604]}}, {"type": "Feature", "id": "obs-ANDHERI-SEG-245-1", "properties": {"roadId": "ANDHERI-SEG-245", "roadName": "Srinivas Bagarka Road", "condition": "WATCH", "color": "#eab308", "score": 64}, "geometry": {"type": "Point", "coordinates": [72.864347, 19.107924]}}, {"type": "Feature", "id": "obs-ANDHERI-SEG-245-2", "properties": {"roadId": "ANDHERI-SEG-245", "roadName": "Srinivas Bagarka Road", "condition": "WATCH", "color": "#eab308", "score": 64}, "geometry": {"type": "Point", "coordinates": [72.864522, 19.108243]}}, {"type": "Feature", "id": "obs-ANDHERI-SEG-245-3", "properties": {"roadId": "ANDHERI-SEG-245", "roadName": "Srinivas Bagarka Road", "condition": "WATCH", "color": "#eab308", "score": 64}, "geometry": {"type": "Point", "coordinates": [72.864693, 19.108565]}}, {"type": "Feature", "id": "obs-ANDHERI-SEG-245-4", "properties": {"roadId": "ANDHERI-SEG-245", "roadName": "Srinivas Bagarka Road", "condition": "POOR", "color": "#f97316", "score": 64}, "geometry": {"type": "Point", "coordinates": [72.864902, 19.108865]}}, {"type": "Feature", "id": "obs-ANDHERI-SEG-245-5", "properties": {"roadId": "ANDHERI-SEG-245", "roadName": "Srinivas Bagarka Road", "condition": "WATCH", "color": "#eab308", "score": 64}, "geometry": {"type": "Point", "coordinates": [72.865172, 19.109116]}}, {"type": "Feature", "id": "obs-ANDHERI-SEG-245-6", "properties": {"roadId": "ANDHERI-SEG-245", "roadName": "Srinivas Bagarka Road", "condition": "WATCH", "color": "#eab308", "score": 64}, "geometry": {"type": "Point", "coordinates": [72.86546, 19.109351]}}, {"type": "Feature", "id": "obs-ANDHERI-SEG-245-7", "properties": {"roadId": "ANDHERI-SEG-245", "roadName": "Srinivas Bagarka Road", "condition": "WATCH", "color": "#eab308", "score": 64}, "geometry": {"type": "Point", "coordinates": [72.865729, 19.109605]}}, {"type": "Feature", "id": "obs-ANDHERI-SEG-245-8", "properties": {"roadId": "ANDHERI-SEG-245", "roadName": "Srinivas Bagarka Road", "condition": "POOR", "color": "#f97316", "score": 64}, "geometry": {"type": "Point", "coordinates": [72.865949, 19.109898]}}, {"type": "Feature", "id": "obs-ANDHERI-SEG-245-9", "properties": {"roadId": "ANDHERI-SEG-245", "roadName": "Srinivas Bagarka Road", "condition": "WATCH", "color": "#eab308", "score": 64}, "geometry": {"type": "Point", "coordinates": [72.866163, 19.110196]}}, {"type": "Feature", "id": "obs-ANDHERI-SEG-245-10", "properties": {"roadId": "ANDHERI-SEG-245", "roadName": "Srinivas Bagarka Road", "condition": "WATCH", "color": "#eab308", "score": 64}, "geometry": {"type": "Point", "coordinates": [72.866399, 19.110477]}}, {"type": "Feature", "id": "obs-ANDHERI-SEG-245-11", "properties": {"roadId": "ANDHERI-SEG-245", "roadName": "Srinivas Bagarka Road", "condition": "WATCH", "color": "#eab308", "score": 64}, "geometry": {"type": "Point", "coordinates": [72.8664928, 19.1105757]}}, {"type": "Feature", "id": "obs-ANDHERI-SEG-246-0", "properties": {"roadId": "ANDHERI-SEG-246", "roadName": "Mathuradas Vasanji Road (Andheri Kurla Road)", "condition": "CRITICAL", "color": "#ef4444", "score": 46}, "geometry": {"type": "Point", "coordinates": [72.8695186, 19.1114272]}}, {"type": "Feature", "id": "obs-ANDHERI-SEG-246-1", "properties": {"roadId": "ANDHERI-SEG-246", "roadName": "Mathuradas Vasanji Road (Andheri Kurla Road)", "condition": "POOR", "color": "#f97316", "score": 46}, "geometry": {"type": "Point", "coordinates": [72.869152, 19.111526]}}, {"type": "Feature", "id": "obs-ANDHERI-SEG-246-2", "properties": {"roadId": "ANDHERI-SEG-246", "roadName": "Mathuradas Vasanji Road (Andheri Kurla Road)", "condition": "POOR", "color": "#f97316", "score": 46}, "geometry": {"type": "Point", "coordinates": [72.868788, 19.111629]}}, {"type": "Feature", "id": "obs-ANDHERI-SEG-246-3", "properties": {"roadId": "ANDHERI-SEG-246", "roadName": "Mathuradas Vasanji Road (Andheri Kurla Road)", "condition": "CRITICAL", "color": "#ef4444", "score": 46}, "geometry": {"type": "Point", "coordinates": [72.86842, 19.111721]}}, {"type": "Feature", "id": "obs-ANDHERI-SEG-246-4", "properties": {"roadId": "ANDHERI-SEG-246", "roadName": "Mathuradas Vasanji Road (Andheri Kurla Road)", "condition": "POOR", "color": "#f97316", "score": 46}, "geometry": {"type": "Point", "coordinates": [72.868052, 19.111813]}}, {"type": "Feature", "id": "obs-ANDHERI-SEG-246-5", "properties": {"roadId": "ANDHERI-SEG-246", "roadName": "Mathuradas Vasanji Road (Andheri Kurla Road)", "condition": "POOR", "color": "#f97316", "score": 46}, "geometry": {"type": "Point", "coordinates": [72.867684, 19.111908]}}, {"type": "Feature", "id": "obs-ANDHERI-SEG-246-6", "properties": {"roadId": "ANDHERI-SEG-246", "roadName": "Mathuradas Vasanji Road (Andheri Kurla Road)", "condition": "CRITICAL", "color": "#ef4444", "score": 46}, "geometry": {"type": "Point", "coordinates": [72.86732, 19.112011]}}, {"type": "Feature", "id": "obs-ANDHERI-SEG-246-7", "properties": {"roadId": "ANDHERI-SEG-246", "roadName": "Mathuradas Vasanji Road (Andheri Kurla Road)", "condition": "POOR", "color": "#f97316", "score": 46}, "geometry": {"type": "Point", "coordinates": [72.866955, 19.112114]}}, {"type": "Feature", "id": "obs-ANDHERI-SEG-246-8", "properties": {"roadId": "ANDHERI-SEG-246", "roadName": "Mathuradas Vasanji Road (Andheri Kurla Road)", "condition": "POOR", "color": "#f97316", "score": 46}, "geometry": {"type": "Point", "coordinates": [72.8668721, 19.1121369]}}, {"type": "Feature", "id": "obs-ANDHERI-SEG-247-0", "properties": {"roadId": "ANDHERI-SEG-247", "roadName": "Mathuradas Vasanji Road (Andheri Kurla Road)", "condition": "HEALTHY", "color": "#10b981", "score": 85}, "geometry": {"type": "Point", "coordinates": [72.8695786, 19.1114111]}}, {"type": "Feature", "id": "obs-ANDHERI-SEG-247-1", "properties": {"roadId": "ANDHERI-SEG-247", "roadName": "Mathuradas Vasanji Road (Andheri Kurla Road)", "condition": "HEALTHY", "color": "#10b981", "score": 85}, "geometry": {"type": "Point", "coordinates": [72.8695186, 19.1114272]}}, {"type": "Feature", "id": "obs-ANDHERI-SEG-248-0", "properties": {"roadId": "ANDHERI-SEG-248", "roadName": "Sahar Road", "condition": "POOR", "color": "#f97316", "score": 71}, "geometry": {"type": "Point", "coordinates": [72.8481897, 19.1185375]}}, {"type": "Feature", "id": "obs-ANDHERI-SEG-248-1", "properties": {"roadId": "ANDHERI-SEG-248", "roadName": "Sahar Road", "condition": "WATCH", "color": "#eab308", "score": 71}, "geometry": {"type": "Point", "coordinates": [72.848131, 19.118182]}}, {"type": "Feature", "id": "obs-ANDHERI-SEG-248-2", "properties": {"roadId": "ANDHERI-SEG-248", "roadName": "Sahar Road", "condition": "WATCH", "color": "#eab308", "score": 71}, "geometry": {"type": "Point", "coordinates": [72.848075, 19.117826]}}, {"type": "Feature", "id": "obs-ANDHERI-SEG-248-3", "properties": {"roadId": "ANDHERI-SEG-248", "roadName": "Sahar Road", "condition": "WATCH", "color": "#eab308", "score": 71}, "geometry": {"type": "Point", "coordinates": [72.848019, 19.11747]}}, {"type": "Feature", "id": "obs-ANDHERI-SEG-248-4", "properties": {"roadId": "ANDHERI-SEG-248", "roadName": "Sahar Road", "condition": "POOR", "color": "#f97316", "score": 71}, "geometry": {"type": "Point", "coordinates": [72.847963, 19.117115]}}, {"type": "Feature", "id": "obs-ANDHERI-SEG-248-5", "properties": {"roadId": "ANDHERI-SEG-248", "roadName": "Sahar Road", "condition": "WATCH", "color": "#eab308", "score": 71}, "geometry": {"type": "Point", "coordinates": [72.8479, 19.11676]}}, {"type": "Feature", "id": "obs-ANDHERI-SEG-248-6", "properties": {"roadId": "ANDHERI-SEG-248", "roadName": "Sahar Road", "condition": "WATCH", "color": "#eab308", "score": 71}, "geometry": {"type": "Point", "coordinates": [72.84779, 19.116416]}}, {"type": "Feature", "id": "obs-ANDHERI-SEG-248-7", "properties": {"roadId": "ANDHERI-SEG-248", "roadName": "Sahar Road", "condition": "WATCH", "color": "#eab308", "score": 71}, "geometry": {"type": "Point", "coordinates": [72.847662, 19.116077]}}, {"type": "Feature", "id": "obs-ANDHERI-SEG-248-8", "properties": {"roadId": "ANDHERI-SEG-248", "roadName": "Sahar Road", "condition": "POOR", "color": "#f97316", "score": 71}, "geometry": {"type": "Point", "coordinates": [72.847529, 19.11574]}}, {"type": "Feature", "id": "obs-ANDHERI-SEG-248-9", "properties": {"roadId": "ANDHERI-SEG-248", "roadName": "Sahar Road", "condition": "WATCH", "color": "#eab308", "score": 71}, "geometry": {"type": "Point", "coordinates": [72.847413, 19.115399]}}, {"type": "Feature", "id": "obs-ANDHERI-SEG-248-10", "properties": {"roadId": "ANDHERI-SEG-248", "roadName": "Sahar Road", "condition": "WATCH", "color": "#eab308", "score": 71}, "geometry": {"type": "Point", "coordinates": [72.84739, 19.115041]}}, {"type": "Feature", "id": "obs-ANDHERI-SEG-248-11", "properties": {"roadId": "ANDHERI-SEG-248", "roadName": "Sahar Road", "condition": "WATCH", "color": "#eab308", "score": 71}, "geometry": {"type": "Point", "coordinates": [72.8474152, 19.1147923]}}, {"type": "Feature", "id": "obs-ANDHERI-SEG-249-0", "properties": {"roadId": "ANDHERI-SEG-249", "roadName": "Mathuradas Vasanji Road", "condition": "CRITICAL", "color": "#ef4444", "score": 29}, "geometry": {"type": "Point", "coordinates": [72.8578353, 19.1151004]}}, {"type": "Feature", "id": "obs-ANDHERI-SEG-249-1", "properties": {"roadId": "ANDHERI-SEG-249", "roadName": "Mathuradas Vasanji Road", "condition": "CRITICAL", "color": "#ef4444", "score": 29}, "geometry": {"type": "Point", "coordinates": [72.858206, 19.11502]}}, {"type": "Feature", "id": "obs-ANDHERI-SEG-249-2", "properties": {"roadId": "ANDHERI-SEG-249", "roadName": "Mathuradas Vasanji Road", "condition": "CRITICAL", "color": "#ef4444", "score": 29}, "geometry": {"type": "Point", "coordinates": [72.858578, 19.114941]}}, {"type": "Feature", "id": "obs-ANDHERI-SEG-249-3", "properties": {"roadId": "ANDHERI-SEG-249", "roadName": "Mathuradas Vasanji Road", "condition": "CRITICAL", "color": "#ef4444", "score": 29}, "geometry": {"type": "Point", "coordinates": [72.858955, 19.11489]}}, {"type": "Feature", "id": "obs-ANDHERI-SEG-249-4", "properties": {"roadId": "ANDHERI-SEG-249", "roadName": "Mathuradas Vasanji Road", "condition": "CRITICAL", "color": "#ef4444", "score": 29}, "geometry": {"type": "Point", "coordinates": [72.859333, 19.114852]}}, {"type": "Feature", "id": "obs-ANDHERI-SEG-249-5", "properties": {"roadId": "ANDHERI-SEG-249", "roadName": "Mathuradas Vasanji Road", "condition": "CRITICAL", "color": "#ef4444", "score": 29}, "geometry": {"type": "Point", "coordinates": [72.8593649, 19.1148492]}}, {"type": "Feature", "id": "obs-ANDHERI-SEG-250-0", "properties": {"roadId": "ANDHERI-SEG-250", "roadName": "Tertiary (1138318225)", "condition": "CRITICAL", "color": "#ef4444", "score": 42}, "geometry": {"type": "Point", "coordinates": [72.855853, 19.1195742]}}, {"type": "Feature", "id": "obs-ANDHERI-SEG-250-1", "properties": {"roadId": "ANDHERI-SEG-250", "roadName": "Tertiary (1138318225)", "condition": "POOR", "color": "#f97316", "score": 42}, "geometry": {"type": "Point", "coordinates": [72.85578, 19.119221]}}, {"type": "Feature", "id": "obs-ANDHERI-SEG-250-2", "properties": {"roadId": "ANDHERI-SEG-250", "roadName": "Tertiary (1138318225)", "condition": "POOR", "color": "#f97316", "score": 42}, "geometry": {"type": "Point", "coordinates": [72.855715, 19.118867]}}, {"type": "Feature", "id": "obs-ANDHERI-SEG-250-3", "properties": {"roadId": "ANDHERI-SEG-250", "roadName": "Tertiary (1138318225)", "condition": "CRITICAL", "color": "#ef4444", "score": 42}, "geometry": {"type": "Point", "coordinates": [72.855651, 19.118512]}}, {"type": "Feature", "id": "obs-ANDHERI-SEG-250-4", "properties": {"roadId": "ANDHERI-SEG-250", "roadName": "Tertiary (1138318225)", "condition": "POOR", "color": "#f97316", "score": 42}, "geometry": {"type": "Point", "coordinates": [72.85559, 19.118157]}}, {"type": "Feature", "id": "obs-ANDHERI-SEG-250-5", "properties": {"roadId": "ANDHERI-SEG-250", "roadName": "Tertiary (1138318225)", "condition": "POOR", "color": "#f97316", "score": 42}, "geometry": {"type": "Point", "coordinates": [72.855533, 19.117801]}}, {"type": "Feature", "id": "obs-ANDHERI-SEG-250-6", "properties": {"roadId": "ANDHERI-SEG-250", "roadName": "Tertiary (1138318225)", "condition": "CRITICAL", "color": "#ef4444", "score": 42}, "geometry": {"type": "Point", "coordinates": [72.855476, 19.117446]}}, {"type": "Feature", "id": "obs-ANDHERI-SEG-250-7", "properties": {"roadId": "ANDHERI-SEG-250", "roadName": "Tertiary (1138318225)", "condition": "POOR", "color": "#f97316", "score": 42}, "geometry": {"type": "Point", "coordinates": [72.855418, 19.11709]}}, {"type": "Feature", "id": "obs-ANDHERI-SEG-250-8", "properties": {"roadId": "ANDHERI-SEG-250", "roadName": "Tertiary (1138318225)", "condition": "POOR", "color": "#f97316", "score": 42}, "geometry": {"type": "Point", "coordinates": [72.855375, 19.1168216]}}, {"type": "Feature", "id": "obs-ANDHERI-SEG-251-0", "properties": {"roadId": "ANDHERI-SEG-251", "roadName": "Tertiary (1138318226)", "condition": "HEALTHY", "color": "#10b981", "score": 79}, "geometry": {"type": "Point", "coordinates": [72.8552875, 19.1163802]}}, {"type": "Feature", "id": "obs-ANDHERI-SEG-251-1", "properties": {"roadId": "ANDHERI-SEG-251", "roadName": "Tertiary (1138318226)", "condition": "HEALTHY", "color": "#10b981", "score": 79}, "geometry": {"type": "Point", "coordinates": [72.855256, 19.116022]}}, {"type": "Feature", "id": "obs-ANDHERI-SEG-251-2", "properties": {"roadId": "ANDHERI-SEG-251", "roadName": "Tertiary (1138318226)", "condition": "HEALTHY", "color": "#10b981", "score": 79}, "geometry": {"type": "Point", "coordinates": [72.855212, 19.115664]}}, {"type": "Feature", "id": "obs-ANDHERI-SEG-251-3", "properties": {"roadId": "ANDHERI-SEG-251", "roadName": "Tertiary (1138318226)", "condition": "HEALTHY", "color": "#10b981", "score": 79}, "geometry": {"type": "Point", "coordinates": [72.855162, 19.115308]}}, {"type": "Feature", "id": "obs-ANDHERI-SEG-251-4", "properties": {"roadId": "ANDHERI-SEG-251", "roadName": "Tertiary (1138318226)", "condition": "HEALTHY", "color": "#10b981", "score": 79}, "geometry": {"type": "Point", "coordinates": [72.855111, 19.114951]}}, {"type": "Feature", "id": "obs-ANDHERI-SEG-251-5", "properties": {"roadId": "ANDHERI-SEG-251", "roadName": "Tertiary (1138318226)", "condition": "HEALTHY", "color": "#10b981", "score": 79}, "geometry": {"type": "Point", "coordinates": [72.855059, 19.114595]}}, {"type": "Feature", "id": "obs-ANDHERI-SEG-251-6", "properties": {"roadId": "ANDHERI-SEG-251", "roadName": "Tertiary (1138318226)", "condition": "HEALTHY", "color": "#10b981", "score": 79}, "geometry": {"type": "Point", "coordinates": [72.8550484, 19.1145253]}}, {"type": "Feature", "id": "obs-ANDHERI-SEG-252-0", "properties": {"roadId": "ANDHERI-SEG-252", "roadName": "Mathuradas Vasanji Road (Andheri Kurla Road)", "condition": "POOR", "color": "#f97316", "score": 65}, "geometry": {"type": "Point", "coordinates": [72.876062, 19.1093164]}}, {"type": "Feature", "id": "obs-ANDHERI-SEG-252-1", "properties": {"roadId": "ANDHERI-SEG-252", "roadName": "Mathuradas Vasanji Road (Andheri Kurla Road)", "condition": "WATCH", "color": "#eab308", "score": 65}, "geometry": {"type": "Point", "coordinates": [72.875709, 19.109451]}}, {"type": "Feature", "id": "obs-ANDHERI-SEG-252-2", "properties": {"roadId": "ANDHERI-SEG-252", "roadName": "Mathuradas Vasanji Road (Andheri Kurla Road)", "condition": "WATCH", "color": "#eab308", "score": 65}, "geometry": {"type": "Point", "coordinates": [72.875356, 19.109585]}}, {"type": "Feature", "id": "obs-ANDHERI-SEG-252-3", "properties": {"roadId": "ANDHERI-SEG-252", "roadName": "Mathuradas Vasanji Road (Andheri Kurla Road)", "condition": "WATCH", "color": "#eab308", "score": 65}, "geometry": {"type": "Point", "coordinates": [72.875002, 19.109719]}}, {"type": "Feature", "id": "obs-ANDHERI-SEG-252-4", "properties": {"roadId": "ANDHERI-SEG-252", "roadName": "Mathuradas Vasanji Road (Andheri Kurla Road)", "condition": "POOR", "color": "#f97316", "score": 65}, "geometry": {"type": "Point", "coordinates": [72.874649, 19.109854]}}, {"type": "Feature", "id": "obs-ANDHERI-SEG-252-5", "properties": {"roadId": "ANDHERI-SEG-252", "roadName": "Mathuradas Vasanji Road (Andheri Kurla Road)", "condition": "WATCH", "color": "#eab308", "score": 65}, "geometry": {"type": "Point", "coordinates": [72.874298, 19.109991]}}, {"type": "Feature", "id": "obs-ANDHERI-SEG-252-6", "properties": {"roadId": "ANDHERI-SEG-252", "roadName": "Mathuradas Vasanji Road (Andheri Kurla Road)", "condition": "WATCH", "color": "#eab308", "score": 65}, "geometry": {"type": "Point", "coordinates": [72.873943, 19.110123]}}, {"type": "Feature", "id": "obs-ANDHERI-SEG-252-7", "properties": {"roadId": "ANDHERI-SEG-252", "roadName": "Mathuradas Vasanji Road (Andheri Kurla Road)", "condition": "WATCH", "color": "#eab308", "score": 65}, "geometry": {"type": "Point", "coordinates": [72.873589, 19.110255]}}, {"type": "Feature", "id": "obs-ANDHERI-SEG-252-8", "properties": {"roadId": "ANDHERI-SEG-252", "roadName": "Mathuradas Vasanji Road (Andheri Kurla Road)", "condition": "POOR", "color": "#f97316", "score": 65}, "geometry": {"type": "Point", "coordinates": [72.873231, 19.110376]}}, {"type": "Feature", "id": "obs-ANDHERI-SEG-252-9", "properties": {"roadId": "ANDHERI-SEG-252", "roadName": "Mathuradas Vasanji Road (Andheri Kurla Road)", "condition": "WATCH", "color": "#eab308", "score": 65}, "geometry": {"type": "Point", "coordinates": [72.872871, 19.110495]}}, {"type": "Feature", "id": "obs-ANDHERI-SEG-252-10", "properties": {"roadId": "ANDHERI-SEG-252", "roadName": "Mathuradas Vasanji Road (Andheri Kurla Road)", "condition": "WATCH", "color": "#eab308", "score": 65}, "geometry": {"type": "Point", "coordinates": [72.87251, 19.110609]}}, {"type": "Feature", "id": "obs-ANDHERI-SEG-252-11", "properties": {"roadId": "ANDHERI-SEG-252", "roadName": "Mathuradas Vasanji Road (Andheri Kurla Road)", "condition": "WATCH", "color": "#eab308", "score": 65}, "geometry": {"type": "Point", "coordinates": [72.872146, 19.110715]}}, {"type": "Feature", "id": "obs-ANDHERI-SEG-252-12", "properties": {"roadId": "ANDHERI-SEG-252", "roadName": "Mathuradas Vasanji Road (Andheri Kurla Road)", "condition": "POOR", "color": "#f97316", "score": 65}, "geometry": {"type": "Point", "coordinates": [72.871782, 19.110818]}}, {"type": "Feature", "id": "obs-ANDHERI-SEG-252-13", "properties": {"roadId": "ANDHERI-SEG-252", "roadName": "Mathuradas Vasanji Road (Andheri Kurla Road)", "condition": "WATCH", "color": "#eab308", "score": 65}, "geometry": {"type": "Point", "coordinates": [72.871416, 19.110919]}}, {"type": "Feature", "id": "obs-ANDHERI-SEG-252-14", "properties": {"roadId": "ANDHERI-SEG-252", "roadName": "Mathuradas Vasanji Road (Andheri Kurla Road)", "condition": "WATCH", "color": "#eab308", "score": 65}, "geometry": {"type": "Point", "coordinates": [72.871049, 19.111014]}}, {"type": "Feature", "id": "obs-ANDHERI-SEG-252-15", "properties": {"roadId": "ANDHERI-SEG-252", "roadName": "Mathuradas Vasanji Road (Andheri Kurla Road)", "condition": "WATCH", "color": "#eab308", "score": 65}, "geometry": {"type": "Point", "coordinates": [72.870682, 19.111108]}}, {"type": "Feature", "id": "obs-ANDHERI-SEG-252-16", "properties": {"roadId": "ANDHERI-SEG-252", "roadName": "Mathuradas Vasanji Road (Andheri Kurla Road)", "condition": "POOR", "color": "#f97316", "score": 65}, "geometry": {"type": "Point", "coordinates": [72.870317, 19.11121]}}, {"type": "Feature", "id": "obs-ANDHERI-SEG-252-17", "properties": {"roadId": "ANDHERI-SEG-252", "roadName": "Mathuradas Vasanji Road (Andheri Kurla Road)", "condition": "WATCH", "color": "#eab308", "score": 65}, "geometry": {"type": "Point", "coordinates": [72.869951, 19.111311]}}, {"type": "Feature", "id": "obs-ANDHERI-SEG-252-18", "properties": {"roadId": "ANDHERI-SEG-252", "roadName": "Mathuradas Vasanji Road (Andheri Kurla Road)", "condition": "WATCH", "color": "#eab308", "score": 65}, "geometry": {"type": "Point", "coordinates": [72.869585, 19.111409]}}, {"type": "Feature", "id": "obs-ANDHERI-SEG-252-19", "properties": {"roadId": "ANDHERI-SEG-252", "roadName": "Mathuradas Vasanji Road (Andheri Kurla Road)", "condition": "WATCH", "color": "#eab308", "score": 65}, "geometry": {"type": "Point", "coordinates": [72.8695786, 19.1114111]}}, {"type": "Feature", "id": "obs-ANDHERI-SEG-253-0", "properties": {"roadId": "ANDHERI-SEG-253", "roadName": "Service Road", "condition": "HEALTHY", "color": "#10b981", "score": 88}, "geometry": {"type": "Point", "coordinates": [72.8544811, 19.113344]}}, {"type": "Feature", "id": "obs-ANDHERI-SEG-253-1", "properties": {"roadId": "ANDHERI-SEG-253", "roadName": "Service Road", "condition": "HEALTHY", "color": "#10b981", "score": 88}, "geometry": {"type": "Point", "coordinates": [72.854541, 19.113699]}}, {"type": "Feature", "id": "obs-ANDHERI-SEG-253-2", "properties": {"roadId": "ANDHERI-SEG-253", "roadName": "Service Road", "condition": "HEALTHY", "color": "#10b981", "score": 88}, "geometry": {"type": "Point", "coordinates": [72.8546, 19.114055]}}, {"type": "Feature", "id": "obs-ANDHERI-SEG-253-3", "properties": {"roadId": "ANDHERI-SEG-253", "roadName": "Service Road", "condition": "HEALTHY", "color": "#10b981", "score": 88}, "geometry": {"type": "Point", "coordinates": [72.854658, 19.11441]}}, {"type": "Feature", "id": "obs-ANDHERI-SEG-253-4", "properties": {"roadId": "ANDHERI-SEG-253", "roadName": "Service Road", "condition": "HEALTHY", "color": "#10b981", "score": 88}, "geometry": {"type": "Point", "coordinates": [72.854715, 19.114766]}}, {"type": "Feature", "id": "obs-ANDHERI-SEG-253-5", "properties": {"roadId": "ANDHERI-SEG-253", "roadName": "Service Road", "condition": "HEALTHY", "color": "#10b981", "score": 88}, "geometry": {"type": "Point", "coordinates": [72.854772, 19.115121]}}, {"type": "Feature", "id": "obs-ANDHERI-SEG-253-6", "properties": {"roadId": "ANDHERI-SEG-253", "roadName": "Service Road", "condition": "HEALTHY", "color": "#10b981", "score": 88}, "geometry": {"type": "Point", "coordinates": [72.854829, 19.115477]}}, {"type": "Feature", "id": "obs-ANDHERI-SEG-253-7", "properties": {"roadId": "ANDHERI-SEG-253", "roadName": "Service Road", "condition": "HEALTHY", "color": "#10b981", "score": 88}, "geometry": {"type": "Point", "coordinates": [72.854886, 19.115833]}}, {"type": "Feature", "id": "obs-ANDHERI-SEG-253-8", "properties": {"roadId": "ANDHERI-SEG-253", "roadName": "Service Road", "condition": "HEALTHY", "color": "#10b981", "score": 88}, "geometry": {"type": "Point", "coordinates": [72.854943, 19.116188]}}, {"type": "Feature", "id": "obs-ANDHERI-SEG-253-9", "properties": {"roadId": "ANDHERI-SEG-253", "roadName": "Service Road", "condition": "HEALTHY", "color": "#10b981", "score": 88}, "geometry": {"type": "Point", "coordinates": [72.854972, 19.116547]}}, {"type": "Feature", "id": "obs-ANDHERI-SEG-253-10", "properties": {"roadId": "ANDHERI-SEG-253", "roadName": "Service Road", "condition": "HEALTHY", "color": "#10b981", "score": 88}, "geometry": {"type": "Point", "coordinates": [72.8549743, 19.116572]}}, {"type": "Feature", "id": "obs-ANDHERI-SEG-254-0", "properties": {"roadId": "ANDHERI-SEG-254", "roadName": "Mahakali Caves Road", "condition": "HEALTHY", "color": "#10b981", "score": 82}, "geometry": {"type": "Point", "coordinates": [72.860099, 19.114917]}}, {"type": "Feature", "id": "obs-ANDHERI-SEG-254-1", "properties": {"roadId": "ANDHERI-SEG-254", "roadName": "Mahakali Caves Road", "condition": "HEALTHY", "color": "#10b981", "score": 82}, "geometry": {"type": "Point", "coordinates": [72.860268, 19.115236]}}, {"type": "Feature", "id": "obs-ANDHERI-SEG-254-2", "properties": {"roadId": "ANDHERI-SEG-254", "roadName": "Mahakali Caves Road", "condition": "HEALTHY", "color": "#10b981", "score": 82}, "geometry": {"type": "Point", "coordinates": [72.860541, 19.115482]}}, {"type": "Feature", "id": "obs-ANDHERI-SEG-254-3", "properties": {"roadId": "ANDHERI-SEG-254", "roadName": "Mahakali Caves Road", "condition": "HEALTHY", "color": "#10b981", "score": 82}, "geometry": {"type": "Point", "coordinates": [72.860853, 19.115688]}}, {"type": "Feature", "id": "obs-ANDHERI-SEG-254-4", "properties": {"roadId": "ANDHERI-SEG-254", "roadName": "Mahakali Caves Road", "condition": "HEALTHY", "color": "#10b981", "score": 82}, "geometry": {"type": "Point", "coordinates": [72.861179, 19.115873]}}, {"type": "Feature", "id": "obs-ANDHERI-SEG-254-5", "properties": {"roadId": "ANDHERI-SEG-254", "roadName": "Mahakali Caves Road", "condition": "HEALTHY", "color": "#10b981", "score": 82}, "geometry": {"type": "Point", "coordinates": [72.861508, 19.116055]}}, {"type": "Feature", "id": "obs-ANDHERI-SEG-254-6", "properties": {"roadId": "ANDHERI-SEG-254", "roadName": "Mahakali Caves Road", "condition": "HEALTHY", "color": "#10b981", "score": 82}, "geometry": {"type": "Point", "coordinates": [72.861835, 19.11624]}}, {"type": "Feature", "id": "obs-ANDHERI-SEG-254-7", "properties": {"roadId": "ANDHERI-SEG-254", "roadName": "Mahakali Caves Road", "condition": "HEALTHY", "color": "#10b981", "score": 82}, "geometry": {"type": "Point", "coordinates": [72.862148, 19.116442]}}, {"type": "Feature", "id": "obs-ANDHERI-SEG-254-8", "properties": {"roadId": "ANDHERI-SEG-254", "roadName": "Mahakali Caves Road", "condition": "HEALTHY", "color": "#10b981", "score": 82}, "geometry": {"type": "Point", "coordinates": [72.862399, 19.116711]}}, {"type": "Feature", "id": "obs-ANDHERI-SEG-254-9", "properties": {"roadId": "ANDHERI-SEG-254", "roadName": "Mahakali Caves Road", "condition": "HEALTHY", "color": "#10b981", "score": 82}, "geometry": {"type": "Point", "coordinates": [72.862619, 19.117004]}}, {"type": "Feature", "id": "obs-ANDHERI-SEG-254-10", "properties": {"roadId": "ANDHERI-SEG-254", "roadName": "Mahakali Caves Road", "condition": "HEALTHY", "color": "#10b981", "score": 82}, "geometry": {"type": "Point", "coordinates": [72.862801, 19.11732]}}, {"type": "Feature", "id": "obs-ANDHERI-SEG-254-11", "properties": {"roadId": "ANDHERI-SEG-254", "roadName": "Mahakali Caves Road", "condition": "HEALTHY", "color": "#10b981", "score": 82}, "geometry": {"type": "Point", "coordinates": [72.862981, 19.117637]}}, {"type": "Feature", "id": "obs-ANDHERI-SEG-254-12", "properties": {"roadId": "ANDHERI-SEG-254", "roadName": "Mahakali Caves Road", "condition": "HEALTHY", "color": "#10b981", "score": 82}, "geometry": {"type": "Point", "coordinates": [72.863143, 19.117963]}}, {"type": "Feature", "id": "obs-ANDHERI-SEG-254-13", "properties": {"roadId": "ANDHERI-SEG-254", "roadName": "Mahakali Caves Road", "condition": "HEALTHY", "color": "#10b981", "score": 82}, "geometry": {"type": "Point", "coordinates": [72.8632135, 19.1180311]}}, {"type": "Feature", "id": "obs-ANDHERI-SEG-255-0", "properties": {"roadId": "ANDHERI-SEG-255", "roadName": "Mathuradas Vasanji Road", "condition": "POOR", "color": "#f97316", "score": 68}, "geometry": {"type": "Point", "coordinates": [72.8546986, 19.1167355]}}, {"type": "Feature", "id": "obs-ANDHERI-SEG-255-1", "properties": {"roadId": "ANDHERI-SEG-255", "roadName": "Mathuradas Vasanji Road", "condition": "WATCH", "color": "#eab308", "score": 68}, "geometry": {"type": "Point", "coordinates": [72.854376, 19.116927]}}, {"type": "Feature", "id": "obs-ANDHERI-SEG-255-2", "properties": {"roadId": "ANDHERI-SEG-255", "roadName": "Mathuradas Vasanji Road", "condition": "WATCH", "color": "#eab308", "score": 68}, "geometry": {"type": "Point", "coordinates": [72.854054, 19.117118]}}, {"type": "Feature", "id": "obs-ANDHERI-SEG-255-3", "properties": {"roadId": "ANDHERI-SEG-255", "roadName": "Mathuradas Vasanji Road", "condition": "WATCH", "color": "#eab308", "score": 68}, "geometry": {"type": "Point", "coordinates": [72.853731, 19.117309]}}, {"type": "Feature", "id": "obs-ANDHERI-SEG-255-4", "properties": {"roadId": "ANDHERI-SEG-255", "roadName": "Mathuradas Vasanji Road", "condition": "POOR", "color": "#f97316", "score": 68}, "geometry": {"type": "Point", "coordinates": [72.853409, 19.117501]}}, {"type": "Feature", "id": "obs-ANDHERI-SEG-255-5", "properties": {"roadId": "ANDHERI-SEG-255", "roadName": "Mathuradas Vasanji Road", "condition": "WATCH", "color": "#eab308", "score": 68}, "geometry": {"type": "Point", "coordinates": [72.853082, 19.117685]}}, {"type": "Feature", "id": "obs-ANDHERI-SEG-255-6", "properties": {"roadId": "ANDHERI-SEG-255", "roadName": "Mathuradas Vasanji Road", "condition": "WATCH", "color": "#eab308", "score": 68}, "geometry": {"type": "Point", "coordinates": [72.852755, 19.117869]}}, {"type": "Feature", "id": "obs-ANDHERI-SEG-255-7", "properties": {"roadId": "ANDHERI-SEG-255", "roadName": "Mathuradas Vasanji Road", "condition": "WATCH", "color": "#eab308", "score": 68}, "geometry": {"type": "Point", "coordinates": [72.852431, 19.118057]}}, {"type": "Feature", "id": "obs-ANDHERI-SEG-255-8", "properties": {"roadId": "ANDHERI-SEG-255", "roadName": "Mathuradas Vasanji Road", "condition": "POOR", "color": "#f97316", "score": 68}, "geometry": {"type": "Point", "coordinates": [72.852114, 19.118258]}}, {"type": "Feature", "id": "obs-ANDHERI-SEG-255-9", "properties": {"roadId": "ANDHERI-SEG-255", "roadName": "Mathuradas Vasanji Road", "condition": "WATCH", "color": "#eab308", "score": 68}, "geometry": {"type": "Point", "coordinates": [72.851798, 19.118458]}}, {"type": "Feature", "id": "obs-ANDHERI-SEG-255-10", "properties": {"roadId": "ANDHERI-SEG-255", "roadName": "Mathuradas Vasanji Road", "condition": "WATCH", "color": "#eab308", "score": 68}, "geometry": {"type": "Point", "coordinates": [72.851482, 19.118658]}}, {"type": "Feature", "id": "obs-ANDHERI-SEG-255-11", "properties": {"roadId": "ANDHERI-SEG-255", "roadName": "Mathuradas Vasanji Road", "condition": "WATCH", "color": "#eab308", "score": 68}, "geometry": {"type": "Point", "coordinates": [72.851167, 19.11886]}}, {"type": "Feature", "id": "obs-ANDHERI-SEG-255-12", "properties": {"roadId": "ANDHERI-SEG-255", "roadName": "Mathuradas Vasanji Road", "condition": "POOR", "color": "#f97316", "score": 68}, "geometry": {"type": "Point", "coordinates": [72.850851, 19.119061]}}, {"type": "Feature", "id": "obs-ANDHERI-SEG-255-13", "properties": {"roadId": "ANDHERI-SEG-255", "roadName": "Mathuradas Vasanji Road", "condition": "WATCH", "color": "#eab308", "score": 68}, "geometry": {"type": "Point", "coordinates": [72.850533, 19.119259]}}, {"type": "Feature", "id": "obs-ANDHERI-SEG-255-14", "properties": {"roadId": "ANDHERI-SEG-255", "roadName": "Mathuradas Vasanji Road", "condition": "WATCH", "color": "#eab308", "score": 68}, "geometry": {"type": "Point", "coordinates": [72.850216, 19.119458]}}, {"type": "Feature", "id": "obs-ANDHERI-SEG-255-15", "properties": {"roadId": "ANDHERI-SEG-255", "roadName": "Mathuradas Vasanji Road", "condition": "WATCH", "color": "#eab308", "score": 68}, "geometry": {"type": "Point", "coordinates": [72.8499, 19.119658]}}, {"type": "Feature", "id": "obs-ANDHERI-SEG-255-16", "properties": {"roadId": "ANDHERI-SEG-255", "roadName": "Mathuradas Vasanji Road", "condition": "POOR", "color": "#f97316", "score": 68}, "geometry": {"type": "Point", "coordinates": [72.849584, 19.119859]}}, {"type": "Feature", "id": "obs-ANDHERI-SEG-255-17", "properties": {"roadId": "ANDHERI-SEG-255", "roadName": "Mathuradas Vasanji Road", "condition": "WATCH", "color": "#eab308", "score": 68}, "geometry": {"type": "Point", "coordinates": [72.849272, 19.120066]}}, {"type": "Feature", "id": "obs-ANDHERI-SEG-255-18", "properties": {"roadId": "ANDHERI-SEG-255", "roadName": "Mathuradas Vasanji Road", "condition": "WATCH", "color": "#eab308", "score": 68}, "geometry": {"type": "Point", "coordinates": [72.8492117, 19.1201059]}}, {"type": "Feature", "id": "obs-ANDHERI-SEG-256-0", "properties": {"roadId": "ANDHERI-SEG-256", "roadName": "Mathuradas Vasanji Road", "condition": "HEALTHY", "color": "#10b981", "score": 91}, "geometry": {"type": "Point", "coordinates": [72.8553351, 19.1165769]}}, {"type": "Feature", "id": "obs-ANDHERI-SEG-256-1", "properties": {"roadId": "ANDHERI-SEG-256", "roadName": "Mathuradas Vasanji Road", "condition": "HEALTHY", "color": "#10b981", "score": 91}, "geometry": {"type": "Point", "coordinates": [72.855667, 19.116401]}}, {"type": "Feature", "id": "obs-ANDHERI-SEG-256-2", "properties": {"roadId": "ANDHERI-SEG-256", "roadName": "Mathuradas Vasanji Road", "condition": "HEALTHY", "color": "#10b981", "score": 91}, "geometry": {"type": "Point", "coordinates": [72.855996, 19.11622]}}, {"type": "Feature", "id": "obs-ANDHERI-SEG-256-3", "properties": {"roadId": "ANDHERI-SEG-256", "roadName": "Mathuradas Vasanji Road", "condition": "HEALTHY", "color": "#10b981", "score": 91}, "geometry": {"type": "Point", "coordinates": [72.856321, 19.116032]}}, {"type": "Feature", "id": "obs-ANDHERI-SEG-256-4", "properties": {"roadId": "ANDHERI-SEG-256", "roadName": "Mathuradas Vasanji Road", "condition": "HEALTHY", "color": "#10b981", "score": 91}, "geometry": {"type": "Point", "coordinates": [72.8565721, 19.115886]}}, {"type": "Feature", "id": "obs-ANDHERI-SEG-257-0", "properties": {"roadId": "ANDHERI-SEG-257", "roadName": "Service Road", "condition": "POOR", "color": "#f97316", "score": 64}, "geometry": {"type": "Point", "coordinates": [72.8550422, 19.1169725]}}, {"type": "Feature", "id": "obs-ANDHERI-SEG-257-1", "properties": {"roadId": "ANDHERI-SEG-257", "roadName": "Service Road", "condition": "WATCH", "color": "#eab308", "score": 64}, "geometry": {"type": "Point", "coordinates": [72.855094, 19.117329]}}, {"type": "Feature", "id": "obs-ANDHERI-SEG-257-2", "properties": {"roadId": "ANDHERI-SEG-257", "roadName": "Service Road", "condition": "WATCH", "color": "#eab308", "score": 64}, "geometry": {"type": "Point", "coordinates": [72.855145, 19.117685]}}, {"type": "Feature", "id": "obs-ANDHERI-SEG-257-3", "properties": {"roadId": "ANDHERI-SEG-257", "roadName": "Service Road", "condition": "WATCH", "color": "#eab308", "score": 64}, "geometry": {"type": "Point", "coordinates": [72.855199, 19.118041]}}, {"type": "Feature", "id": "obs-ANDHERI-SEG-257-4", "properties": {"roadId": "ANDHERI-SEG-257", "roadName": "Service Road", "condition": "POOR", "color": "#f97316", "score": 64}, "geometry": {"type": "Point", "coordinates": [72.855258, 19.118397]}}, {"type": "Feature", "id": "obs-ANDHERI-SEG-257-5", "properties": {"roadId": "ANDHERI-SEG-257", "roadName": "Service Road", "condition": "WATCH", "color": "#eab308", "score": 64}, "geometry": {"type": "Point", "coordinates": [72.855319, 19.118752]}}, {"type": "Feature", "id": "obs-ANDHERI-SEG-257-6", "properties": {"roadId": "ANDHERI-SEG-257", "roadName": "Service Road", "condition": "WATCH", "color": "#eab308", "score": 64}, "geometry": {"type": "Point", "coordinates": [72.855381, 19.119107]}}, {"type": "Feature", "id": "obs-ANDHERI-SEG-257-7", "properties": {"roadId": "ANDHERI-SEG-257", "roadName": "Service Road", "condition": "WATCH", "color": "#eab308", "score": 64}, "geometry": {"type": "Point", "coordinates": [72.8554132, 19.1192905]}}, {"type": "Feature", "id": "obs-ANDHERI-SEG-258-0", "properties": {"roadId": "ANDHERI-SEG-258", "roadName": "Swami Vivekanand Road", "condition": "CRITICAL", "color": "#ef4444", "score": 46}, "geometry": {"type": "Point", "coordinates": [72.8471231, 19.1276548]}}, {"type": "Feature", "id": "obs-ANDHERI-SEG-258-1", "properties": {"roadId": "ANDHERI-SEG-258", "roadName": "Swami Vivekanand Road", "condition": "POOR", "color": "#f97316", "score": 46}, "geometry": {"type": "Point", "coordinates": [72.847168, 19.128012]}}, {"type": "Feature", "id": "obs-ANDHERI-SEG-258-2", "properties": {"roadId": "ANDHERI-SEG-258", "roadName": "Swami Vivekanand Road", "condition": "POOR", "color": "#f97316", "score": 46}, "geometry": {"type": "Point", "coordinates": [72.8471955, 19.128259]}}, {"type": "Feature", "id": "obs-ANDHERI-SEG-259-0", "properties": {"roadId": "ANDHERI-SEG-259", "roadName": "Mathuradas Vasanji Road", "condition": "HEALTHY", "color": "#10b981", "score": 85}, "geometry": {"type": "Point", "coordinates": [72.8573472, 19.1154162]}}, {"type": "Feature", "id": "obs-ANDHERI-SEG-259-1", "properties": {"roadId": "ANDHERI-SEG-259", "roadName": "Mathuradas Vasanji Road", "condition": "HEALTHY", "color": "#10b981", "score": 85}, "geometry": {"type": "Point", "coordinates": [72.857699, 19.11528]}}, {"type": "Feature", "id": "obs-ANDHERI-SEG-259-2", "properties": {"roadId": "ANDHERI-SEG-259", "roadName": "Mathuradas Vasanji Road", "condition": "HEALTHY", "color": "#10b981", "score": 85}, "geometry": {"type": "Point", "coordinates": [72.858061, 19.11517]}}, {"type": "Feature", "id": "obs-ANDHERI-SEG-259-3", "properties": {"roadId": "ANDHERI-SEG-259", "roadName": "Mathuradas Vasanji Road", "condition": "HEALTHY", "color": "#10b981", "score": 85}, "geometry": {"type": "Point", "coordinates": [72.858433, 19.115097]}}, {"type": "Feature", "id": "obs-ANDHERI-SEG-259-4", "properties": {"roadId": "ANDHERI-SEG-259", "roadName": "Mathuradas Vasanji Road", "condition": "HEALTHY", "color": "#10b981", "score": 85}, "geometry": {"type": "Point", "coordinates": [72.858808, 19.115035]}}, {"type": "Feature", "id": "obs-ANDHERI-SEG-259-5", "properties": {"roadId": "ANDHERI-SEG-259", "roadName": "Mathuradas Vasanji Road", "condition": "HEALTHY", "color": "#10b981", "score": 85}, "geometry": {"type": "Point", "coordinates": [72.859186, 19.114991]}}, {"type": "Feature", "id": "obs-ANDHERI-SEG-259-6", "properties": {"roadId": "ANDHERI-SEG-259", "roadName": "Mathuradas Vasanji Road", "condition": "HEALTHY", "color": "#10b981", "score": 85}, "geometry": {"type": "Point", "coordinates": [72.8593826, 19.114976]}}, {"type": "Feature", "id": "obs-ANDHERI-SEG-260-0", "properties": {"roadId": "ANDHERI-SEG-260", "roadName": "Mathuradas Vasanji Road", "condition": "POOR", "color": "#f97316", "score": 71}, "geometry": {"type": "Point", "coordinates": [72.8554434, 19.1162908]}}, {"type": "Feature", "id": "obs-ANDHERI-SEG-260-1", "properties": {"roadId": "ANDHERI-SEG-260", "roadName": "Mathuradas Vasanji Road", "condition": "WATCH", "color": "#eab308", "score": 71}, "geometry": {"type": "Point", "coordinates": [72.855769, 19.116105]}}, {"type": "Feature", "id": "obs-ANDHERI-SEG-260-2", "properties": {"roadId": "ANDHERI-SEG-260", "roadName": "Mathuradas Vasanji Road", "condition": "WATCH", "color": "#eab308", "score": 71}, "geometry": {"type": "Point", "coordinates": [72.856089, 19.11591]}}, {"type": "Feature", "id": "obs-ANDHERI-SEG-260-3", "properties": {"roadId": "ANDHERI-SEG-260", "roadName": "Mathuradas Vasanji Road", "condition": "WATCH", "color": "#eab308", "score": 71}, "geometry": {"type": "Point", "coordinates": [72.856413, 19.115721]}}, {"type": "Feature", "id": "obs-ANDHERI-SEG-260-4", "properties": {"roadId": "ANDHERI-SEG-260", "roadName": "Mathuradas Vasanji Road", "condition": "POOR", "color": "#f97316", "score": 71}, "geometry": {"type": "Point", "coordinates": [72.856735, 19.115529]}}, {"type": "Feature", "id": "obs-ANDHERI-SEG-260-5", "properties": {"roadId": "ANDHERI-SEG-260", "roadName": "Mathuradas Vasanji Road", "condition": "WATCH", "color": "#eab308", "score": 71}, "geometry": {"type": "Point", "coordinates": [72.8570113, 19.1153632]}}, {"type": "Feature", "id": "obs-ANDHERI-SEG-261-0", "properties": {"roadId": "ANDHERI-SEG-261", "roadName": "Mathuradas Vasanji Road", "condition": "CRITICAL", "color": "#ef4444", "score": 29}, "geometry": {"type": "Point", "coordinates": [72.8572487, 19.1152864]}}, {"type": "Feature", "id": "obs-ANDHERI-SEG-261-1", "properties": {"roadId": "ANDHERI-SEG-261", "roadName": "Mathuradas Vasanji Road", "condition": "CRITICAL", "color": "#ef4444", "score": 29}, "geometry": {"type": "Point", "coordinates": [72.857609, 19.115171]}}, {"type": "Feature", "id": "obs-ANDHERI-SEG-261-2", "properties": {"roadId": "ANDHERI-SEG-261", "roadName": "Mathuradas Vasanji Road", "condition": "CRITICAL", "color": "#ef4444", "score": 29}, "geometry": {"type": "Point", "coordinates": [72.8578353, 19.1151004]}}, {"type": "Feature", "id": "obs-ANDHERI-SEG-262-0", "properties": {"roadId": "ANDHERI-SEG-262", "roadName": "Mathuradas Vasanji Road", "condition": "CRITICAL", "color": "#ef4444", "score": 42}, "geometry": {"type": "Point", "coordinates": [72.8565721, 19.115886]}}, {"type": "Feature", "id": "obs-ANDHERI-SEG-262-1", "properties": {"roadId": "ANDHERI-SEG-262", "roadName": "Mathuradas Vasanji Road", "condition": "POOR", "color": "#f97316", "score": 42}, "geometry": {"type": "Point", "coordinates": [72.856889, 19.115687]}}, {"type": "Feature", "id": "obs-ANDHERI-SEG-262-2", "properties": {"roadId": "ANDHERI-SEG-262", "roadName": "Mathuradas Vasanji Road", "condition": "POOR", "color": "#f97316", "score": 42}, "geometry": {"type": "Point", "coordinates": [72.8572009, 19.1154903]}}, {"type": "Feature", "id": "obs-ANDHERI-SEG-263-0", "properties": {"roadId": "ANDHERI-SEG-263", "roadName": "Western Express Highway", "condition": "HEALTHY", "color": "#10b981", "score": 79}, "geometry": {"type": "Point", "coordinates": [72.8565964, 19.1247661]}}, {"type": "Feature", "id": "obs-ANDHERI-SEG-263-1", "properties": {"roadId": "ANDHERI-SEG-263", "roadName": "Western Express Highway", "condition": "HEALTHY", "color": "#10b981", "score": 79}, "geometry": {"type": "Point", "coordinates": [72.856658, 19.124412]}}, {"type": "Feature", "id": "obs-ANDHERI-SEG-263-2", "properties": {"roadId": "ANDHERI-SEG-263", "roadName": "Western Express Highway", "condition": "HEALTHY", "color": "#10b981", "score": 79}, "geometry": {"type": "Point", "coordinates": [72.856685, 19.124053]}}, {"type": "Feature", "id": "obs-ANDHERI-SEG-263-3", "properties": {"roadId": "ANDHERI-SEG-263", "roadName": "Western Express Highway", "condition": "HEALTHY", "color": "#10b981", "score": 79}, "geometry": {"type": "Point", "coordinates": [72.856687, 19.123694]}}, {"type": "Feature", "id": "obs-ANDHERI-SEG-263-4", "properties": {"roadId": "ANDHERI-SEG-263", "roadName": "Western Express Highway", "condition": "HEALTHY", "color": "#10b981", "score": 79}, "geometry": {"type": "Point", "coordinates": [72.856637, 19.123337]}}, {"type": "Feature", "id": "obs-ANDHERI-SEG-263-5", "properties": {"roadId": "ANDHERI-SEG-263", "roadName": "Western Express Highway", "condition": "HEALTHY", "color": "#10b981", "score": 79}, "geometry": {"type": "Point", "coordinates": [72.85657, 19.122983]}}, {"type": "Feature", "id": "obs-ANDHERI-SEG-263-6", "properties": {"roadId": "ANDHERI-SEG-263", "roadName": "Western Express Highway", "condition": "HEALTHY", "color": "#10b981", "score": 79}, "geometry": {"type": "Point", "coordinates": [72.856481, 19.122633]}}, {"type": "Feature", "id": "obs-ANDHERI-SEG-263-7", "properties": {"roadId": "ANDHERI-SEG-263", "roadName": "Western Express Highway", "condition": "HEALTHY", "color": "#10b981", "score": 79}, "geometry": {"type": "Point", "coordinates": [72.8564204, 19.1223967]}}, {"type": "Feature", "id": "obs-ANDHERI-SEG-264-0", "properties": {"roadId": "ANDHERI-SEG-264", "roadName": "Secondary (1154238013)", "condition": "POOR", "color": "#f97316", "score": 65}, "geometry": {"type": "Point", "coordinates": [72.8646765, 19.1249577]}}, {"type": "Feature", "id": "obs-ANDHERI-SEG-264-1", "properties": {"roadId": "ANDHERI-SEG-264", "roadName": "Secondary (1154238013)", "condition": "WATCH", "color": "#eab308", "score": 65}, "geometry": {"type": "Point", "coordinates": [72.8647506, 19.1251093]}}, {"type": "Feature", "id": "obs-ANDHERI-SEG-265-0", "properties": {"roadId": "ANDHERI-SEG-265", "roadName": "Mahakali Caves Road", "condition": "HEALTHY", "color": "#10b981", "score": 88}, "geometry": {"type": "Point", "coordinates": [72.864868, 19.1250783]}}, {"type": "Feature", "id": "obs-ANDHERI-SEG-265-1", "properties": {"roadId": "ANDHERI-SEG-265", "roadName": "Mahakali Caves Road", "condition": "HEALTHY", "color": "#10b981", "score": 88}, "geometry": {"type": "Point", "coordinates": [72.8648997, 19.1249941]}}, {"type": "Feature", "id": "obs-ANDHERI-SEG-266-0", "properties": {"roadId": "ANDHERI-SEG-266", "roadName": "Tertiary (1156232177)", "condition": "HEALTHY", "color": "#10b981", "score": 82}, "geometry": {"type": "Point", "coordinates": [72.8550484, 19.1145253]}}, {"type": "Feature", "id": "obs-ANDHERI-SEG-266-1", "properties": {"roadId": "ANDHERI-SEG-266", "roadName": "Tertiary (1156232177)", "condition": "HEALTHY", "color": "#10b981", "score": 82}, "geometry": {"type": "Point", "coordinates": [72.854995, 19.114169]}}, {"type": "Feature", "id": "obs-ANDHERI-SEG-266-2", "properties": {"roadId": "ANDHERI-SEG-266", "roadName": "Tertiary (1156232177)", "condition": "HEALTHY", "color": "#10b981", "score": 82}, "geometry": {"type": "Point", "coordinates": [72.854935, 19.113814]}}, {"type": "Feature", "id": "obs-ANDHERI-SEG-266-3", "properties": {"roadId": "ANDHERI-SEG-266", "roadName": "Tertiary (1156232177)", "condition": "HEALTHY", "color": "#10b981", "score": 82}, "geometry": {"type": "Point", "coordinates": [72.8549185, 19.1137346]}}, {"type": "Feature", "id": "obs-ANDHERI-SEG-267-0", "properties": {"roadId": "ANDHERI-SEG-267", "roadName": "Secondary (1170534645)", "condition": "POOR", "color": "#f97316", "score": 68}, "geometry": {"type": "Point", "coordinates": [72.8553944, 19.1349064]}}, {"type": "Feature", "id": "obs-ANDHERI-SEG-267-1", "properties": {"roadId": "ANDHERI-SEG-267", "roadName": "Secondary (1170534645)", "condition": "WATCH", "color": "#eab308", "score": 68}, "geometry": {"type": "Point", "coordinates": [72.85517, 19.1349954]}}, {"type": "Feature", "id": "obs-ANDHERI-SEG-268-0", "properties": {"roadId": "ANDHERI-SEG-268", "roadName": "Shahaji raje marg", "condition": "HEALTHY", "color": "#10b981", "score": 91}, "geometry": {"type": "Point", "coordinates": [72.850119, 19.1112405]}}, {"type": "Feature", "id": "obs-ANDHERI-SEG-268-1", "properties": {"roadId": "ANDHERI-SEG-268", "roadName": "Shahaji raje marg", "condition": "HEALTHY", "color": "#10b981", "score": 91}, "geometry": {"type": "Point", "coordinates": [72.849926, 19.11093]}}, {"type": "Feature", "id": "obs-ANDHERI-SEG-268-2", "properties": {"roadId": "ANDHERI-SEG-268", "roadName": "Shahaji raje marg", "condition": "HEALTHY", "color": "#10b981", "score": 91}, "geometry": {"type": "Point", "coordinates": [72.849733, 19.11062]}}, {"type": "Feature", "id": "obs-ANDHERI-SEG-268-3", "properties": {"roadId": "ANDHERI-SEG-268", "roadName": "Shahaji raje marg", "condition": "HEALTHY", "color": "#10b981", "score": 91}, "geometry": {"type": "Point", "coordinates": [72.84954, 19.11031]}}, {"type": "Feature", "id": "obs-ANDHERI-SEG-268-4", "properties": {"roadId": "ANDHERI-SEG-268", "roadName": "Shahaji raje marg", "condition": "HEALTHY", "color": "#10b981", "score": 91}, "geometry": {"type": "Point", "coordinates": [72.849345, 19.110001]}}, {"type": "Feature", "id": "obs-ANDHERI-SEG-268-5", "properties": {"roadId": "ANDHERI-SEG-268", "roadName": "Shahaji raje marg", "condition": "HEALTHY", "color": "#10b981", "score": 91}, "geometry": {"type": "Point", "coordinates": [72.849176, 19.109679]}}, {"type": "Feature", "id": "obs-ANDHERI-SEG-268-6", "properties": {"roadId": "ANDHERI-SEG-268", "roadName": "Shahaji raje marg", "condition": "HEALTHY", "color": "#10b981", "score": 91}, "geometry": {"type": "Point", "coordinates": [72.849021, 19.109351]}}, {"type": "Feature", "id": "obs-ANDHERI-SEG-268-7", "properties": {"roadId": "ANDHERI-SEG-268", "roadName": "Shahaji raje marg", "condition": "HEALTHY", "color": "#10b981", "score": 91}, "geometry": {"type": "Point", "coordinates": [72.848863, 19.109023]}}, {"type": "Feature", "id": "obs-ANDHERI-SEG-268-8", "properties": {"roadId": "ANDHERI-SEG-268", "roadName": "Shahaji raje marg", "condition": "HEALTHY", "color": "#10b981", "score": 91}, "geometry": {"type": "Point", "coordinates": [72.848714, 19.108693]}}, {"type": "Feature", "id": "obs-ANDHERI-SEG-268-9", "properties": {"roadId": "ANDHERI-SEG-268", "roadName": "Shahaji raje marg", "condition": "HEALTHY", "color": "#10b981", "score": 91}, "geometry": {"type": "Point", "coordinates": [72.848577, 19.108357]}}, {"type": "Feature", "id": "obs-ANDHERI-SEG-268-10", "properties": {"roadId": "ANDHERI-SEG-268", "roadName": "Shahaji raje marg", "condition": "HEALTHY", "color": "#10b981", "score": 91}, "geometry": {"type": "Point", "coordinates": [72.848441, 19.108021]}}, {"type": "Feature", "id": "obs-ANDHERI-SEG-268-11", "properties": {"roadId": "ANDHERI-SEG-268", "roadName": "Shahaji raje marg", "condition": "HEALTHY", "color": "#10b981", "score": 91}, "geometry": {"type": "Point", "coordinates": [72.848308, 19.107684]}}, {"type": "Feature", "id": "obs-ANDHERI-SEG-268-12", "properties": {"roadId": "ANDHERI-SEG-268", "roadName": "Shahaji raje marg", "condition": "HEALTHY", "color": "#10b981", "score": 91}, "geometry": {"type": "Point", "coordinates": [72.848177, 19.107346]}}, {"type": "Feature", "id": "obs-ANDHERI-SEG-268-13", "properties": {"roadId": "ANDHERI-SEG-268", "roadName": "Shahaji raje marg", "condition": "HEALTHY", "color": "#10b981", "score": 91}, "geometry": {"type": "Point", "coordinates": [72.848045, 19.107009]}}, {"type": "Feature", "id": "obs-ANDHERI-SEG-268-14", "properties": {"roadId": "ANDHERI-SEG-268", "roadName": "Shahaji raje marg", "condition": "HEALTHY", "color": "#10b981", "score": 91}, "geometry": {"type": "Point", "coordinates": [72.847914, 19.106671]}}, {"type": "Feature", "id": "obs-ANDHERI-SEG-268-15", "properties": {"roadId": "ANDHERI-SEG-268", "roadName": "Shahaji raje marg", "condition": "HEALTHY", "color": "#10b981", "score": 91}, "geometry": {"type": "Point", "coordinates": [72.847783, 19.106333]}}, {"type": "Feature", "id": "obs-ANDHERI-SEG-268-16", "properties": {"roadId": "ANDHERI-SEG-268", "roadName": "Shahaji raje marg", "condition": "HEALTHY", "color": "#10b981", "score": 91}, "geometry": {"type": "Point", "coordinates": [72.847633, 19.106008]}}, {"type": "Feature", "id": "obs-ANDHERI-SEG-268-17", "properties": {"roadId": "ANDHERI-SEG-268", "roadName": "Shahaji raje marg", "condition": "HEALTHY", "color": "#10b981", "score": 91}, "geometry": {"type": "Point", "coordinates": [72.847265, 19.10593]}}, {"type": "Feature", "id": "obs-ANDHERI-SEG-268-18", "properties": {"roadId": "ANDHERI-SEG-268", "roadName": "Shahaji raje marg", "condition": "HEALTHY", "color": "#10b981", "score": 91}, "geometry": {"type": "Point", "coordinates": [72.846888, 19.105878]}}, {"type": "Feature", "id": "obs-ANDHERI-SEG-268-19", "properties": {"roadId": "ANDHERI-SEG-268", "roadName": "Shahaji raje marg", "condition": "HEALTHY", "color": "#10b981", "score": 91}, "geometry": {"type": "Point", "coordinates": [72.846511, 19.105827]}}, {"type": "Feature", "id": "obs-ANDHERI-SEG-268-20", "properties": {"roadId": "ANDHERI-SEG-268", "roadName": "Shahaji raje marg", "condition": "HEALTHY", "color": "#10b981", "score": 91}, "geometry": {"type": "Point", "coordinates": [72.8462543, 19.1058242]}}, {"type": "Feature", "id": "obs-ANDHERI-SEG-269-0", "properties": {"roadId": "ANDHERI-SEG-269", "roadName": "Sahar Road", "condition": "POOR", "color": "#f97316", "score": 64}, "geometry": {"type": "Point", "coordinates": [72.8481965, 19.1128383]}}, {"type": "Feature", "id": "obs-ANDHERI-SEG-269-1", "properties": {"roadId": "ANDHERI-SEG-269", "roadName": "Sahar Road", "condition": "WATCH", "color": "#eab308", "score": 64}, "geometry": {"type": "Point", "coordinates": [72.848481, 19.1126]}}, {"type": "Feature", "id": "obs-ANDHERI-SEG-269-2", "properties": {"roadId": "ANDHERI-SEG-269", "roadName": "Sahar Road", "condition": "WATCH", "color": "#eab308", "score": 64}, "geometry": {"type": "Point", "coordinates": [72.848678, 19.1124488]}}, {"type": "Feature", "id": "obs-ANDHERI-SEG-270-0", "properties": {"roadId": "ANDHERI-SEG-270", "roadName": "Sahar Road", "condition": "CRITICAL", "color": "#ef4444", "score": 46}, "geometry": {"type": "Point", "coordinates": [72.8520836, 19.1097787]}}, {"type": "Feature", "id": "obs-ANDHERI-SEG-270-1", "properties": {"roadId": "ANDHERI-SEG-270", "roadName": "Sahar Road", "condition": "POOR", "color": "#f97316", "score": 46}, "geometry": {"type": "Point", "coordinates": [72.851774, 19.109988]}}, {"type": "Feature", "id": "obs-ANDHERI-SEG-270-2", "properties": {"roadId": "ANDHERI-SEG-270", "roadName": "Sahar Road", "condition": "POOR", "color": "#f97316", "score": 46}, "geometry": {"type": "Point", "coordinates": [72.851465, 19.110199]}}, {"type": "Feature", "id": "obs-ANDHERI-SEG-270-3", "properties": {"roadId": "ANDHERI-SEG-270", "roadName": "Sahar Road", "condition": "CRITICAL", "color": "#ef4444", "score": 46}, "geometry": {"type": "Point", "coordinates": [72.851173, 19.110429]}}, {"type": "Feature", "id": "obs-ANDHERI-SEG-270-4", "properties": {"roadId": "ANDHERI-SEG-270", "roadName": "Sahar Road", "condition": "POOR", "color": "#f97316", "score": 46}, "geometry": {"type": "Point", "coordinates": [72.850878, 19.110656]}}, {"type": "Feature", "id": "obs-ANDHERI-SEG-270-5", "properties": {"roadId": "ANDHERI-SEG-270", "roadName": "Sahar Road", "condition": "POOR", "color": "#f97316", "score": 46}, "geometry": {"type": "Point", "coordinates": [72.850583, 19.110884]}}, {"type": "Feature", "id": "obs-ANDHERI-SEG-270-6", "properties": {"roadId": "ANDHERI-SEG-270", "roadName": "Sahar Road", "condition": "CRITICAL", "color": "#ef4444", "score": 46}, "geometry": {"type": "Point", "coordinates": [72.850289, 19.111112]}}, {"type": "Feature", "id": "obs-ANDHERI-SEG-270-7", "properties": {"roadId": "ANDHERI-SEG-270", "roadName": "Sahar Road", "condition": "POOR", "color": "#f97316", "score": 46}, "geometry": {"type": "Point", "coordinates": [72.850119, 19.1112405]}}, {"type": "Feature", "id": "obs-ANDHERI-SEG-271-0", "properties": {"roadId": "ANDHERI-SEG-271", "roadName": "Mahakali Caves Road", "condition": "HEALTHY", "color": "#10b981", "score": 85}, "geometry": {"type": "Point", "coordinates": [72.864868, 19.1250783]}}, {"type": "Feature", "id": "obs-ANDHERI-SEG-271-1", "properties": {"roadId": "ANDHERI-SEG-271", "roadName": "Mahakali Caves Road", "condition": "HEALTHY", "color": "#10b981", "score": 85}, "geometry": {"type": "Point", "coordinates": [72.865239, 19.125159]}}, {"type": "Feature", "id": "obs-ANDHERI-SEG-271-2", "properties": {"roadId": "ANDHERI-SEG-271", "roadName": "Mahakali Caves Road", "condition": "HEALTHY", "color": "#10b981", "score": 85}, "geometry": {"type": "Point", "coordinates": [72.86561, 19.125239]}}, {"type": "Feature", "id": "obs-ANDHERI-SEG-271-3", "properties": {"roadId": "ANDHERI-SEG-271", "roadName": "Mahakali Caves Road", "condition": "HEALTHY", "color": "#10b981", "score": 85}, "geometry": {"type": "Point", "coordinates": [72.865981, 19.12532]}}, {"type": "Feature", "id": "obs-ANDHERI-SEG-271-4", "properties": {"roadId": "ANDHERI-SEG-271", "roadName": "Mahakali Caves Road", "condition": "HEALTHY", "color": "#10b981", "score": 85}, "geometry": {"type": "Point", "coordinates": [72.866349, 19.125409]}}, {"type": "Feature", "id": "obs-ANDHERI-SEG-271-5", "properties": {"roadId": "ANDHERI-SEG-271", "roadName": "Mahakali Caves Road", "condition": "HEALTHY", "color": "#10b981", "score": 85}, "geometry": {"type": "Point", "coordinates": [72.866631, 19.125638]}}, {"type": "Feature", "id": "obs-ANDHERI-SEG-271-6", "properties": {"roadId": "ANDHERI-SEG-271", "roadName": "Mahakali Caves Road", "condition": "HEALTHY", "color": "#10b981", "score": 85}, "geometry": {"type": "Point", "coordinates": [72.866787, 19.125965]}}, {"type": "Feature", "id": "obs-ANDHERI-SEG-271-7", "properties": {"roadId": "ANDHERI-SEG-271", "roadName": "Mahakali Caves Road", "condition": "HEALTHY", "color": "#10b981", "score": 85}, "geometry": {"type": "Point", "coordinates": [72.866921, 19.126302]}}, {"type": "Feature", "id": "obs-ANDHERI-SEG-271-8", "properties": {"roadId": "ANDHERI-SEG-271", "roadName": "Mahakali Caves Road", "condition": "HEALTHY", "color": "#10b981", "score": 85}, "geometry": {"type": "Point", "coordinates": [72.867055, 19.126639]}}, {"type": "Feature", "id": "obs-ANDHERI-SEG-271-9", "properties": {"roadId": "ANDHERI-SEG-271", "roadName": "Mahakali Caves Road", "condition": "HEALTHY", "color": "#10b981", "score": 85}, "geometry": {"type": "Point", "coordinates": [72.867188, 19.126976]}}, {"type": "Feature", "id": "obs-ANDHERI-SEG-271-10", "properties": {"roadId": "ANDHERI-SEG-271", "roadName": "Mahakali Caves Road", "condition": "HEALTHY", "color": "#10b981", "score": 85}, "geometry": {"type": "Point", "coordinates": [72.8672969, 19.1271234]}}, {"type": "Feature", "id": "obs-ANDHERI-SEG-272-0", "properties": {"roadId": "ANDHERI-SEG-272", "roadName": "Mahakali Caves Road", "condition": "POOR", "color": "#f97316", "score": 71}, "geometry": {"type": "Point", "coordinates": [72.8672338, 19.1268641]}}, {"type": "Feature", "id": "obs-ANDHERI-SEG-272-1", "properties": {"roadId": "ANDHERI-SEG-272", "roadName": "Mahakali Caves Road", "condition": "WATCH", "color": "#eab308", "score": 71}, "geometry": {"type": "Point", "coordinates": [72.867098, 19.126528]}}, {"type": "Feature", "id": "obs-ANDHERI-SEG-272-2", "properties": {"roadId": "ANDHERI-SEG-272", "roadName": "Mahakali Caves Road", "condition": "WATCH", "color": "#eab308", "score": 71}, "geometry": {"type": "Point", "coordinates": [72.866962, 19.126192]}}, {"type": "Feature", "id": "obs-ANDHERI-SEG-272-3", "properties": {"roadId": "ANDHERI-SEG-272", "roadName": "Mahakali Caves Road", "condition": "WATCH", "color": "#eab308", "score": 71}, "geometry": {"type": "Point", "coordinates": [72.866825, 19.125856]}}, {"type": "Feature", "id": "obs-ANDHERI-SEG-272-4", "properties": {"roadId": "ANDHERI-SEG-272", "roadName": "Mahakali Caves Road", "condition": "POOR", "color": "#f97316", "score": 71}, "geometry": {"type": "Point", "coordinates": [72.866653, 19.125538]}}, {"type": "Feature", "id": "obs-ANDHERI-SEG-272-5", "properties": {"roadId": "ANDHERI-SEG-272", "roadName": "Mahakali Caves Road", "condition": "WATCH", "color": "#eab308", "score": 71}, "geometry": {"type": "Point", "coordinates": [72.866353, 19.125328]}}, {"type": "Feature", "id": "obs-ANDHERI-SEG-272-6", "properties": {"roadId": "ANDHERI-SEG-272", "roadName": "Mahakali Caves Road", "condition": "WATCH", "color": "#eab308", "score": 71}, "geometry": {"type": "Point", "coordinates": [72.865986, 19.125236]}}, {"type": "Feature", "id": "obs-ANDHERI-SEG-272-7", "properties": {"roadId": "ANDHERI-SEG-272", "roadName": "Mahakali Caves Road", "condition": "WATCH", "color": "#eab308", "score": 71}, "geometry": {"type": "Point", "coordinates": [72.865615, 19.125153]}}, {"type": "Feature", "id": "obs-ANDHERI-SEG-272-8", "properties": {"roadId": "ANDHERI-SEG-272", "roadName": "Mahakali Caves Road", "condition": "POOR", "color": "#f97316", "score": 71}, "geometry": {"type": "Point", "coordinates": [72.865244, 19.125071]}}, {"type": "Feature", "id": "obs-ANDHERI-SEG-272-9", "properties": {"roadId": "ANDHERI-SEG-272", "roadName": "Mahakali Caves Road", "condition": "WATCH", "color": "#eab308", "score": 71}, "geometry": {"type": "Point", "coordinates": [72.8648997, 19.1249941]}}, {"type": "Feature", "id": "obs-ANDHERI-SEG-273-0", "properties": {"roadId": "ANDHERI-SEG-273", "roadName": "Srinivas Bagarka Road", "condition": "CRITICAL", "color": "#ef4444", "score": 29}, "geometry": {"type": "Point", "coordinates": [72.8664928, 19.1105757]}}, {"type": "Feature", "id": "obs-ANDHERI-SEG-273-1", "properties": {"roadId": "ANDHERI-SEG-273", "roadName": "Srinivas Bagarka Road", "condition": "CRITICAL", "color": "#ef4444", "score": 29}, "geometry": {"type": "Point", "coordinates": [72.866748, 19.110842]}}, {"type": "Feature", "id": "obs-ANDHERI-SEG-273-2", "properties": {"roadId": "ANDHERI-SEG-273", "roadName": "Srinivas Bagarka Road", "condition": "CRITICAL", "color": "#ef4444", "score": 29}, "geometry": {"type": "Point", "coordinates": [72.867018, 19.111095]}}, {"type": "Feature", "id": "obs-ANDHERI-SEG-273-3", "properties": {"roadId": "ANDHERI-SEG-273", "roadName": "Srinivas Bagarka Road", "condition": "CRITICAL", "color": "#ef4444", "score": 29}, "geometry": {"type": "Point", "coordinates": [72.867311, 19.111324]}}, {"type": "Feature", "id": "obs-ANDHERI-SEG-273-4", "properties": {"roadId": "ANDHERI-SEG-273", "roadName": "Srinivas Bagarka Road", "condition": "CRITICAL", "color": "#ef4444", "score": 29}, "geometry": {"type": "Point", "coordinates": [72.867583, 19.111575]}}, {"type": "Feature", "id": "obs-ANDHERI-SEG-273-5", "properties": {"roadId": "ANDHERI-SEG-273", "roadName": "Srinivas Bagarka Road", "condition": "CRITICAL", "color": "#ef4444", "score": 29}, "geometry": {"type": "Point", "coordinates": [72.867761, 19.1118863]}}, {"type": "Feature", "id": "obs-ANDHERI-SEG-274-0", "properties": {"roadId": "ANDHERI-SEG-274", "roadName": "Sahar Road", "condition": "CRITICAL", "color": "#ef4444", "score": 42}, "geometry": {"type": "Point", "coordinates": [72.8474152, 19.1147923]}}, {"type": "Feature", "id": "obs-ANDHERI-SEG-274-1", "properties": {"roadId": "ANDHERI-SEG-274", "roadName": "Sahar Road", "condition": "POOR", "color": "#f97316", "score": 42}, "geometry": {"type": "Point", "coordinates": [72.847477, 19.114437]}}, {"type": "Feature", "id": "obs-ANDHERI-SEG-274-2", "properties": {"roadId": "ANDHERI-SEG-274", "roadName": "Sahar Road", "condition": "POOR", "color": "#f97316", "score": 42}, "geometry": {"type": "Point", "coordinates": [72.847538, 19.114082]}}, {"type": "Feature", "id": "obs-ANDHERI-SEG-274-3", "properties": {"roadId": "ANDHERI-SEG-274", "roadName": "Sahar Road", "condition": "CRITICAL", "color": "#ef4444", "score": 42}, "geometry": {"type": "Point", "coordinates": [72.847618, 19.113731]}}, {"type": "Feature", "id": "obs-ANDHERI-SEG-274-4", "properties": {"roadId": "ANDHERI-SEG-274", "roadName": "Sahar Road", "condition": "POOR", "color": "#f97316", "score": 42}, "geometry": {"type": "Point", "coordinates": [72.847749, 19.113396]}}, {"type": "Feature", "id": "obs-ANDHERI-SEG-274-5", "properties": {"roadId": "ANDHERI-SEG-274", "roadName": "Sahar Road", "condition": "POOR", "color": "#f97316", "score": 42}, "geometry": {"type": "Point", "coordinates": [72.847947, 19.113088]}}, {"type": "Feature", "id": "obs-ANDHERI-SEG-274-6", "properties": {"roadId": "ANDHERI-SEG-274", "roadName": "Sahar Road", "condition": "CRITICAL", "color": "#ef4444", "score": 42}, "geometry": {"type": "Point", "coordinates": [72.8481965, 19.1128383]}}, {"type": "Feature", "id": "obs-ANDHERI-SEG-275-0", "properties": {"roadId": "ANDHERI-SEG-275", "roadName": "Krantiveer Lakhuji Salve Marg", "condition": "HEALTHY", "color": "#10b981", "score": 79}, "geometry": {"type": "Point", "coordinates": [72.871568, 19.1231496]}}, {"type": "Feature", "id": "obs-ANDHERI-SEG-275-1", "properties": {"roadId": "ANDHERI-SEG-275", "roadName": "Krantiveer Lakhuji Salve Marg", "condition": "HEALTHY", "color": "#10b981", "score": 79}, "geometry": {"type": "Point", "coordinates": [72.87134, 19.122861]}}, {"type": "Feature", "id": "obs-ANDHERI-SEG-275-2", "properties": {"roadId": "ANDHERI-SEG-275", "roadName": "Krantiveer Lakhuji Salve Marg", "condition": "HEALTHY", "color": "#10b981", "score": 79}, "geometry": {"type": "Point", "coordinates": [72.871112, 19.122573]}}, {"type": "Feature", "id": "obs-ANDHERI-SEG-275-3", "properties": {"roadId": "ANDHERI-SEG-275", "roadName": "Krantiveer Lakhuji Salve Marg", "condition": "HEALTHY", "color": "#10b981", "score": 79}, "geometry": {"type": "Point", "coordinates": [72.870909, 19.122269]}}, {"type": "Feature", "id": "obs-ANDHERI-SEG-275-4", "properties": {"roadId": "ANDHERI-SEG-275", "roadName": "Krantiveer Lakhuji Salve Marg", "condition": "HEALTHY", "color": "#10b981", "score": 79}, "geometry": {"type": "Point", "coordinates": [72.870729, 19.121955]}}, {"type": "Feature", "id": "obs-ANDHERI-SEG-275-5", "properties": {"roadId": "ANDHERI-SEG-275", "roadName": "Krantiveer Lakhuji Salve Marg", "condition": "HEALTHY", "color": "#10b981", "score": 79}, "geometry": {"type": "Point", "coordinates": [72.870667, 19.121601]}}, {"type": "Feature", "id": "obs-ANDHERI-SEG-275-6", "properties": {"roadId": "ANDHERI-SEG-275", "roadName": "Krantiveer Lakhuji Salve Marg", "condition": "HEALTHY", "color": "#10b981", "score": 79}, "geometry": {"type": "Point", "coordinates": [72.870643, 19.121242]}}, {"type": "Feature", "id": "obs-ANDHERI-SEG-275-7", "properties": {"roadId": "ANDHERI-SEG-275", "roadName": "Krantiveer Lakhuji Salve Marg", "condition": "HEALTHY", "color": "#10b981", "score": 79}, "geometry": {"type": "Point", "coordinates": [72.870612, 19.120884]}}, {"type": "Feature", "id": "obs-ANDHERI-SEG-275-8", "properties": {"roadId": "ANDHERI-SEG-275", "roadName": "Krantiveer Lakhuji Salve Marg", "condition": "HEALTHY", "color": "#10b981", "score": 79}, "geometry": {"type": "Point", "coordinates": [72.870569, 19.120526]}}, {"type": "Feature", "id": "obs-ANDHERI-SEG-275-9", "properties": {"roadId": "ANDHERI-SEG-275", "roadName": "Krantiveer Lakhuji Salve Marg", "condition": "HEALTHY", "color": "#10b981", "score": 79}, "geometry": {"type": "Point", "coordinates": [72.870526, 19.120169]}}, {"type": "Feature", "id": "obs-ANDHERI-SEG-275-10", "properties": {"roadId": "ANDHERI-SEG-275", "roadName": "Krantiveer Lakhuji Salve Marg", "condition": "HEALTHY", "color": "#10b981", "score": 79}, "geometry": {"type": "Point", "coordinates": [72.870484, 19.119811]}}, {"type": "Feature", "id": "obs-ANDHERI-SEG-275-11", "properties": {"roadId": "ANDHERI-SEG-275", "roadName": "Krantiveer Lakhuji Salve Marg", "condition": "HEALTHY", "color": "#10b981", "score": 79}, "geometry": {"type": "Point", "coordinates": [72.870444, 19.119453]}}, {"type": "Feature", "id": "obs-ANDHERI-SEG-275-12", "properties": {"roadId": "ANDHERI-SEG-275", "roadName": "Krantiveer Lakhuji Salve Marg", "condition": "HEALTHY", "color": "#10b981", "score": 79}, "geometry": {"type": "Point", "coordinates": [72.870398, 19.119097]}}, {"type": "Feature", "id": "obs-ANDHERI-SEG-275-13", "properties": {"roadId": "ANDHERI-SEG-275", "roadName": "Krantiveer Lakhuji Salve Marg", "condition": "HEALTHY", "color": "#10b981", "score": 79}, "geometry": {"type": "Point", "coordinates": [72.870246, 19.118773]}}, {"type": "Feature", "id": "obs-ANDHERI-SEG-275-14", "properties": {"roadId": "ANDHERI-SEG-275", "roadName": "Krantiveer Lakhuji Salve Marg", "condition": "HEALTHY", "color": "#10b981", "score": 79}, "geometry": {"type": "Point", "coordinates": [72.870032, 19.11848]}}, {"type": "Feature", "id": "obs-ANDHERI-SEG-275-15", "properties": {"roadId": "ANDHERI-SEG-275", "roadName": "Krantiveer Lakhuji Salve Marg", "condition": "HEALTHY", "color": "#10b981", "score": 79}, "geometry": {"type": "Point", "coordinates": [72.869743, 19.118248]}}, {"type": "Feature", "id": "obs-ANDHERI-SEG-275-16", "properties": {"roadId": "ANDHERI-SEG-275", "roadName": "Krantiveer Lakhuji Salve Marg", "condition": "HEALTHY", "color": "#10b981", "score": 79}, "geometry": {"type": "Point", "coordinates": [72.869395, 19.118105]}}, {"type": "Feature", "id": "obs-ANDHERI-SEG-275-17", "properties": {"roadId": "ANDHERI-SEG-275", "roadName": "Krantiveer Lakhuji Salve Marg", "condition": "HEALTHY", "color": "#10b981", "score": 79}, "geometry": {"type": "Point", "coordinates": [72.869028, 19.118008]}}, {"type": "Feature", "id": "obs-ANDHERI-SEG-275-18", "properties": {"roadId": "ANDHERI-SEG-275", "roadName": "Krantiveer Lakhuji Salve Marg", "condition": "HEALTHY", "color": "#10b981", "score": 79}, "geometry": {"type": "Point", "coordinates": [72.868662, 19.117911]}}, {"type": "Feature", "id": "obs-ANDHERI-SEG-275-19", "properties": {"roadId": "ANDHERI-SEG-275", "roadName": "Krantiveer Lakhuji Salve Marg", "condition": "HEALTHY", "color": "#10b981", "score": 79}, "geometry": {"type": "Point", "coordinates": [72.868288, 19.11786]}}, {"type": "Feature", "id": "obs-ANDHERI-SEG-275-20", "properties": {"roadId": "ANDHERI-SEG-275", "roadName": "Krantiveer Lakhuji Salve Marg", "condition": "HEALTHY", "color": "#10b981", "score": 79}, "geometry": {"type": "Point", "coordinates": [72.867907, 19.117853]}}, {"type": "Feature", "id": "obs-ANDHERI-SEG-275-21", "properties": {"roadId": "ANDHERI-SEG-275", "roadName": "Krantiveer Lakhuji Salve Marg", "condition": "HEALTHY", "color": "#10b981", "score": 79}, "geometry": {"type": "Point", "coordinates": [72.8675294, 19.1178459]}}, {"type": "Feature", "id": "obs-ANDHERI-SEG-276-0", "properties": {"roadId": "ANDHERI-SEG-276", "roadName": "Krantiveer Lakhuji Salve Marg", "condition": "POOR", "color": "#f97316", "score": 65}, "geometry": {"type": "Point", "coordinates": [72.8684928, 19.1179981]}}, {"type": "Feature", "id": "obs-ANDHERI-SEG-276-1", "properties": {"roadId": "ANDHERI-SEG-276", "roadName": "Krantiveer Lakhuji Salve Marg", "condition": "WATCH", "color": "#eab308", "score": 65}, "geometry": {"type": "Point", "coordinates": [72.86886, 19.118093]}}, {"type": "Feature", "id": "obs-ANDHERI-SEG-276-2", "properties": {"roadId": "ANDHERI-SEG-276", "roadName": "Krantiveer Lakhuji Salve Marg", "condition": "WATCH", "color": "#eab308", "score": 65}, "geometry": {"type": "Point", "coordinates": [72.869227, 19.118188]}}, {"type": "Feature", "id": "obs-ANDHERI-SEG-276-3", "properties": {"roadId": "ANDHERI-SEG-276", "roadName": "Krantiveer Lakhuji Salve Marg", "condition": "WATCH", "color": "#eab308", "score": 65}, "geometry": {"type": "Point", "coordinates": [72.869583, 19.118311]}}, {"type": "Feature", "id": "obs-ANDHERI-SEG-276-4", "properties": {"roadId": "ANDHERI-SEG-276", "roadName": "Krantiveer Lakhuji Salve Marg", "condition": "POOR", "color": "#f97316", "score": 65}, "geometry": {"type": "Point", "coordinates": [72.869885, 19.118526]}}, {"type": "Feature", "id": "obs-ANDHERI-SEG-276-5", "properties": {"roadId": "ANDHERI-SEG-276", "roadName": "Krantiveer Lakhuji Salve Marg", "condition": "WATCH", "color": "#eab308", "score": 65}, "geometry": {"type": "Point", "coordinates": [72.870139, 19.118791]}}, {"type": "Feature", "id": "obs-ANDHERI-SEG-276-6", "properties": {"roadId": "ANDHERI-SEG-276", "roadName": "Krantiveer Lakhuji Salve Marg", "condition": "WATCH", "color": "#eab308", "score": 65}, "geometry": {"type": "Point", "coordinates": [72.87029, 19.119118]}}, {"type": "Feature", "id": "obs-ANDHERI-SEG-276-7", "properties": {"roadId": "ANDHERI-SEG-276", "roadName": "Krantiveer Lakhuji Salve Marg", "condition": "WATCH", "color": "#eab308", "score": 65}, "geometry": {"type": "Point", "coordinates": [72.870354, 19.119472]}}, {"type": "Feature", "id": "obs-ANDHERI-SEG-276-8", "properties": {"roadId": "ANDHERI-SEG-276", "roadName": "Krantiveer Lakhuji Salve Marg", "condition": "POOR", "color": "#f97316", "score": 65}, "geometry": {"type": "Point", "coordinates": [72.870388, 19.11983]}}, {"type": "Feature", "id": "obs-ANDHERI-SEG-276-9", "properties": {"roadId": "ANDHERI-SEG-276", "roadName": "Krantiveer Lakhuji Salve Marg", "condition": "WATCH", "color": "#eab308", "score": 65}, "geometry": {"type": "Point", "coordinates": [72.870426, 19.120188]}}, {"type": "Feature", "id": "obs-ANDHERI-SEG-276-10", "properties": {"roadId": "ANDHERI-SEG-276", "roadName": "Krantiveer Lakhuji Salve Marg", "condition": "WATCH", "color": "#eab308", "score": 65}, "geometry": {"type": "Point", "coordinates": [72.870466, 19.120546]}}, {"type": "Feature", "id": "obs-ANDHERI-SEG-276-11", "properties": {"roadId": "ANDHERI-SEG-276", "roadName": "Krantiveer Lakhuji Salve Marg", "condition": "WATCH", "color": "#eab308", "score": 65}, "geometry": {"type": "Point", "coordinates": [72.870506, 19.120903]}}, {"type": "Feature", "id": "obs-ANDHERI-SEG-276-12", "properties": {"roadId": "ANDHERI-SEG-276", "roadName": "Krantiveer Lakhuji Salve Marg", "condition": "POOR", "color": "#f97316", "score": 65}, "geometry": {"type": "Point", "coordinates": [72.870534, 19.121262]}}, {"type": "Feature", "id": "obs-ANDHERI-SEG-276-13", "properties": {"roadId": "ANDHERI-SEG-276", "roadName": "Krantiveer Lakhuji Salve Marg", "condition": "WATCH", "color": "#eab308", "score": 65}, "geometry": {"type": "Point", "coordinates": [72.870562, 19.121621]}}, {"type": "Feature", "id": "obs-ANDHERI-SEG-276-14", "properties": {"roadId": "ANDHERI-SEG-276", "roadName": "Krantiveer Lakhuji Salve Marg", "condition": "WATCH", "color": "#eab308", "score": 65}, "geometry": {"type": "Point", "coordinates": [72.87063, 19.121974]}}, {"type": "Feature", "id": "obs-ANDHERI-SEG-276-15", "properties": {"roadId": "ANDHERI-SEG-276", "roadName": "Krantiveer Lakhuji Salve Marg", "condition": "WATCH", "color": "#eab308", "score": 65}, "geometry": {"type": "Point", "coordinates": [72.870786, 19.122296]}}, {"type": "Feature", "id": "obs-ANDHERI-SEG-276-16", "properties": {"roadId": "ANDHERI-SEG-276", "roadName": "Krantiveer Lakhuji Salve Marg", "condition": "POOR", "color": "#f97316", "score": 65}, "geometry": {"type": "Point", "coordinates": [72.870996, 19.122596]}}, {"type": "Feature", "id": "obs-ANDHERI-SEG-276-17", "properties": {"roadId": "ANDHERI-SEG-276", "roadName": "Krantiveer Lakhuji Salve Marg", "condition": "WATCH", "color": "#eab308", "score": 65}, "geometry": {"type": "Point", "coordinates": [72.871219, 19.122888]}}, {"type": "Feature", "id": "obs-ANDHERI-SEG-276-18", "properties": {"roadId": "ANDHERI-SEG-276", "roadName": "Krantiveer Lakhuji Salve Marg", "condition": "WATCH", "color": "#eab308", "score": 65}, "geometry": {"type": "Point", "coordinates": [72.871442, 19.123179]}}, {"type": "Feature", "id": "obs-ANDHERI-SEG-276-19", "properties": {"roadId": "ANDHERI-SEG-276", "roadName": "Krantiveer Lakhuji Salve Marg", "condition": "WATCH", "color": "#eab308", "score": 65}, "geometry": {"type": "Point", "coordinates": [72.8714708, 19.123217]}}, {"type": "Feature", "id": "obs-ANDHERI-SEG-277-0", "properties": {"roadId": "ANDHERI-SEG-277", "roadName": "Mathuradas Vasanji Road", "condition": "HEALTHY", "color": "#10b981", "score": 88}, "geometry": {"type": "Point", "coordinates": [72.8667646, 19.1121655]}}, {"type": "Feature", "id": "obs-ANDHERI-SEG-277-1", "properties": {"roadId": "ANDHERI-SEG-277", "roadName": "Mathuradas Vasanji Road", "condition": "HEALTHY", "color": "#10b981", "score": 88}, "geometry": {"type": "Point", "coordinates": [72.8664, 19.11227]}}, {"type": "Feature", "id": "obs-ANDHERI-SEG-277-2", "properties": {"roadId": "ANDHERI-SEG-277", "roadName": "Mathuradas Vasanji Road", "condition": "HEALTHY", "color": "#10b981", "score": 88}, "geometry": {"type": "Point", "coordinates": [72.866036, 19.112374]}}, {"type": "Feature", "id": "obs-ANDHERI-SEG-277-3", "properties": {"roadId": "ANDHERI-SEG-277", "roadName": "Mathuradas Vasanji Road", "condition": "HEALTHY", "color": "#10b981", "score": 88}, "geometry": {"type": "Point", "coordinates": [72.865671, 19.112478]}}, {"type": "Feature", "id": "obs-ANDHERI-SEG-277-4", "properties": {"roadId": "ANDHERI-SEG-277", "roadName": "Mathuradas Vasanji Road", "condition": "HEALTHY", "color": "#10b981", "score": 88}, "geometry": {"type": "Point", "coordinates": [72.865307, 19.112582]}}, {"type": "Feature", "id": "obs-ANDHERI-SEG-277-5", "properties": {"roadId": "ANDHERI-SEG-277", "roadName": "Mathuradas Vasanji Road", "condition": "HEALTHY", "color": "#10b981", "score": 88}, "geometry": {"type": "Point", "coordinates": [72.864942, 19.112686]}}, {"type": "Feature", "id": "obs-ANDHERI-SEG-277-6", "properties": {"roadId": "ANDHERI-SEG-277", "roadName": "Mathuradas Vasanji Road", "condition": "HEALTHY", "color": "#10b981", "score": 88}, "geometry": {"type": "Point", "coordinates": [72.86458, 19.112796]}}, {"type": "Feature", "id": "obs-ANDHERI-SEG-277-7", "properties": {"roadId": "ANDHERI-SEG-277", "roadName": "Mathuradas Vasanji Road", "condition": "HEALTHY", "color": "#10b981", "score": 88}, "geometry": {"type": "Point", "coordinates": [72.864232, 19.112941]}}, {"type": "Feature", "id": "obs-ANDHERI-SEG-277-8", "properties": {"roadId": "ANDHERI-SEG-277", "roadName": "Mathuradas Vasanji Road", "condition": "HEALTHY", "color": "#10b981", "score": 88}, "geometry": {"type": "Point", "coordinates": [72.863892, 19.113102]}}, {"type": "Feature", "id": "obs-ANDHERI-SEG-277-9", "properties": {"roadId": "ANDHERI-SEG-277", "roadName": "Mathuradas Vasanji Road", "condition": "HEALTHY", "color": "#10b981", "score": 88}, "geometry": {"type": "Point", "coordinates": [72.86356, 19.113279]}}, {"type": "Feature", "id": "obs-ANDHERI-SEG-277-10", "properties": {"roadId": "ANDHERI-SEG-277", "roadName": "Mathuradas Vasanji Road", "condition": "HEALTHY", "color": "#10b981", "score": 88}, "geometry": {"type": "Point", "coordinates": [72.863229, 19.113456]}}, {"type": "Feature", "id": "obs-ANDHERI-SEG-277-11", "properties": {"roadId": "ANDHERI-SEG-277", "roadName": "Mathuradas Vasanji Road", "condition": "HEALTHY", "color": "#10b981", "score": 88}, "geometry": {"type": "Point", "coordinates": [72.862898, 19.113633]}}, {"type": "Feature", "id": "obs-ANDHERI-SEG-277-12", "properties": {"roadId": "ANDHERI-SEG-277", "roadName": "Mathuradas Vasanji Road", "condition": "HEALTHY", "color": "#10b981", "score": 88}, "geometry": {"type": "Point", "coordinates": [72.862566, 19.11381]}}, {"type": "Feature", "id": "obs-ANDHERI-SEG-277-13", "properties": {"roadId": "ANDHERI-SEG-277", "roadName": "Mathuradas Vasanji Road", "condition": "HEALTHY", "color": "#10b981", "score": 88}, "geometry": {"type": "Point", "coordinates": [72.862236, 19.11399]}}, {"type": "Feature", "id": "obs-ANDHERI-SEG-277-14", "properties": {"roadId": "ANDHERI-SEG-277", "roadName": "Mathuradas Vasanji Road", "condition": "HEALTHY", "color": "#10b981", "score": 88}, "geometry": {"type": "Point", "coordinates": [72.861906, 19.114168]}}, {"type": "Feature", "id": "obs-ANDHERI-SEG-277-15", "properties": {"roadId": "ANDHERI-SEG-277", "roadName": "Mathuradas Vasanji Road", "condition": "HEALTHY", "color": "#10b981", "score": 88}, "geometry": {"type": "Point", "coordinates": [72.861571, 19.114339]}}, {"type": "Feature", "id": "obs-ANDHERI-SEG-277-16", "properties": {"roadId": "ANDHERI-SEG-277", "roadName": "Mathuradas Vasanji Road", "condition": "HEALTHY", "color": "#10b981", "score": 88}, "geometry": {"type": "Point", "coordinates": [72.861227, 19.114493]}}, {"type": "Feature", "id": "obs-ANDHERI-SEG-277-17", "properties": {"roadId": "ANDHERI-SEG-277", "roadName": "Mathuradas Vasanji Road", "condition": "HEALTHY", "color": "#10b981", "score": 88}, "geometry": {"type": "Point", "coordinates": [72.860871, 19.114619]}}, {"type": "Feature", "id": "obs-ANDHERI-SEG-277-18", "properties": {"roadId": "ANDHERI-SEG-277", "roadName": "Mathuradas Vasanji Road", "condition": "HEALTHY", "color": "#10b981", "score": 88}, "geometry": {"type": "Point", "coordinates": [72.860504, 19.114713]}}, {"type": "Feature", "id": "obs-ANDHERI-SEG-277-19", "properties": {"roadId": "ANDHERI-SEG-277", "roadName": "Mathuradas Vasanji Road", "condition": "HEALTHY", "color": "#10b981", "score": 88}, "geometry": {"type": "Point", "coordinates": [72.8602007, 19.1147605]}}, {"type": "Feature", "id": "obs-ANDHERI-SEG-278-0", "properties": {"roadId": "ANDHERI-SEG-278", "roadName": "Sahar Road", "condition": "HEALTHY", "color": "#10b981", "score": 82}, "geometry": {"type": "Point", "coordinates": [72.8485775, 19.1124428]}}, {"type": "Feature", "id": "obs-ANDHERI-SEG-278-1", "properties": {"roadId": "ANDHERI-SEG-278", "roadName": "Sahar Road", "condition": "HEALTHY", "color": "#10b981", "score": 82}, "geometry": {"type": "Point", "coordinates": [72.848272, 19.112657]}}, {"type": "Feature", "id": "obs-ANDHERI-SEG-278-2", "properties": {"roadId": "ANDHERI-SEG-278", "roadName": "Sahar Road", "condition": "HEALTHY", "color": "#10b981", "score": 82}, "geometry": {"type": "Point", "coordinates": [72.848003, 19.112909]}}, {"type": "Feature", "id": "obs-ANDHERI-SEG-278-3", "properties": {"roadId": "ANDHERI-SEG-278", "roadName": "Sahar Road", "condition": "HEALTHY", "color": "#10b981", "score": 82}, "geometry": {"type": "Point", "coordinates": [72.8479697, 19.1129487]}}, {"type": "Feature", "id": "obs-ANDHERI-SEG-279-0", "properties": {"roadId": "ANDHERI-SEG-279", "roadName": "Swami Vivekanand Road", "condition": "POOR", "color": "#f97316", "score": 68}, "geometry": {"type": "Point", "coordinates": [72.8471955, 19.128259]}}, {"type": "Feature", "id": "obs-ANDHERI-SEG-279-1", "properties": {"roadId": "ANDHERI-SEG-279", "roadName": "Swami Vivekanand Road", "condition": "WATCH", "color": "#eab308", "score": 68}, "geometry": {"type": "Point", "coordinates": [72.847234, 19.128617]}}, {"type": "Feature", "id": "obs-ANDHERI-SEG-279-2", "properties": {"roadId": "ANDHERI-SEG-279", "roadName": "Swami Vivekanand Road", "condition": "WATCH", "color": "#eab308", "score": 68}, "geometry": {"type": "Point", "coordinates": [72.847272, 19.128975]}}, {"type": "Feature", "id": "obs-ANDHERI-SEG-279-3", "properties": {"roadId": "ANDHERI-SEG-279", "roadName": "Swami Vivekanand Road", "condition": "WATCH", "color": "#eab308", "score": 68}, "geometry": {"type": "Point", "coordinates": [72.847311, 19.129333]}}, {"type": "Feature", "id": "obs-ANDHERI-SEG-279-4", "properties": {"roadId": "ANDHERI-SEG-279", "roadName": "Swami Vivekanand Road", "condition": "POOR", "color": "#f97316", "score": 68}, "geometry": {"type": "Point", "coordinates": [72.847349, 19.129691]}}, {"type": "Feature", "id": "obs-ANDHERI-SEG-279-5", "properties": {"roadId": "ANDHERI-SEG-279", "roadName": "Swami Vivekanand Road", "condition": "WATCH", "color": "#eab308", "score": 68}, "geometry": {"type": "Point", "coordinates": [72.847387, 19.130048]}}, {"type": "Feature", "id": "obs-ANDHERI-SEG-279-6", "properties": {"roadId": "ANDHERI-SEG-279", "roadName": "Swami Vivekanand Road", "condition": "WATCH", "color": "#eab308", "score": 68}, "geometry": {"type": "Point", "coordinates": [72.847426, 19.130406]}}, {"type": "Feature", "id": "obs-ANDHERI-SEG-279-7", "properties": {"roadId": "ANDHERI-SEG-279", "roadName": "Swami Vivekanand Road", "condition": "WATCH", "color": "#eab308", "score": 68}, "geometry": {"type": "Point", "coordinates": [72.847464, 19.130764]}}, {"type": "Feature", "id": "obs-ANDHERI-SEG-279-8", "properties": {"roadId": "ANDHERI-SEG-279", "roadName": "Swami Vivekanand Road", "condition": "POOR", "color": "#f97316", "score": 68}, "geometry": {"type": "Point", "coordinates": [72.847493, 19.131123]}}, {"type": "Feature", "id": "obs-ANDHERI-SEG-279-9", "properties": {"roadId": "ANDHERI-SEG-279", "roadName": "Swami Vivekanand Road", "condition": "WATCH", "color": "#eab308", "score": 68}, "geometry": {"type": "Point", "coordinates": [72.847506, 19.131482]}}, {"type": "Feature", "id": "obs-ANDHERI-SEG-279-10", "properties": {"roadId": "ANDHERI-SEG-279", "roadName": "Swami Vivekanand Road", "condition": "WATCH", "color": "#eab308", "score": 68}, "geometry": {"type": "Point", "coordinates": [72.847516, 19.131842]}}, {"type": "Feature", "id": "obs-ANDHERI-SEG-279-11", "properties": {"roadId": "ANDHERI-SEG-279", "roadName": "Swami Vivekanand Road", "condition": "WATCH", "color": "#eab308", "score": 68}, "geometry": {"type": "Point", "coordinates": [72.847519, 19.132202]}}, {"type": "Feature", "id": "obs-ANDHERI-SEG-279-12", "properties": {"roadId": "ANDHERI-SEG-279", "roadName": "Swami Vivekanand Road", "condition": "POOR", "color": "#f97316", "score": 68}, "geometry": {"type": "Point", "coordinates": [72.847524, 19.132561]}}, {"type": "Feature", "id": "obs-ANDHERI-SEG-279-13", "properties": {"roadId": "ANDHERI-SEG-279", "roadName": "Swami Vivekanand Road", "condition": "WATCH", "color": "#eab308", "score": 68}, "geometry": {"type": "Point", "coordinates": [72.847525, 19.132921]}}, {"type": "Feature", "id": "obs-ANDHERI-SEG-279-14", "properties": {"roadId": "ANDHERI-SEG-279", "roadName": "Swami Vivekanand Road", "condition": "WATCH", "color": "#eab308", "score": 68}, "geometry": {"type": "Point", "coordinates": [72.84754, 19.13328]}}, {"type": "Feature", "id": "obs-ANDHERI-SEG-279-15", "properties": {"roadId": "ANDHERI-SEG-279", "roadName": "Swami Vivekanand Road", "condition": "WATCH", "color": "#eab308", "score": 68}, "geometry": {"type": "Point", "coordinates": [72.847586, 19.133637]}}, {"type": "Feature", "id": "obs-ANDHERI-SEG-279-16", "properties": {"roadId": "ANDHERI-SEG-279", "roadName": "Swami Vivekanand Road", "condition": "POOR", "color": "#f97316", "score": 68}, "geometry": {"type": "Point", "coordinates": [72.8476008, 19.1337547]}}, {"type": "Feature", "id": "obs-ANDHERI-SEG-280-0", "properties": {"roadId": "ANDHERI-SEG-280", "roadName": "Sahar Road", "condition": "HEALTHY", "color": "#10b981", "score": 91}, "geometry": {"type": "Point", "coordinates": [72.85296, 19.1094768]}}, {"type": "Feature", "id": "obs-ANDHERI-SEG-280-1", "properties": {"roadId": "ANDHERI-SEG-280", "roadName": "Sahar Road", "condition": "HEALTHY", "color": "#10b981", "score": 91}, "geometry": {"type": "Point", "coordinates": [72.852915, 19.109834]}}, {"type": "Feature", "id": "obs-ANDHERI-SEG-280-2", "properties": {"roadId": "ANDHERI-SEG-280", "roadName": "Sahar Road", "condition": "HEALTHY", "color": "#10b981", "score": 91}, "geometry": {"type": "Point", "coordinates": [72.852883, 19.110191]}}, {"type": "Feature", "id": "obs-ANDHERI-SEG-280-3", "properties": {"roadId": "ANDHERI-SEG-280", "roadName": "Sahar Road", "condition": "HEALTHY", "color": "#10b981", "score": 91}, "geometry": {"type": "Point", "coordinates": [72.852937, 19.110547]}}, {"type": "Feature", "id": "obs-ANDHERI-SEG-280-4", "properties": {"roadId": "ANDHERI-SEG-280", "roadName": "Sahar Road", "condition": "HEALTHY", "color": "#10b981", "score": 91}, "geometry": {"type": "Point", "coordinates": [72.853038, 19.110893]}}, {"type": "Feature", "id": "obs-ANDHERI-SEG-280-5", "properties": {"roadId": "ANDHERI-SEG-280", "roadName": "Sahar Road", "condition": "HEALTHY", "color": "#10b981", "score": 91}, "geometry": {"type": "Point", "coordinates": [72.853142, 19.111239]}}, {"type": "Feature", "id": "obs-ANDHERI-SEG-280-6", "properties": {"roadId": "ANDHERI-SEG-280", "roadName": "Sahar Road", "condition": "HEALTHY", "color": "#10b981", "score": 91}, "geometry": {"type": "Point", "coordinates": [72.853207, 19.111592]}}, {"type": "Feature", "id": "obs-ANDHERI-SEG-280-7", "properties": {"roadId": "ANDHERI-SEG-280", "roadName": "Sahar Road", "condition": "HEALTHY", "color": "#10b981", "score": 91}, "geometry": {"type": "Point", "coordinates": [72.853221, 19.111951]}}, {"type": "Feature", "id": "obs-ANDHERI-SEG-280-8", "properties": {"roadId": "ANDHERI-SEG-280", "roadName": "Sahar Road", "condition": "HEALTHY", "color": "#10b981", "score": 91}, "geometry": {"type": "Point", "coordinates": [72.853227, 19.112311]}}, {"type": "Feature", "id": "obs-ANDHERI-SEG-280-9", "properties": {"roadId": "ANDHERI-SEG-280", "roadName": "Sahar Road", "condition": "HEALTHY", "color": "#10b981", "score": 91}, "geometry": {"type": "Point", "coordinates": [72.853113, 19.11265]}}, {"type": "Feature", "id": "obs-ANDHERI-SEG-280-10", "properties": {"roadId": "ANDHERI-SEG-280", "roadName": "Sahar Road", "condition": "HEALTHY", "color": "#10b981", "score": 91}, "geometry": {"type": "Point", "coordinates": [72.852937, 19.112969]}}, {"type": "Feature", "id": "obs-ANDHERI-SEG-280-11", "properties": {"roadId": "ANDHERI-SEG-280", "roadName": "Sahar Road", "condition": "HEALTHY", "color": "#10b981", "score": 91}, "geometry": {"type": "Point", "coordinates": [72.8529245, 19.1129907]}}, {"type": "Feature", "id": "obs-ANDHERI-SEG-281-0", "properties": {"roadId": "ANDHERI-SEG-281", "roadName": "Sahar Road", "condition": "POOR", "color": "#f97316", "score": 64}, "geometry": {"type": "Point", "coordinates": [72.848678, 19.1124488]}}, {"type": "Feature", "id": "obs-ANDHERI-SEG-281-1", "properties": {"roadId": "ANDHERI-SEG-281", "roadName": "Sahar Road", "condition": "WATCH", "color": "#eab308", "score": 64}, "geometry": {"type": "Point", "coordinates": [72.848968, 19.112216]}}, {"type": "Feature", "id": "obs-ANDHERI-SEG-281-2", "properties": {"roadId": "ANDHERI-SEG-281", "roadName": "Sahar Road", "condition": "WATCH", "color": "#eab308", "score": 64}, "geometry": {"type": "Point", "coordinates": [72.849264, 19.111989]}}, {"type": "Feature", "id": "obs-ANDHERI-SEG-281-3", "properties": {"roadId": "ANDHERI-SEG-281", "roadName": "Sahar Road", "condition": "WATCH", "color": "#eab308", "score": 64}, "geometry": {"type": "Point", "coordinates": [72.849561, 19.111764]}}, {"type": "Feature", "id": "obs-ANDHERI-SEG-281-4", "properties": {"roadId": "ANDHERI-SEG-281", "roadName": "Sahar Road", "condition": "POOR", "color": "#f97316", "score": 64}, "geometry": {"type": "Point", "coordinates": [72.849858, 19.11154]}}, {"type": "Feature", "id": "obs-ANDHERI-SEG-281-5", "properties": {"roadId": "ANDHERI-SEG-281", "roadName": "Sahar Road", "condition": "WATCH", "color": "#eab308", "score": 64}, "geometry": {"type": "Point", "coordinates": [72.8501157, 19.1113453]}}, {"type": "Feature", "id": "obs-ANDHERI-SEG-282-0", "properties": {"roadId": "ANDHERI-SEG-282", "roadName": "R K Paramhans Road", "condition": "CRITICAL", "color": "#ef4444", "score": 46}, "geometry": {"type": "Point", "coordinates": [72.8484047, 19.1190254]}}, {"type": "Feature", "id": "obs-ANDHERI-SEG-282-1", "properties": {"roadId": "ANDHERI-SEG-282", "roadName": "R K Paramhans Road", "condition": "POOR", "color": "#f97316", "score": 46}, "geometry": {"type": "Point", "coordinates": [72.848269, 19.118689]}}, {"type": "Feature", "id": "obs-ANDHERI-SEG-282-2", "properties": {"roadId": "ANDHERI-SEG-282", "roadName": "R K Paramhans Road", "condition": "POOR", "color": "#f97316", "score": 46}, "geometry": {"type": "Point", "coordinates": [72.8481897, 19.1185375]}}, {"type": "Feature", "id": "obs-ANDHERI-SEG-283-0", "properties": {"roadId": "ANDHERI-SEG-283", "roadName": "Andheri Station Road", "condition": "HEALTHY", "color": "#10b981", "score": 85}, "geometry": {"type": "Point", "coordinates": [72.8480077, 19.1189846]}}, {"type": "Feature", "id": "obs-ANDHERI-SEG-283-1", "properties": {"roadId": "ANDHERI-SEG-283", "roadName": "Andheri Station Road", "condition": "HEALTHY", "color": "#10b981", "score": 85}, "geometry": {"type": "Point", "coordinates": [72.847974, 19.119343]}}, {"type": "Feature", "id": "obs-ANDHERI-SEG-283-2", "properties": {"roadId": "ANDHERI-SEG-283", "roadName": "Andheri Station Road", "condition": "HEALTHY", "color": "#10b981", "score": 85}, "geometry": {"type": "Point", "coordinates": [72.847956, 19.119702]}}, {"type": "Feature", "id": "obs-ANDHERI-SEG-283-3", "properties": {"roadId": "ANDHERI-SEG-283", "roadName": "Andheri Station Road", "condition": "HEALTHY", "color": "#10b981", "score": 85}, "geometry": {"type": "Point", "coordinates": [72.847972, 19.120061]}}, {"type": "Feature", "id": "obs-ANDHERI-SEG-283-4", "properties": {"roadId": "ANDHERI-SEG-283", "roadName": "Andheri Station Road", "condition": "HEALTHY", "color": "#10b981", "score": 85}, "geometry": {"type": "Point", "coordinates": [72.847976, 19.1201016]}}, {"type": "Feature", "id": "obs-ANDHERI-SEG-284-0", "properties": {"roadId": "ANDHERI-SEG-284", "roadName": "Mahakali Caves Road", "condition": "POOR", "color": "#f97316", "score": 71}, "geometry": {"type": "Point", "coordinates": [72.8600696, 19.1147757]}}, {"type": "Feature", "id": "obs-ANDHERI-SEG-284-1", "properties": {"roadId": "ANDHERI-SEG-284", "roadName": "Mahakali Caves Road", "condition": "WATCH", "color": "#eab308", "score": 71}, "geometry": {"type": "Point", "coordinates": [72.860099, 19.114917]}}, {"type": "Feature", "id": "obs-ANDHERI-SEG-285-0", "properties": {"roadId": "ANDHERI-SEG-285", "roadName": "Krantiveer Lakhuji Salve Marg", "condition": "CRITICAL", "color": "#ef4444", "score": 29}, "geometry": {"type": "Point", "coordinates": [72.8675294, 19.1178459]}}, {"type": "Feature", "id": "obs-ANDHERI-SEG-285-1", "properties": {"roadId": "ANDHERI-SEG-285", "roadName": "Krantiveer Lakhuji Salve Marg", "condition": "CRITICAL", "color": "#ef4444", "score": 29}, "geometry": {"type": "Point", "coordinates": [72.867149, 19.117844]}}, {"type": "Feature", "id": "obs-ANDHERI-SEG-285-2", "properties": {"roadId": "ANDHERI-SEG-285", "roadName": "Krantiveer Lakhuji Salve Marg", "condition": "CRITICAL", "color": "#ef4444", "score": 29}, "geometry": {"type": "Point", "coordinates": [72.866768, 19.117842]}}, {"type": "Feature", "id": "obs-ANDHERI-SEG-285-3", "properties": {"roadId": "ANDHERI-SEG-285", "roadName": "Krantiveer Lakhuji Salve Marg", "condition": "CRITICAL", "color": "#ef4444", "score": 29}, "geometry": {"type": "Point", "coordinates": [72.866387, 19.117837]}}, {"type": "Feature", "id": "obs-ANDHERI-SEG-285-4", "properties": {"roadId": "ANDHERI-SEG-285", "roadName": "Krantiveer Lakhuji Salve Marg", "condition": "CRITICAL", "color": "#ef4444", "score": 29}, "geometry": {"type": "Point", "coordinates": [72.866007, 19.117831]}}, {"type": "Feature", "id": "obs-ANDHERI-SEG-285-5", "properties": {"roadId": "ANDHERI-SEG-285", "roadName": "Krantiveer Lakhuji Salve Marg", "condition": "CRITICAL", "color": "#ef4444", "score": 29}, "geometry": {"type": "Point", "coordinates": [72.865626, 19.117827]}}, {"type": "Feature", "id": "obs-ANDHERI-SEG-285-6", "properties": {"roadId": "ANDHERI-SEG-285", "roadName": "Krantiveer Lakhuji Salve Marg", "condition": "CRITICAL", "color": "#ef4444", "score": 29}, "geometry": {"type": "Point", "coordinates": [72.865245, 19.117826]}}, {"type": "Feature", "id": "obs-ANDHERI-SEG-285-7", "properties": {"roadId": "ANDHERI-SEG-285", "roadName": "Krantiveer Lakhuji Salve Marg", "condition": "CRITICAL", "color": "#ef4444", "score": 29}, "geometry": {"type": "Point", "coordinates": [72.864864, 19.117825]}}, {"type": "Feature", "id": "obs-ANDHERI-SEG-285-8", "properties": {"roadId": "ANDHERI-SEG-285", "roadName": "Krantiveer Lakhuji Salve Marg", "condition": "CRITICAL", "color": "#ef4444", "score": 29}, "geometry": {"type": "Point", "coordinates": [72.864484, 19.117819]}}, {"type": "Feature", "id": "obs-ANDHERI-SEG-285-9", "properties": {"roadId": "ANDHERI-SEG-285", "roadName": "Krantiveer Lakhuji Salve Marg", "condition": "CRITICAL", "color": "#ef4444", "score": 29}, "geometry": {"type": "Point", "coordinates": [72.864103, 19.117814]}}, {"type": "Feature", "id": "obs-ANDHERI-SEG-285-10", "properties": {"roadId": "ANDHERI-SEG-285", "roadName": "Krantiveer Lakhuji Salve Marg", "condition": "CRITICAL", "color": "#ef4444", "score": 29}, "geometry": {"type": "Point", "coordinates": [72.863722, 19.117809]}}, {"type": "Feature", "id": "obs-ANDHERI-SEG-285-11", "properties": {"roadId": "ANDHERI-SEG-285", "roadName": "Krantiveer Lakhuji Salve Marg", "condition": "CRITICAL", "color": "#ef4444", "score": 29}, "geometry": {"type": "Point", "coordinates": [72.863342, 19.117821]}}, {"type": "Feature", "id": "obs-ANDHERI-SEG-285-12", "properties": {"roadId": "ANDHERI-SEG-285", "roadName": "Krantiveer Lakhuji Salve Marg", "condition": "CRITICAL", "color": "#ef4444", "score": 29}, "geometry": {"type": "Point", "coordinates": [72.8630883, 19.1178611]}}, {"type": "Feature", "id": "obs-ANDHERI-SEG-286-0", "properties": {"roadId": "ANDHERI-SEG-286", "roadName": "Krantiveer Lakhuji Salve Marg", "condition": "CRITICAL", "color": "#ef4444", "score": 42}, "geometry": {"type": "Point", "coordinates": [72.8631295, 19.1179369]}}, {"type": "Feature", "id": "obs-ANDHERI-SEG-286-1", "properties": {"roadId": "ANDHERI-SEG-286", "roadName": "Krantiveer Lakhuji Salve Marg", "condition": "POOR", "color": "#f97316", "score": 42}, "geometry": {"type": "Point", "coordinates": [72.863503, 19.117875]}}, {"type": "Feature", "id": "obs-ANDHERI-SEG-286-2", "properties": {"roadId": "ANDHERI-SEG-286", "roadName": "Krantiveer Lakhuji Salve Marg", "condition": "POOR", "color": "#f97316", "score": 42}, "geometry": {"type": "Point", "coordinates": [72.863883, 19.117875]}}, {"type": "Feature", "id": "obs-ANDHERI-SEG-286-3", "properties": {"roadId": "ANDHERI-SEG-286", "roadName": "Krantiveer Lakhuji Salve Marg", "condition": "CRITICAL", "color": "#ef4444", "score": 42}, "geometry": {"type": "Point", "coordinates": [72.864263, 19.117898]}}, {"type": "Feature", "id": "obs-ANDHERI-SEG-286-4", "properties": {"roadId": "ANDHERI-SEG-286", "roadName": "Krantiveer Lakhuji Salve Marg", "condition": "POOR", "color": "#f97316", "score": 42}, "geometry": {"type": "Point", "coordinates": [72.864643, 19.11792]}}, {"type": "Feature", "id": "obs-ANDHERI-SEG-286-5", "properties": {"roadId": "ANDHERI-SEG-286", "roadName": "Krantiveer Lakhuji Salve Marg", "condition": "POOR", "color": "#f97316", "score": 42}, "geometry": {"type": "Point", "coordinates": [72.865023, 19.117939]}}, {"type": "Feature", "id": "obs-ANDHERI-SEG-286-6", "properties": {"roadId": "ANDHERI-SEG-286", "roadName": "Krantiveer Lakhuji Salve Marg", "condition": "CRITICAL", "color": "#ef4444", "score": 42}, "geometry": {"type": "Point", "coordinates": [72.865404, 19.117943]}}, {"type": "Feature", "id": "obs-ANDHERI-SEG-286-7", "properties": {"roadId": "ANDHERI-SEG-286", "roadName": "Krantiveer Lakhuji Salve Marg", "condition": "POOR", "color": "#f97316", "score": 42}, "geometry": {"type": "Point", "coordinates": [72.865785, 19.117948]}}, {"type": "Feature", "id": "obs-ANDHERI-SEG-286-8", "properties": {"roadId": "ANDHERI-SEG-286", "roadName": "Krantiveer Lakhuji Salve Marg", "condition": "POOR", "color": "#f97316", "score": 42}, "geometry": {"type": "Point", "coordinates": [72.866165, 19.117952]}}, {"type": "Feature", "id": "obs-ANDHERI-SEG-286-9", "properties": {"roadId": "ANDHERI-SEG-286", "roadName": "Krantiveer Lakhuji Salve Marg", "condition": "CRITICAL", "color": "#ef4444", "score": 42}, "geometry": {"type": "Point", "coordinates": [72.866546, 19.117957]}}, {"type": "Feature", "id": "obs-ANDHERI-SEG-286-10", "properties": {"roadId": "ANDHERI-SEG-286", "roadName": "Krantiveer Lakhuji Salve Marg", "condition": "POOR", "color": "#f97316", "score": 42}, "geometry": {"type": "Point", "coordinates": [72.866927, 19.117961]}}, {"type": "Feature", "id": "obs-ANDHERI-SEG-286-11", "properties": {"roadId": "ANDHERI-SEG-286", "roadName": "Krantiveer Lakhuji Salve Marg", "condition": "POOR", "color": "#f97316", "score": 42}, "geometry": {"type": "Point", "coordinates": [72.867307, 19.117965]}}, {"type": "Feature", "id": "obs-ANDHERI-SEG-286-12", "properties": {"roadId": "ANDHERI-SEG-286", "roadName": "Krantiveer Lakhuji Salve Marg", "condition": "CRITICAL", "color": "#ef4444", "score": 42}, "geometry": {"type": "Point", "coordinates": [72.8675401, 19.1179678]}}, {"type": "Feature", "id": "obs-ANDHERI-SEG-287-0", "properties": {"roadId": "ANDHERI-SEG-287", "roadName": "Swami Vivekanand Road", "condition": "HEALTHY", "color": "#10b981", "score": 79}, "geometry": {"type": "Point", "coordinates": [72.8476008, 19.1337547]}}, {"type": "Feature", "id": "obs-ANDHERI-SEG-287-1", "properties": {"roadId": "ANDHERI-SEG-287", "roadName": "Swami Vivekanand Road", "condition": "HEALTHY", "color": "#10b981", "score": 79}, "geometry": {"type": "Point", "coordinates": [72.847655, 19.134111]}}, {"type": "Feature", "id": "obs-ANDHERI-SEG-287-2", "properties": {"roadId": "ANDHERI-SEG-287", "roadName": "Swami Vivekanand Road", "condition": "HEALTHY", "color": "#10b981", "score": 79}, "geometry": {"type": "Point", "coordinates": [72.847714, 19.134466]}}, {"type": "Feature", "id": "obs-ANDHERI-SEG-287-3", "properties": {"roadId": "ANDHERI-SEG-287", "roadName": "Swami Vivekanand Road", "condition": "HEALTHY", "color": "#10b981", "score": 79}, "geometry": {"type": "Point", "coordinates": [72.847723, 19.134825]}}, {"type": "Feature", "id": "obs-ANDHERI-SEG-287-4", "properties": {"roadId": "ANDHERI-SEG-287", "roadName": "Swami Vivekanand Road", "condition": "HEALTHY", "color": "#10b981", "score": 79}, "geometry": {"type": "Point", "coordinates": [72.847706, 19.135184]}}, {"type": "Feature", "id": "obs-ANDHERI-SEG-287-5", "properties": {"roadId": "ANDHERI-SEG-287", "roadName": "Swami Vivekanand Road", "condition": "HEALTHY", "color": "#10b981", "score": 79}, "geometry": {"type": "Point", "coordinates": [72.84769, 19.135543]}}, {"type": "Feature", "id": "obs-ANDHERI-SEG-287-6", "properties": {"roadId": "ANDHERI-SEG-287", "roadName": "Swami Vivekanand Road", "condition": "HEALTHY", "color": "#10b981", "score": 79}, "geometry": {"type": "Point", "coordinates": [72.847594, 19.135887]}}, {"type": "Feature", "id": "obs-ANDHERI-SEG-287-7", "properties": {"roadId": "ANDHERI-SEG-287", "roadName": "Swami Vivekanand Road", "condition": "HEALTHY", "color": "#10b981", "score": 79}, "geometry": {"type": "Point", "coordinates": [72.847408, 19.1362]}}, {"type": "Feature", "id": "obs-ANDHERI-SEG-287-8", "properties": {"roadId": "ANDHERI-SEG-287", "roadName": "Swami Vivekanand Road", "condition": "HEALTHY", "color": "#10b981", "score": 79}, "geometry": {"type": "Point", "coordinates": [72.847154, 19.136468]}}, {"type": "Feature", "id": "obs-ANDHERI-SEG-287-9", "properties": {"roadId": "ANDHERI-SEG-287", "roadName": "Swami Vivekanand Road", "condition": "HEALTHY", "color": "#10b981", "score": 79}, "geometry": {"type": "Point", "coordinates": [72.8469, 19.136736]}}, {"type": "Feature", "id": "obs-ANDHERI-SEG-287-10", "properties": {"roadId": "ANDHERI-SEG-287", "roadName": "Swami Vivekanand Road", "condition": "HEALTHY", "color": "#10b981", "score": 79}, "geometry": {"type": "Point", "coordinates": [72.846646, 19.137003]}}, {"type": "Feature", "id": "obs-ANDHERI-SEG-287-11", "properties": {"roadId": "ANDHERI-SEG-287", "roadName": "Swami Vivekanand Road", "condition": "HEALTHY", "color": "#10b981", "score": 79}, "geometry": {"type": "Point", "coordinates": [72.846391, 19.137271]}}, {"type": "Feature", "id": "obs-ANDHERI-SEG-287-12", "properties": {"roadId": "ANDHERI-SEG-287", "roadName": "Swami Vivekanand Road", "condition": "HEALTHY", "color": "#10b981", "score": 79}, "geometry": {"type": "Point", "coordinates": [72.846134, 19.137535]}}, {"type": "Feature", "id": "obs-ANDHERI-SEG-287-13", "properties": {"roadId": "ANDHERI-SEG-287", "roadName": "Swami Vivekanand Road", "condition": "HEALTHY", "color": "#10b981", "score": 79}, "geometry": {"type": "Point", "coordinates": [72.845866, 19.137791]}}, {"type": "Feature", "id": "obs-ANDHERI-SEG-287-14", "properties": {"roadId": "ANDHERI-SEG-287", "roadName": "Swami Vivekanand Road", "condition": "HEALTHY", "color": "#10b981", "score": 79}, "geometry": {"type": "Point", "coordinates": [72.845599, 19.138048]}}, {"type": "Feature", "id": "obs-ANDHERI-SEG-287-15", "properties": {"roadId": "ANDHERI-SEG-287", "roadName": "Swami Vivekanand Road", "condition": "HEALTHY", "color": "#10b981", "score": 79}, "geometry": {"type": "Point", "coordinates": [72.845331, 19.138304]}}, {"type": "Feature", "id": "obs-ANDHERI-SEG-287-16", "properties": {"roadId": "ANDHERI-SEG-287", "roadName": "Swami Vivekanand Road", "condition": "HEALTHY", "color": "#10b981", "score": 79}, "geometry": {"type": "Point", "coordinates": [72.845064, 19.13856]}}, {"type": "Feature", "id": "obs-ANDHERI-SEG-287-17", "properties": {"roadId": "ANDHERI-SEG-287", "roadName": "Swami Vivekanand Road", "condition": "HEALTHY", "color": "#10b981", "score": 79}, "geometry": {"type": "Point", "coordinates": [72.844797, 19.138816]}}, {"type": "Feature", "id": "obs-ANDHERI-SEG-287-18", "properties": {"roadId": "ANDHERI-SEG-287", "roadName": "Swami Vivekanand Road", "condition": "HEALTHY", "color": "#10b981", "score": 79}, "geometry": {"type": "Point", "coordinates": [72.844529, 19.139072]}}, {"type": "Feature", "id": "obs-ANDHERI-SEG-287-19", "properties": {"roadId": "ANDHERI-SEG-287", "roadName": "Swami Vivekanand Road", "condition": "HEALTHY", "color": "#10b981", "score": 79}, "geometry": {"type": "Point", "coordinates": [72.8444495, 19.139148]}}, {"type": "Feature", "id": "obs-ANDHERI-SEG-288-0", "properties": {"roadId": "ANDHERI-SEG-288", "roadName": "Madhavdas Amarshi Marg", "condition": "POOR", "color": "#f97316", "score": 65}, "geometry": {"type": "Point", "coordinates": [72.8462184, 19.1193706]}}, {"type": "Feature", "id": "obs-ANDHERI-SEG-288-1", "properties": {"roadId": "ANDHERI-SEG-288", "roadName": "Madhavdas Amarshi Marg", "condition": "WATCH", "color": "#eab308", "score": 65}, "geometry": {"type": "Point", "coordinates": [72.846159, 19.119709]}}, {"type": "Feature", "id": "obs-ANDHERI-SEG-288-2", "properties": {"roadId": "ANDHERI-SEG-288", "roadName": "Madhavdas Amarshi Marg", "condition": "WATCH", "color": "#eab308", "score": 65}, "geometry": {"type": "Point", "coordinates": [72.846105, 19.1197366]}}, {"type": "Feature", "id": "obs-ANDHERI-SEG-289-0", "properties": {"roadId": "ANDHERI-SEG-289", "roadName": "Mathuradas Vasanji Road", "condition": "HEALTHY", "color": "#10b981", "score": 88}, "geometry": {"type": "Point", "coordinates": [72.860099, 19.114917]}}, {"type": "Feature", "id": "obs-ANDHERI-SEG-289-1", "properties": {"roadId": "ANDHERI-SEG-289", "roadName": "Mathuradas Vasanji Road", "condition": "HEALTHY", "color": "#10b981", "score": 88}, "geometry": {"type": "Point", "coordinates": [72.8603628, 19.1148851]}}, {"type": "Feature", "id": "obs-ANDHERI-SEG-290-0", "properties": {"roadId": "ANDHERI-SEG-290", "roadName": "Swami Vivekanand Road", "condition": "HEALTHY", "color": "#10b981", "score": 82}, "geometry": {"type": "Point", "coordinates": [72.8443462, 19.1394196]}}, {"type": "Feature", "id": "obs-ANDHERI-SEG-290-1", "properties": {"roadId": "ANDHERI-SEG-290", "roadName": "Swami Vivekanand Road", "condition": "HEALTHY", "color": "#10b981", "score": 82}, "geometry": {"type": "Point", "coordinates": [72.844617, 19.139167]}}, {"type": "Feature", "id": "obs-ANDHERI-SEG-290-2", "properties": {"roadId": "ANDHERI-SEG-290", "roadName": "Swami Vivekanand Road", "condition": "HEALTHY", "color": "#10b981", "score": 82}, "geometry": {"type": "Point", "coordinates": [72.844884, 19.13891]}}, {"type": "Feature", "id": "obs-ANDHERI-SEG-290-3", "properties": {"roadId": "ANDHERI-SEG-290", "roadName": "Swami Vivekanand Road", "condition": "HEALTHY", "color": "#10b981", "score": 82}, "geometry": {"type": "Point", "coordinates": [72.84515, 19.138653]}}, {"type": "Feature", "id": "obs-ANDHERI-SEG-290-4", "properties": {"roadId": "ANDHERI-SEG-290", "roadName": "Swami Vivekanand Road", "condition": "HEALTHY", "color": "#10b981", "score": 82}, "geometry": {"type": "Point", "coordinates": [72.845411, 19.138391]}}, {"type": "Feature", "id": "obs-ANDHERI-SEG-290-5", "properties": {"roadId": "ANDHERI-SEG-290", "roadName": "Swami Vivekanand Road", "condition": "HEALTHY", "color": "#10b981", "score": 82}, "geometry": {"type": "Point", "coordinates": [72.845672, 19.138129]}}, {"type": "Feature", "id": "obs-ANDHERI-SEG-290-6", "properties": {"roadId": "ANDHERI-SEG-290", "roadName": "Swami Vivekanand Road", "condition": "HEALTHY", "color": "#10b981", "score": 82}, "geometry": {"type": "Point", "coordinates": [72.845932, 19.137866]}}, {"type": "Feature", "id": "obs-ANDHERI-SEG-290-7", "properties": {"roadId": "ANDHERI-SEG-290", "roadName": "Swami Vivekanand Road", "condition": "HEALTHY", "color": "#10b981", "score": 82}, "geometry": {"type": "Point", "coordinates": [72.846192, 19.137604]}}, {"type": "Feature", "id": "obs-ANDHERI-SEG-290-8", "properties": {"roadId": "ANDHERI-SEG-290", "roadName": "Swami Vivekanand Road", "condition": "HEALTHY", "color": "#10b981", "score": 82}, "geometry": {"type": "Point", "coordinates": [72.846454, 19.137342]}}, {"type": "Feature", "id": "obs-ANDHERI-SEG-290-9", "properties": {"roadId": "ANDHERI-SEG-290", "roadName": "Swami Vivekanand Road", "condition": "HEALTHY", "color": "#10b981", "score": 82}, "geometry": {"type": "Point", "coordinates": [72.846716, 19.137081]}}, {"type": "Feature", "id": "obs-ANDHERI-SEG-290-10", "properties": {"roadId": "ANDHERI-SEG-290", "roadName": "Swami Vivekanand Road", "condition": "HEALTHY", "color": "#10b981", "score": 82}, "geometry": {"type": "Point", "coordinates": [72.84697, 19.136813]}}, {"type": "Feature", "id": "obs-ANDHERI-SEG-290-11", "properties": {"roadId": "ANDHERI-SEG-290", "roadName": "Swami Vivekanand Road", "condition": "HEALTHY", "color": "#10b981", "score": 82}, "geometry": {"type": "Point", "coordinates": [72.847218, 19.136541]}}, {"type": "Feature", "id": "obs-ANDHERI-SEG-290-12", "properties": {"roadId": "ANDHERI-SEG-290", "roadName": "Swami Vivekanand Road", "condition": "HEALTHY", "color": "#10b981", "score": 82}, "geometry": {"type": "Point", "coordinates": [72.847466, 19.136268]}}, {"type": "Feature", "id": "obs-ANDHERI-SEG-290-13", "properties": {"roadId": "ANDHERI-SEG-290", "roadName": "Swami Vivekanand Road", "condition": "HEALTHY", "color": "#10b981", "score": 82}, "geometry": {"type": "Point", "coordinates": [72.847653, 19.135956]}}, {"type": "Feature", "id": "obs-ANDHERI-SEG-290-14", "properties": {"roadId": "ANDHERI-SEG-290", "roadName": "Swami Vivekanand Road", "condition": "HEALTHY", "color": "#10b981", "score": 82}, "geometry": {"type": "Point", "coordinates": [72.847761, 19.135613]}}, {"type": "Feature", "id": "obs-ANDHERI-SEG-290-15", "properties": {"roadId": "ANDHERI-SEG-290", "roadName": "Swami Vivekanand Road", "condition": "HEALTHY", "color": "#10b981", "score": 82}, "geometry": {"type": "Point", "coordinates": [72.847788, 19.135255]}}, {"type": "Feature", "id": "obs-ANDHERI-SEG-290-16", "properties": {"roadId": "ANDHERI-SEG-290", "roadName": "Swami Vivekanand Road", "condition": "HEALTHY", "color": "#10b981", "score": 82}, "geometry": {"type": "Point", "coordinates": [72.847804, 19.134895]}}, {"type": "Feature", "id": "obs-ANDHERI-SEG-290-17", "properties": {"roadId": "ANDHERI-SEG-290", "roadName": "Swami Vivekanand Road", "condition": "HEALTHY", "color": "#10b981", "score": 82}, "geometry": {"type": "Point", "coordinates": [72.8478154, 19.1346605]}}, {"type": "Feature", "id": "obs-ANDHERI-SEG-291-0", "properties": {"roadId": "ANDHERI-SEG-291", "roadName": "Guru Hargovindji Road", "condition": "POOR", "color": "#f97316", "score": 68}, "geometry": {"type": "Point", "coordinates": [72.866939, 19.1123616]}}, {"type": "Feature", "id": "obs-ANDHERI-SEG-291-1", "properties": {"roadId": "ANDHERI-SEG-291", "roadName": "Guru Hargovindji Road", "condition": "WATCH", "color": "#eab308", "score": 68}, "geometry": {"type": "Point", "coordinates": [72.8669444, 19.1122866]}}, {"type": "Feature", "id": "obs-ANDHERI-SEG-292-0", "properties": {"roadId": "ANDHERI-SEG-292", "roadName": "Krantiveer Lakhuji Salve Marg", "condition": "HEALTHY", "color": "#10b981", "score": 91}, "geometry": {"type": "Point", "coordinates": [72.8675401, 19.1179678]}}, {"type": "Feature", "id": "obs-ANDHERI-SEG-292-1", "properties": {"roadId": "ANDHERI-SEG-292", "roadName": "Krantiveer Lakhuji Salve Marg", "condition": "HEALTHY", "color": "#10b981", "score": 91}, "geometry": {"type": "Point", "coordinates": [72.867921, 19.117977]}}, {"type": "Feature", "id": "obs-ANDHERI-SEG-292-2", "properties": {"roadId": "ANDHERI-SEG-292", "roadName": "Krantiveer Lakhuji Salve Marg", "condition": "HEALTHY", "color": "#10b981", "score": 91}, "geometry": {"type": "Point", "coordinates": [72.868301, 19.117991]}}, {"type": "Feature", "id": "obs-ANDHERI-SEG-292-3", "properties": {"roadId": "ANDHERI-SEG-292", "roadName": "Krantiveer Lakhuji Salve Marg", "condition": "HEALTHY", "color": "#10b981", "score": 91}, "geometry": {"type": "Point", "coordinates": [72.8684928, 19.1179981]}}, {"type": "Feature", "id": "obs-ANDHERI-SEG-293-0", "properties": {"roadId": "ANDHERI-SEG-293", "roadName": "Mahakali Caves Road", "condition": "POOR", "color": "#f97316", "score": 64}, "geometry": {"type": "Point", "coordinates": [72.8648997, 19.1249941]}}, {"type": "Feature", "id": "obs-ANDHERI-SEG-293-1", "properties": {"roadId": "ANDHERI-SEG-293", "roadName": "Mahakali Caves Road", "condition": "WATCH", "color": "#eab308", "score": 64}, "geometry": {"type": "Point", "coordinates": [72.864854, 19.1249052]}}, {"type": "Feature", "id": "obs-ANDHERI-SEG-294-0", "properties": {"roadId": "ANDHERI-SEG-294", "roadName": "Mahakali Caves Road", "condition": "CRITICAL", "color": "#ef4444", "score": 46}, "geometry": {"type": "Point", "coordinates": [72.8672969, 19.1271234]}}, {"type": "Feature", "id": "obs-ANDHERI-SEG-294-1", "properties": {"roadId": "ANDHERI-SEG-294", "roadName": "Mahakali Caves Road", "condition": "POOR", "color": "#f97316", "score": 46}, "geometry": {"type": "Point", "coordinates": [72.867488, 19.127431]}}, {"type": "Feature", "id": "obs-ANDHERI-SEG-294-2", "properties": {"roadId": "ANDHERI-SEG-294", "roadName": "Mahakali Caves Road", "condition": "POOR", "color": "#f97316", "score": 46}, "geometry": {"type": "Point", "coordinates": [72.867753, 19.12769]}}, {"type": "Feature", "id": "obs-ANDHERI-SEG-294-3", "properties": {"roadId": "ANDHERI-SEG-294", "roadName": "Mahakali Caves Road", "condition": "CRITICAL", "color": "#ef4444", "score": 46}, "geometry": {"type": "Point", "coordinates": [72.868017, 19.127949]}}, {"type": "Feature", "id": "obs-ANDHERI-SEG-294-4", "properties": {"roadId": "ANDHERI-SEG-294", "roadName": "Mahakali Caves Road", "condition": "POOR", "color": "#f97316", "score": 46}, "geometry": {"type": "Point", "coordinates": [72.868282, 19.128207]}}, {"type": "Feature", "id": "obs-ANDHERI-SEG-294-5", "properties": {"roadId": "ANDHERI-SEG-294", "roadName": "Mahakali Caves Road", "condition": "POOR", "color": "#f97316", "score": 46}, "geometry": {"type": "Point", "coordinates": [72.868543, 19.128469]}}, {"type": "Feature", "id": "obs-ANDHERI-SEG-294-6", "properties": {"roadId": "ANDHERI-SEG-294", "roadName": "Mahakali Caves Road", "condition": "CRITICAL", "color": "#ef4444", "score": 46}, "geometry": {"type": "Point", "coordinates": [72.8685835, 19.1285125]}}, {"type": "Feature", "id": "obs-ANDHERI-SEG-295-0", "properties": {"roadId": "ANDHERI-SEG-295", "roadName": "Swami Vivekanand Road", "condition": "HEALTHY", "color": "#10b981", "score": 85}, "geometry": {"type": "Point", "coordinates": [72.8462267, 19.1220348]}}, {"type": "Feature", "id": "obs-ANDHERI-SEG-295-1", "properties": {"roadId": "ANDHERI-SEG-295", "roadName": "Swami Vivekanand Road", "condition": "HEALTHY", "color": "#10b981", "score": 85}, "geometry": {"type": "Point", "coordinates": [72.84631, 19.122385]}}, {"type": "Feature", "id": "obs-ANDHERI-SEG-295-2", "properties": {"roadId": "ANDHERI-SEG-295", "roadName": "Swami Vivekanand Road", "condition": "HEALTHY", "color": "#10b981", "score": 85}, "geometry": {"type": "Point", "coordinates": [72.846386, 19.122738]}}, {"type": "Feature", "id": "obs-ANDHERI-SEG-295-3", "properties": {"roadId": "ANDHERI-SEG-295", "roadName": "Swami Vivekanand Road", "condition": "HEALTHY", "color": "#10b981", "score": 85}, "geometry": {"type": "Point", "coordinates": [72.846461, 19.123091]}}, {"type": "Feature", "id": "obs-ANDHERI-SEG-295-4", "properties": {"roadId": "ANDHERI-SEG-295", "roadName": "Swami Vivekanand Road", "condition": "HEALTHY", "color": "#10b981", "score": 85}, "geometry": {"type": "Point", "coordinates": [72.846538, 19.123443]}}, {"type": "Feature", "id": "obs-ANDHERI-SEG-295-5", "properties": {"roadId": "ANDHERI-SEG-295", "roadName": "Swami Vivekanand Road", "condition": "HEALTHY", "color": "#10b981", "score": 85}, "geometry": {"type": "Point", "coordinates": [72.846618, 19.123795]}}, {"type": "Feature", "id": "obs-ANDHERI-SEG-295-6", "properties": {"roadId": "ANDHERI-SEG-295", "roadName": "Swami Vivekanand Road", "condition": "HEALTHY", "color": "#10b981", "score": 85}, "geometry": {"type": "Point", "coordinates": [72.846699, 19.124146]}}, {"type": "Feature", "id": "obs-ANDHERI-SEG-295-7", "properties": {"roadId": "ANDHERI-SEG-295", "roadName": "Swami Vivekanand Road", "condition": "HEALTHY", "color": "#10b981", "score": 85}, "geometry": {"type": "Point", "coordinates": [72.846719, 19.1242309]}}, {"type": "Feature", "id": "obs-ANDHERI-SEG-296-0", "properties": {"roadId": "ANDHERI-SEG-296", "roadName": "Swami Vivekanand Road", "condition": "POOR", "color": "#f97316", "score": 71}, "geometry": {"type": "Point", "coordinates": [72.8472064, 19.1275754]}}, {"type": "Feature", "id": "obs-ANDHERI-SEG-296-1", "properties": {"roadId": "ANDHERI-SEG-296", "roadName": "Swami Vivekanand Road", "condition": "WATCH", "color": "#eab308", "score": 71}, "geometry": {"type": "Point", "coordinates": [72.847164, 19.127218]}}, {"type": "Feature", "id": "obs-ANDHERI-SEG-296-2", "properties": {"roadId": "ANDHERI-SEG-296", "roadName": "Swami Vivekanand Road", "condition": "WATCH", "color": "#eab308", "score": 71}, "geometry": {"type": "Point", "coordinates": [72.847121, 19.12686]}}, {"type": "Feature", "id": "obs-ANDHERI-SEG-296-3", "properties": {"roadId": "ANDHERI-SEG-296", "roadName": "Swami Vivekanand Road", "condition": "WATCH", "color": "#eab308", "score": 71}, "geometry": {"type": "Point", "coordinates": [72.847078, 19.126503]}}, {"type": "Feature", "id": "obs-ANDHERI-SEG-296-4", "properties": {"roadId": "ANDHERI-SEG-296", "roadName": "Swami Vivekanand Road", "condition": "POOR", "color": "#f97316", "score": 71}, "geometry": {"type": "Point", "coordinates": [72.847036, 19.126146]}}, {"type": "Feature", "id": "obs-ANDHERI-SEG-296-5", "properties": {"roadId": "ANDHERI-SEG-296", "roadName": "Swami Vivekanand Road", "condition": "WATCH", "color": "#eab308", "score": 71}, "geometry": {"type": "Point", "coordinates": [72.846993, 19.125788]}}, {"type": "Feature", "id": "obs-ANDHERI-SEG-296-6", "properties": {"roadId": "ANDHERI-SEG-296", "roadName": "Swami Vivekanand Road", "condition": "WATCH", "color": "#eab308", "score": 71}, "geometry": {"type": "Point", "coordinates": [72.84695, 19.125431]}}, {"type": "Feature", "id": "obs-ANDHERI-SEG-296-7", "properties": {"roadId": "ANDHERI-SEG-296", "roadName": "Swami Vivekanand Road", "condition": "WATCH", "color": "#eab308", "score": 71}, "geometry": {"type": "Point", "coordinates": [72.846907, 19.125073]}}, {"type": "Feature", "id": "obs-ANDHERI-SEG-296-8", "properties": {"roadId": "ANDHERI-SEG-296", "roadName": "Swami Vivekanand Road", "condition": "POOR", "color": "#f97316", "score": 71}, "geometry": {"type": "Point", "coordinates": [72.846864, 19.124716]}}, {"type": "Feature", "id": "obs-ANDHERI-SEG-296-9", "properties": {"roadId": "ANDHERI-SEG-296", "roadName": "Swami Vivekanand Road", "condition": "WATCH", "color": "#eab308", "score": 71}, "geometry": {"type": "Point", "coordinates": [72.846821, 19.124358]}}, {"type": "Feature", "id": "obs-ANDHERI-SEG-296-10", "properties": {"roadId": "ANDHERI-SEG-296", "roadName": "Swami Vivekanand Road", "condition": "WATCH", "color": "#eab308", "score": 71}, "geometry": {"type": "Point", "coordinates": [72.846817, 19.1243281]}}, {"type": "Feature", "id": "obs-ANDHERI-SEG-297-0", "properties": {"roadId": "ANDHERI-SEG-297", "roadName": "Tertiary (1264143644)", "condition": "CRITICAL", "color": "#ef4444", "score": 29}, "geometry": {"type": "Point", "coordinates": [72.8549185, 19.1137346]}}, {"type": "Feature", "id": "obs-ANDHERI-SEG-297-1", "properties": {"roadId": "ANDHERI-SEG-297", "roadName": "Tertiary (1264143644)", "condition": "CRITICAL", "color": "#ef4444", "score": 29}, "geometry": {"type": "Point", "coordinates": [72.854841, 19.113382]}}, {"type": "Feature", "id": "obs-ANDHERI-SEG-297-2", "properties": {"roadId": "ANDHERI-SEG-297", "roadName": "Tertiary (1264143644)", "condition": "CRITICAL", "color": "#ef4444", "score": 29}, "geometry": {"type": "Point", "coordinates": [72.8547841, 19.1131295]}}, {"type": "Feature", "id": "obs-ANDHERI-SEG-298-0", "properties": {"roadId": "ANDHERI-SEG-298", "roadName": "Service Road", "condition": "CRITICAL", "color": "#ef4444", "score": 42}, "geometry": {"type": "Point", "coordinates": [72.8550709, 19.1290421]}}, {"type": "Feature", "id": "obs-ANDHERI-SEG-298-1", "properties": {"roadId": "ANDHERI-SEG-298", "roadName": "Service Road", "condition": "POOR", "color": "#f97316", "score": 42}, "geometry": {"type": "Point", "coordinates": [72.855065, 19.129402]}}, {"type": "Feature", "id": "obs-ANDHERI-SEG-298-2", "properties": {"roadId": "ANDHERI-SEG-298", "roadName": "Service Road", "condition": "POOR", "color": "#f97316", "score": 42}, "geometry": {"type": "Point", "coordinates": [72.855058, 19.129761]}}, {"type": "Feature", "id": "obs-ANDHERI-SEG-298-3", "properties": {"roadId": "ANDHERI-SEG-298", "roadName": "Service Road", "condition": "CRITICAL", "color": "#ef4444", "score": 42}, "geometry": {"type": "Point", "coordinates": [72.855051, 19.130121]}}, {"type": "Feature", "id": "obs-ANDHERI-SEG-298-4", "properties": {"roadId": "ANDHERI-SEG-298", "roadName": "Service Road", "condition": "POOR", "color": "#f97316", "score": 42}, "geometry": {"type": "Point", "coordinates": [72.855042, 19.130481]}}, {"type": "Feature", "id": "obs-ANDHERI-SEG-298-5", "properties": {"roadId": "ANDHERI-SEG-298", "roadName": "Service Road", "condition": "POOR", "color": "#f97316", "score": 42}, "geometry": {"type": "Point", "coordinates": [72.855034, 19.13084]}}, {"type": "Feature", "id": "obs-ANDHERI-SEG-298-6", "properties": {"roadId": "ANDHERI-SEG-298", "roadName": "Service Road", "condition": "CRITICAL", "color": "#ef4444", "score": 42}, "geometry": {"type": "Point", "coordinates": [72.855026, 19.1312]}}, {"type": "Feature", "id": "obs-ANDHERI-SEG-298-7", "properties": {"roadId": "ANDHERI-SEG-298", "roadName": "Service Road", "condition": "POOR", "color": "#f97316", "score": 42}, "geometry": {"type": "Point", "coordinates": [72.855018, 19.13156]}}, {"type": "Feature", "id": "obs-ANDHERI-SEG-298-8", "properties": {"roadId": "ANDHERI-SEG-298", "roadName": "Service Road", "condition": "POOR", "color": "#f97316", "score": 42}, "geometry": {"type": "Point", "coordinates": [72.854992, 19.131919]}}, {"type": "Feature", "id": "obs-ANDHERI-SEG-298-9", "properties": {"roadId": "ANDHERI-SEG-298", "roadName": "Service Road", "condition": "CRITICAL", "color": "#ef4444", "score": 42}, "geometry": {"type": "Point", "coordinates": [72.854978, 19.132278]}}, {"type": "Feature", "id": "obs-ANDHERI-SEG-298-10", "properties": {"roadId": "ANDHERI-SEG-298", "roadName": "Service Road", "condition": "POOR", "color": "#f97316", "score": 42}, "geometry": {"type": "Point", "coordinates": [72.854964, 19.132638]}}, {"type": "Feature", "id": "obs-ANDHERI-SEG-298-11", "properties": {"roadId": "ANDHERI-SEG-298", "roadName": "Service Road", "condition": "POOR", "color": "#f97316", "score": 42}, "geometry": {"type": "Point", "coordinates": [72.85495, 19.132997]}}, {"type": "Feature", "id": "obs-ANDHERI-SEG-298-12", "properties": {"roadId": "ANDHERI-SEG-298", "roadName": "Service Road", "condition": "CRITICAL", "color": "#ef4444", "score": 42}, "geometry": {"type": "Point", "coordinates": [72.8549414, 19.1332279]}}, {"type": "Feature", "id": "obs-ANDHERI-SEG-299-0", "properties": {"roadId": "ANDHERI-SEG-299", "roadName": "Service Road", "condition": "HEALTHY", "color": "#10b981", "score": 79}, "geometry": {"type": "Point", "coordinates": [72.8560929, 19.1251007]}}, {"type": "Feature", "id": "obs-ANDHERI-SEG-299-1", "properties": {"roadId": "ANDHERI-SEG-299", "roadName": "Service Road", "condition": "HEALTHY", "color": "#10b981", "score": 79}, "geometry": {"type": "Point", "coordinates": [72.855927, 19.125425]}}, {"type": "Feature", "id": "obs-ANDHERI-SEG-299-2", "properties": {"roadId": "ANDHERI-SEG-299", "roadName": "Service Road", "condition": "HEALTHY", "color": "#10b981", "score": 79}, "geometry": {"type": "Point", "coordinates": [72.855736, 19.125735]}}, {"type": "Feature", "id": "obs-ANDHERI-SEG-299-3", "properties": {"roadId": "ANDHERI-SEG-299", "roadName": "Service Road", "condition": "HEALTHY", "color": "#10b981", "score": 79}, "geometry": {"type": "Point", "coordinates": [72.855533, 19.126039]}}, {"type": "Feature", "id": "obs-ANDHERI-SEG-299-4", "properties": {"roadId": "ANDHERI-SEG-299", "roadName": "Service Road", "condition": "HEALTHY", "color": "#10b981", "score": 79}, "geometry": {"type": "Point", "coordinates": [72.855343, 19.126351]}}, {"type": "Feature", "id": "obs-ANDHERI-SEG-299-5", "properties": {"roadId": "ANDHERI-SEG-299", "roadName": "Service Road", "condition": "HEALTHY", "color": "#10b981", "score": 79}, "geometry": {"type": "Point", "coordinates": [72.8552927, 19.1264346]}}, {"type": "Feature", "id": "obs-ANDHERI-SEG-300-0", "properties": {"roadId": "ANDHERI-SEG-300", "roadName": "Sardar Vallabhbhai Patel Road", "condition": "POOR", "color": "#f97316", "score": 65}, "geometry": {"type": "Point", "coordinates": [72.8685214, 19.128554]}}, {"type": "Feature", "id": "obs-ANDHERI-SEG-300-1", "properties": {"roadId": "ANDHERI-SEG-300", "roadName": "Sardar Vallabhbhai Patel Road", "condition": "WATCH", "color": "#eab308", "score": 65}, "geometry": {"type": "Point", "coordinates": [72.868222, 19.128754]}}, {"type": "Feature", "id": "obs-ANDHERI-SEG-300-2", "properties": {"roadId": "ANDHERI-SEG-300", "roadName": "Sardar Vallabhbhai Patel Road", "condition": "WATCH", "color": "#eab308", "score": 65}, "geometry": {"type": "Point", "coordinates": [72.867942, 19.128997]}}, {"type": "Feature", "id": "obs-ANDHERI-SEG-300-3", "properties": {"roadId": "ANDHERI-SEG-300", "roadName": "Sardar Vallabhbhai Patel Road", "condition": "WATCH", "color": "#eab308", "score": 65}, "geometry": {"type": "Point", "coordinates": [72.867979, 19.1292266]}}, {"type": "Feature", "id": "obs-ANDHERI-SEG-301-0", "properties": {"roadId": "ANDHERI-SEG-301", "roadName": "Guru Gobind Singh Marg", "condition": "HEALTHY", "color": "#10b981", "score": 88}, "geometry": {"type": "Point", "coordinates": [72.8657269, 19.1297587]}}, {"type": "Feature", "id": "obs-ANDHERI-SEG-301-1", "properties": {"roadId": "ANDHERI-SEG-301", "roadName": "Guru Gobind Singh Marg", "condition": "HEALTHY", "color": "#10b981", "score": 88}, "geometry": {"type": "Point", "coordinates": [72.865917, 19.13007]}}, {"type": "Feature", "id": "obs-ANDHERI-SEG-301-2", "properties": {"roadId": "ANDHERI-SEG-301", "roadName": "Guru Gobind Singh Marg", "condition": "HEALTHY", "color": "#10b981", "score": 88}, "geometry": {"type": "Point", "coordinates": [72.866205, 19.130207]}}, {"type": "Feature", "id": "obs-ANDHERI-SEG-301-3", "properties": {"roadId": "ANDHERI-SEG-301", "roadName": "Guru Gobind Singh Marg", "condition": "HEALTHY", "color": "#10b981", "score": 88}, "geometry": {"type": "Point", "coordinates": [72.866539, 19.130036]}}, {"type": "Feature", "id": "obs-ANDHERI-SEG-301-4", "properties": {"roadId": "ANDHERI-SEG-301", "roadName": "Guru Gobind Singh Marg", "condition": "HEALTHY", "color": "#10b981", "score": 88}, "geometry": {"type": "Point", "coordinates": [72.866869, 19.129856]}}, {"type": "Feature", "id": "obs-ANDHERI-SEG-301-5", "properties": {"roadId": "ANDHERI-SEG-301", "roadName": "Guru Gobind Singh Marg", "condition": "HEALTHY", "color": "#10b981", "score": 88}, "geometry": {"type": "Point", "coordinates": [72.867199, 19.129676]}}, {"type": "Feature", "id": "obs-ANDHERI-SEG-301-6", "properties": {"roadId": "ANDHERI-SEG-301", "roadName": "Guru Gobind Singh Marg", "condition": "HEALTHY", "color": "#10b981", "score": 88}, "geometry": {"type": "Point", "coordinates": [72.867526, 19.129493]}}, {"type": "Feature", "id": "obs-ANDHERI-SEG-301-7", "properties": {"roadId": "ANDHERI-SEG-301", "roadName": "Guru Gobind Singh Marg", "condition": "HEALTHY", "color": "#10b981", "score": 88}, "geometry": {"type": "Point", "coordinates": [72.867849, 19.129302]}}, {"type": "Feature", "id": "obs-ANDHERI-SEG-301-8", "properties": {"roadId": "ANDHERI-SEG-301", "roadName": "Guru Gobind Singh Marg", "condition": "HEALTHY", "color": "#10b981", "score": 88}, "geometry": {"type": "Point", "coordinates": [72.867979, 19.1292266]}}, {"type": "Feature", "id": "obs-ANDHERI-SEG-302-0", "properties": {"roadId": "ANDHERI-SEG-302", "roadName": "MHB Colony Rd", "condition": "HEALTHY", "color": "#10b981", "score": 82}, "geometry": {"type": "Point", "coordinates": [72.8628629, 19.1299037]}}, {"type": "Feature", "id": "obs-ANDHERI-SEG-302-1", "properties": {"roadId": "ANDHERI-SEG-302", "roadName": "MHB Colony Rd", "condition": "HEALTHY", "color": "#10b981", "score": 82}, "geometry": {"type": "Point", "coordinates": [72.862865, 19.130263]}}, {"type": "Feature", "id": "obs-ANDHERI-SEG-302-2", "properties": {"roadId": "ANDHERI-SEG-302", "roadName": "MHB Colony Rd", "condition": "HEALTHY", "color": "#10b981", "score": 82}, "geometry": {"type": "Point", "coordinates": [72.862866, 19.130623]}}, {"type": "Feature", "id": "obs-ANDHERI-SEG-302-3", "properties": {"roadId": "ANDHERI-SEG-302", "roadName": "MHB Colony Rd", "condition": "HEALTHY", "color": "#10b981", "score": 82}, "geometry": {"type": "Point", "coordinates": [72.862868, 19.130983]}}, {"type": "Feature", "id": "obs-ANDHERI-SEG-302-4", "properties": {"roadId": "ANDHERI-SEG-302", "roadName": "MHB Colony Rd", "condition": "HEALTHY", "color": "#10b981", "score": 82}, "geometry": {"type": "Point", "coordinates": [72.8628694, 19.1312737]}}, {"type": "Feature", "id": "obs-ANDHERI-SEG-303-0", "properties": {"roadId": "ANDHERI-SEG-303", "roadName": "Sahar Road", "condition": "POOR", "color": "#f97316", "score": 68}, "geometry": {"type": "Point", "coordinates": [72.8501652, 19.1113079]}}, {"type": "Feature", "id": "obs-ANDHERI-SEG-303-1", "properties": {"roadId": "ANDHERI-SEG-303", "roadName": "Sahar Road", "condition": "WATCH", "color": "#eab308", "score": 68}, "geometry": {"type": "Point", "coordinates": [72.8503287, 19.1111844]}}, {"type": "Feature", "id": "obs-ANDHERI-SEG-304-0", "properties": {"roadId": "ANDHERI-SEG-304", "roadName": "Sahar Road", "condition": "HEALTHY", "color": "#10b981", "score": 91}, "geometry": {"type": "Point", "coordinates": [72.8500667, 19.1112802]}}, {"type": "Feature", "id": "obs-ANDHERI-SEG-304-1", "properties": {"roadId": "ANDHERI-SEG-304", "roadName": "Sahar Road", "condition": "HEALTHY", "color": "#10b981", "score": 91}, "geometry": {"type": "Point", "coordinates": [72.849773, 19.111509]}}, {"type": "Feature", "id": "obs-ANDHERI-SEG-304-2", "properties": {"roadId": "ANDHERI-SEG-304", "roadName": "Sahar Road", "condition": "HEALTHY", "color": "#10b981", "score": 91}, "geometry": {"type": "Point", "coordinates": [72.84948, 19.111738]}}, {"type": "Feature", "id": "obs-ANDHERI-SEG-304-3", "properties": {"roadId": "ANDHERI-SEG-304", "roadName": "Sahar Road", "condition": "HEALTHY", "color": "#10b981", "score": 91}, "geometry": {"type": "Point", "coordinates": [72.849186, 19.111967]}}, {"type": "Feature", "id": "obs-ANDHERI-SEG-304-4", "properties": {"roadId": "ANDHERI-SEG-304", "roadName": "Sahar Road", "condition": "HEALTHY", "color": "#10b981", "score": 91}, "geometry": {"type": "Point", "coordinates": [72.848892, 19.112196]}}, {"type": "Feature", "id": "obs-ANDHERI-SEG-304-5", "properties": {"roadId": "ANDHERI-SEG-304", "roadName": "Sahar Road", "condition": "HEALTHY", "color": "#10b981", "score": 91}, "geometry": {"type": "Point", "coordinates": [72.848599, 19.112426]}}, {"type": "Feature", "id": "obs-ANDHERI-SEG-304-6", "properties": {"roadId": "ANDHERI-SEG-304", "roadName": "Sahar Road", "condition": "HEALTHY", "color": "#10b981", "score": 91}, "geometry": {"type": "Point", "coordinates": [72.8485775, 19.1124428]}}, {"type": "Feature", "id": "obs-ANDHERI-SEG-305-0", "properties": {"roadId": "ANDHERI-SEG-305", "roadName": "Sahar Road", "condition": "POOR", "color": "#f97316", "score": 64}, "geometry": {"type": "Point", "coordinates": [72.850119, 19.1112405]}}, {"type": "Feature", "id": "obs-ANDHERI-SEG-305-1", "properties": {"roadId": "ANDHERI-SEG-305", "roadName": "Sahar Road", "condition": "WATCH", "color": "#eab308", "score": 64}, "geometry": {"type": "Point", "coordinates": [72.8500667, 19.1112802]}}, {"type": "Feature", "id": "obs-ANDHERI-SEG-306-0", "properties": {"roadId": "ANDHERI-SEG-306", "roadName": "Sahar Road", "condition": "CRITICAL", "color": "#ef4444", "score": 46}, "geometry": {"type": "Point", "coordinates": [72.8501157, 19.1113453]}}, {"type": "Feature", "id": "obs-ANDHERI-SEG-306-1", "properties": {"roadId": "ANDHERI-SEG-306", "roadName": "Sahar Road", "condition": "POOR", "color": "#f97316", "score": 46}, "geometry": {"type": "Point", "coordinates": [72.8501652, 19.1113079]}}, {"type": "Feature", "id": "obs-ANDHERI-SEG-307-0", "properties": {"roadId": "ANDHERI-SEG-307", "roadName": "Sardar Vallabhbhai Patel Road", "condition": "HEALTHY", "color": "#10b981", "score": 85}, "geometry": {"type": "Point", "coordinates": [72.8701, 19.1340461]}}, {"type": "Feature", "id": "obs-ANDHERI-SEG-307-1", "properties": {"roadId": "ANDHERI-SEG-307", "roadName": "Sardar Vallabhbhai Patel Road", "condition": "HEALTHY", "color": "#10b981", "score": 85}, "geometry": {"type": "Point", "coordinates": [72.870062, 19.133688]}}, {"type": "Feature", "id": "obs-ANDHERI-SEG-307-2", "properties": {"roadId": "ANDHERI-SEG-307", "roadName": "Sardar Vallabhbhai Patel Road", "condition": "HEALTHY", "color": "#10b981", "score": 85}, "geometry": {"type": "Point", "coordinates": [72.870008, 19.133332]}}, {"type": "Feature", "id": "obs-ANDHERI-SEG-307-3", "properties": {"roadId": "ANDHERI-SEG-307", "roadName": "Sardar Vallabhbhai Patel Road", "condition": "HEALTHY", "color": "#10b981", "score": 85}, "geometry": {"type": "Point", "coordinates": [72.869947, 19.132977]}}, {"type": "Feature", "id": "obs-ANDHERI-SEG-307-4", "properties": {"roadId": "ANDHERI-SEG-307", "roadName": "Sardar Vallabhbhai Patel Road", "condition": "HEALTHY", "color": "#10b981", "score": 85}, "geometry": {"type": "Point", "coordinates": [72.86987, 19.132625]}}, {"type": "Feature", "id": "obs-ANDHERI-SEG-307-5", "properties": {"roadId": "ANDHERI-SEG-307", "roadName": "Sardar Vallabhbhai Patel Road", "condition": "HEALTHY", "color": "#10b981", "score": 85}, "geometry": {"type": "Point", "coordinates": [72.869738, 19.132292]}}, {"type": "Feature", "id": "obs-ANDHERI-SEG-307-6", "properties": {"roadId": "ANDHERI-SEG-307", "roadName": "Sardar Vallabhbhai Patel Road", "condition": "HEALTHY", "color": "#10b981", "score": 85}, "geometry": {"type": "Point", "coordinates": [72.869557, 19.131976]}}, {"type": "Feature", "id": "obs-ANDHERI-SEG-307-7", "properties": {"roadId": "ANDHERI-SEG-307", "roadName": "Sardar Vallabhbhai Patel Road", "condition": "HEALTHY", "color": "#10b981", "score": 85}, "geometry": {"type": "Point", "coordinates": [72.869375, 19.131659]}}, {"type": "Feature", "id": "obs-ANDHERI-SEG-307-8", "properties": {"roadId": "ANDHERI-SEG-307", "roadName": "Sardar Vallabhbhai Patel Road", "condition": "HEALTHY", "color": "#10b981", "score": 85}, "geometry": {"type": "Point", "coordinates": [72.869193, 19.131343]}}, {"type": "Feature", "id": "obs-ANDHERI-SEG-307-9", "properties": {"roadId": "ANDHERI-SEG-307", "roadName": "Sardar Vallabhbhai Patel Road", "condition": "HEALTHY", "color": "#10b981", "score": 85}, "geometry": {"type": "Point", "coordinates": [72.869009, 19.131029]}}, {"type": "Feature", "id": "obs-ANDHERI-SEG-307-10", "properties": {"roadId": "ANDHERI-SEG-307", "roadName": "Sardar Vallabhbhai Patel Road", "condition": "HEALTHY", "color": "#10b981", "score": 85}, "geometry": {"type": "Point", "coordinates": [72.868831, 19.130711]}}, {"type": "Feature", "id": "obs-ANDHERI-SEG-307-11", "properties": {"roadId": "ANDHERI-SEG-307", "roadName": "Sardar Vallabhbhai Patel Road", "condition": "HEALTHY", "color": "#10b981", "score": 85}, "geometry": {"type": "Point", "coordinates": [72.868657, 19.130391]}}, {"type": "Feature", "id": "obs-ANDHERI-SEG-307-12", "properties": {"roadId": "ANDHERI-SEG-307", "roadName": "Sardar Vallabhbhai Patel Road", "condition": "HEALTHY", "color": "#10b981", "score": 85}, "geometry": {"type": "Point", "coordinates": [72.868501, 19.130063]}}, {"type": "Feature", "id": "obs-ANDHERI-SEG-307-13", "properties": {"roadId": "ANDHERI-SEG-307", "roadName": "Sardar Vallabhbhai Patel Road", "condition": "HEALTHY", "color": "#10b981", "score": 85}, "geometry": {"type": "Point", "coordinates": [72.868343, 19.129735]}}, {"type": "Feature", "id": "obs-ANDHERI-SEG-307-14", "properties": {"roadId": "ANDHERI-SEG-307", "roadName": "Sardar Vallabhbhai Patel Road", "condition": "HEALTHY", "color": "#10b981", "score": 85}, "geometry": {"type": "Point", "coordinates": [72.868176, 19.129412]}}, {"type": "Feature", "id": "obs-ANDHERI-SEG-307-15", "properties": {"roadId": "ANDHERI-SEG-307", "roadName": "Sardar Vallabhbhai Patel Road", "condition": "HEALTHY", "color": "#10b981", "score": 85}, "geometry": {"type": "Point", "coordinates": [72.8680608, 19.129181]}}, {"type": "Feature", "id": "obs-ANDHERI-SEG-308-0", "properties": {"roadId": "ANDHERI-SEG-308", "roadName": "Jijamata Road", "condition": "POOR", "color": "#f97316", "score": 71}, "geometry": {"type": "Point", "coordinates": [72.8647506, 19.1251093]}}, {"type": "Feature", "id": "obs-ANDHERI-SEG-308-1", "properties": {"roadId": "ANDHERI-SEG-308", "roadName": "Jijamata Road", "condition": "WATCH", "color": "#eab308", "score": 71}, "geometry": {"type": "Point", "coordinates": [72.864426, 19.125294]}}, {"type": "Feature", "id": "obs-ANDHERI-SEG-308-2", "properties": {"roadId": "ANDHERI-SEG-308", "roadName": "Jijamata Road", "condition": "WATCH", "color": "#eab308", "score": 71}, "geometry": {"type": "Point", "coordinates": [72.864067, 19.12541]}}, {"type": "Feature", "id": "obs-ANDHERI-SEG-308-3", "properties": {"roadId": "ANDHERI-SEG-308", "roadName": "Jijamata Road", "condition": "WATCH", "color": "#eab308", "score": 71}, "geometry": {"type": "Point", "coordinates": [72.8638496, 19.1254731]}}, {"type": "Feature", "id": "obs-ANDHERI-SEG-309-0", "properties": {"roadId": "ANDHERI-SEG-309", "roadName": "Service Road", "condition": "CRITICAL", "color": "#ef4444", "score": 29}, "geometry": {"type": "Point", "coordinates": [72.853594, 19.1093037]}}, {"type": "Feature", "id": "obs-ANDHERI-SEG-309-1", "properties": {"roadId": "ANDHERI-SEG-309", "roadName": "Service Road", "condition": "CRITICAL", "color": "#ef4444", "score": 29}, "geometry": {"type": "Point", "coordinates": [72.853668, 19.109657]}}, {"type": "Feature", "id": "obs-ANDHERI-SEG-309-2", "properties": {"roadId": "ANDHERI-SEG-309", "roadName": "Service Road", "condition": "CRITICAL", "color": "#ef4444", "score": 29}, "geometry": {"type": "Point", "coordinates": [72.853742, 19.110009]}}, {"type": "Feature", "id": "obs-ANDHERI-SEG-309-3", "properties": {"roadId": "ANDHERI-SEG-309", "roadName": "Service Road", "condition": "CRITICAL", "color": "#ef4444", "score": 29}, "geometry": {"type": "Point", "coordinates": [72.853817, 19.110362]}}, {"type": "Feature", "id": "obs-ANDHERI-SEG-309-4", "properties": {"roadId": "ANDHERI-SEG-309", "roadName": "Service Road", "condition": "CRITICAL", "color": "#ef4444", "score": 29}, "geometry": {"type": "Point", "coordinates": [72.853892, 19.110715]}}, {"type": "Feature", "id": "obs-ANDHERI-SEG-309-5", "properties": {"roadId": "ANDHERI-SEG-309", "roadName": "Service Road", "condition": "CRITICAL", "color": "#ef4444", "score": 29}, "geometry": {"type": "Point", "coordinates": [72.853969, 19.111067]}}, {"type": "Feature", "id": "obs-ANDHERI-SEG-309-6", "properties": {"roadId": "ANDHERI-SEG-309", "roadName": "Service Road", "condition": "CRITICAL", "color": "#ef4444", "score": 29}, "geometry": {"type": "Point", "coordinates": [72.854045, 19.11142]}}, {"type": "Feature", "id": "obs-ANDHERI-SEG-309-7", "properties": {"roadId": "ANDHERI-SEG-309", "roadName": "Service Road", "condition": "CRITICAL", "color": "#ef4444", "score": 29}, "geometry": {"type": "Point", "coordinates": [72.854122, 19.111772]}}, {"type": "Feature", "id": "obs-ANDHERI-SEG-309-8", "properties": {"roadId": "ANDHERI-SEG-309", "roadName": "Service Road", "condition": "CRITICAL", "color": "#ef4444", "score": 29}, "geometry": {"type": "Point", "coordinates": [72.854198, 19.112124]}}, {"type": "Feature", "id": "obs-ANDHERI-SEG-309-9", "properties": {"roadId": "ANDHERI-SEG-309", "roadName": "Service Road", "condition": "CRITICAL", "color": "#ef4444", "score": 29}, "geometry": {"type": "Point", "coordinates": [72.854274, 19.112477]}}, {"type": "Feature", "id": "obs-ANDHERI-SEG-309-10", "properties": {"roadId": "ANDHERI-SEG-309", "roadName": "Service Road", "condition": "CRITICAL", "color": "#ef4444", "score": 29}, "geometry": {"type": "Point", "coordinates": [72.854357, 19.112828]}}, {"type": "Feature", "id": "obs-ANDHERI-SEG-309-11", "properties": {"roadId": "ANDHERI-SEG-309", "roadName": "Service Road", "condition": "CRITICAL", "color": "#ef4444", "score": 29}, "geometry": {"type": "Point", "coordinates": [72.854447, 19.113177]}}, {"type": "Feature", "id": "obs-ANDHERI-SEG-309-12", "properties": {"roadId": "ANDHERI-SEG-309", "roadName": "Service Road", "condition": "CRITICAL", "color": "#ef4444", "score": 29}, "geometry": {"type": "Point", "coordinates": [72.854456, 19.1132132]}}, {"type": "Feature", "id": "obs-ANDHERI-SEG-310-0", "properties": {"roadId": "ANDHERI-SEG-310", "roadName": "Mahakali Caves Road", "condition": "CRITICAL", "color": "#ef4444", "score": 42}, "geometry": {"type": "Point", "coordinates": [72.8602311, 19.1149061]}}, {"type": "Feature", "id": "obs-ANDHERI-SEG-310-1", "properties": {"roadId": "ANDHERI-SEG-310", "roadName": "Mahakali Caves Road", "condition": "POOR", "color": "#f97316", "score": 42}, "geometry": {"type": "Point", "coordinates": [72.8602007, 19.1147605]}}, {"type": "Feature", "id": "obs-ANDHERI-SEG-311-0", "properties": {"roadId": "ANDHERI-SEG-311", "roadName": "Andheri Station Road", "condition": "HEALTHY", "color": "#10b981", "score": 79}, "geometry": {"type": "Point", "coordinates": [72.8479825, 19.1201654]}}, {"type": "Feature", "id": "obs-ANDHERI-SEG-311-1", "properties": {"roadId": "ANDHERI-SEG-311", "roadName": "Andheri Station Road", "condition": "HEALTHY", "color": "#10b981", "score": 79}, "geometry": {"type": "Point", "coordinates": [72.848019, 19.120523]}}, {"type": "Feature", "id": "obs-ANDHERI-SEG-311-2", "properties": {"roadId": "ANDHERI-SEG-311", "roadName": "Andheri Station Road", "condition": "HEALTHY", "color": "#10b981", "score": 79}, "geometry": {"type": "Point", "coordinates": [72.848113, 19.120865]}}, {"type": "Feature", "id": "obs-ANDHERI-SEG-311-3", "properties": {"roadId": "ANDHERI-SEG-311", "roadName": "Andheri Station Road", "condition": "HEALTHY", "color": "#10b981", "score": 79}, "geometry": {"type": "Point", "coordinates": [72.848122, 19.1208824]}}, {"type": "Feature", "id": "obs-ANDHERI-SEG-312-0", "properties": {"roadId": "ANDHERI-SEG-312", "roadName": "Service Road", "condition": "POOR", "color": "#f97316", "score": 65}, "geometry": {"type": "Point", "coordinates": [72.8552318, 19.136973]}}, {"type": "Feature", "id": "obs-ANDHERI-SEG-312-1", "properties": {"roadId": "ANDHERI-SEG-312", "roadName": "Service Road", "condition": "WATCH", "color": "#eab308", "score": 65}, "geometry": {"type": "Point", "coordinates": [72.855246, 19.136614]}}, {"type": "Feature", "id": "obs-ANDHERI-SEG-312-2", "properties": {"roadId": "ANDHERI-SEG-312", "roadName": "Service Road", "condition": "WATCH", "color": "#eab308", "score": 65}, "geometry": {"type": "Point", "coordinates": [72.85526, 19.136254]}}, {"type": "Feature", "id": "obs-ANDHERI-SEG-312-3", "properties": {"roadId": "ANDHERI-SEG-312", "roadName": "Service Road", "condition": "WATCH", "color": "#eab308", "score": 65}, "geometry": {"type": "Point", "coordinates": [72.855275, 19.135895]}}, {"type": "Feature", "id": "obs-ANDHERI-SEG-312-4", "properties": {"roadId": "ANDHERI-SEG-312", "roadName": "Service Road", "condition": "POOR", "color": "#f97316", "score": 65}, "geometry": {"type": "Point", "coordinates": [72.855295, 19.135535]}}, {"type": "Feature", "id": "obs-ANDHERI-SEG-312-5", "properties": {"roadId": "ANDHERI-SEG-312", "roadName": "Service Road", "condition": "WATCH", "color": "#eab308", "score": 65}, "geometry": {"type": "Point", "coordinates": [72.855317, 19.135176]}}, {"type": "Feature", "id": "obs-ANDHERI-SEG-312-6", "properties": {"roadId": "ANDHERI-SEG-312", "roadName": "Service Road", "condition": "WATCH", "color": "#eab308", "score": 65}, "geometry": {"type": "Point", "coordinates": [72.8553277, 19.1349338]}}, {"type": "Feature", "id": "obs-ANDHERI-SEG-313-0", "properties": {"roadId": "ANDHERI-SEG-313", "roadName": "Service Road", "condition": "HEALTHY", "color": "#10b981", "score": 88}, "geometry": {"type": "Point", "coordinates": [72.8549414, 19.1332279]}}, {"type": "Feature", "id": "obs-ANDHERI-SEG-313-1", "properties": {"roadId": "ANDHERI-SEG-313", "roadName": "Service Road", "condition": "HEALTHY", "color": "#10b981", "score": 88}, "geometry": {"type": "Point", "coordinates": [72.854901, 19.133584]}}, {"type": "Feature", "id": "obs-ANDHERI-SEG-313-2", "properties": {"roadId": "ANDHERI-SEG-313", "roadName": "Service Road", "condition": "HEALTHY", "color": "#10b981", "score": 88}, "geometry": {"type": "Point", "coordinates": [72.854888, 19.133944]}}, {"type": "Feature", "id": "obs-ANDHERI-SEG-313-3", "properties": {"roadId": "ANDHERI-SEG-313", "roadName": "Service Road", "condition": "HEALTHY", "color": "#10b981", "score": 88}, "geometry": {"type": "Point", "coordinates": [72.854875, 19.134303]}}, {"type": "Feature", "id": "obs-ANDHERI-SEG-313-4", "properties": {"roadId": "ANDHERI-SEG-313", "roadName": "Service Road", "condition": "HEALTHY", "color": "#10b981", "score": 88}, "geometry": {"type": "Point", "coordinates": [72.854861, 19.134663]}}, {"type": "Feature", "id": "obs-ANDHERI-SEG-313-5", "properties": {"roadId": "ANDHERI-SEG-313", "roadName": "Service Road", "condition": "HEALTHY", "color": "#10b981", "score": 88}, "geometry": {"type": "Point", "coordinates": [72.854848, 19.135022]}}, {"type": "Feature", "id": "obs-ANDHERI-SEG-313-6", "properties": {"roadId": "ANDHERI-SEG-313", "roadName": "Service Road", "condition": "HEALTHY", "color": "#10b981", "score": 88}, "geometry": {"type": "Point", "coordinates": [72.854835, 19.135382]}}, {"type": "Feature", "id": "obs-ANDHERI-SEG-313-7", "properties": {"roadId": "ANDHERI-SEG-313", "roadName": "Service Road", "condition": "HEALTHY", "color": "#10b981", "score": 88}, "geometry": {"type": "Point", "coordinates": [72.854822, 19.135741]}}, {"type": "Feature", "id": "obs-ANDHERI-SEG-313-8", "properties": {"roadId": "ANDHERI-SEG-313", "roadName": "Service Road", "condition": "HEALTHY", "color": "#10b981", "score": 88}, "geometry": {"type": "Point", "coordinates": [72.8548148, 19.1359272]}}, {"type": "Feature", "id": "obs-ANDHERI-SEG-314-0", "properties": {"roadId": "ANDHERI-SEG-314", "roadName": "Tertiary (1308998080)", "condition": "HEALTHY", "color": "#10b981", "score": 82}, "geometry": {"type": "Point", "coordinates": [72.8554682, 19.1318833]}}, {"type": "Feature", "id": "obs-ANDHERI-SEG-314-1", "properties": {"roadId": "ANDHERI-SEG-314", "roadName": "Tertiary (1308998080)", "condition": "HEALTHY", "color": "#10b981", "score": 82}, "geometry": {"type": "Point", "coordinates": [72.855478, 19.131524]}}, {"type": "Feature", "id": "obs-ANDHERI-SEG-314-2", "properties": {"roadId": "ANDHERI-SEG-314", "roadName": "Tertiary (1308998080)", "condition": "HEALTHY", "color": "#10b981", "score": 82}, "geometry": {"type": "Point", "coordinates": [72.855488, 19.131164]}}, {"type": "Feature", "id": "obs-ANDHERI-SEG-314-3", "properties": {"roadId": "ANDHERI-SEG-314", "roadName": "Tertiary (1308998080)", "condition": "HEALTHY", "color": "#10b981", "score": 82}, "geometry": {"type": "Point", "coordinates": [72.855498, 19.130804]}}, {"type": "Feature", "id": "obs-ANDHERI-SEG-314-4", "properties": {"roadId": "ANDHERI-SEG-314", "roadName": "Tertiary (1308998080)", "condition": "HEALTHY", "color": "#10b981", "score": 82}, "geometry": {"type": "Point", "coordinates": [72.855507, 19.130445]}}, {"type": "Feature", "id": "obs-ANDHERI-SEG-314-5", "properties": {"roadId": "ANDHERI-SEG-314", "roadName": "Tertiary (1308998080)", "condition": "HEALTHY", "color": "#10b981", "score": 82}, "geometry": {"type": "Point", "coordinates": [72.855517, 19.130085]}}, {"type": "Feature", "id": "obs-ANDHERI-SEG-314-6", "properties": {"roadId": "ANDHERI-SEG-314", "roadName": "Tertiary (1308998080)", "condition": "HEALTHY", "color": "#10b981", "score": 82}, "geometry": {"type": "Point", "coordinates": [72.855526, 19.129726]}}, {"type": "Feature", "id": "obs-ANDHERI-SEG-314-7", "properties": {"roadId": "ANDHERI-SEG-314", "roadName": "Tertiary (1308998080)", "condition": "HEALTHY", "color": "#10b981", "score": 82}, "geometry": {"type": "Point", "coordinates": [72.855533, 19.129366]}}, {"type": "Feature", "id": "obs-ANDHERI-SEG-314-8", "properties": {"roadId": "ANDHERI-SEG-314", "roadName": "Tertiary (1308998080)", "condition": "HEALTHY", "color": "#10b981", "score": 82}, "geometry": {"type": "Point", "coordinates": [72.85554, 19.129006]}}, {"type": "Feature", "id": "obs-ANDHERI-SEG-314-9", "properties": {"roadId": "ANDHERI-SEG-314", "roadName": "Tertiary (1308998080)", "condition": "HEALTHY", "color": "#10b981", "score": 82}, "geometry": {"type": "Point", "coordinates": [72.855547, 19.128647]}}, {"type": "Feature", "id": "obs-ANDHERI-SEG-314-10", "properties": {"roadId": "ANDHERI-SEG-314", "roadName": "Tertiary (1308998080)", "condition": "HEALTHY", "color": "#10b981", "score": 82}, "geometry": {"type": "Point", "coordinates": [72.855554, 19.128287]}}, {"type": "Feature", "id": "obs-ANDHERI-SEG-314-11", "properties": {"roadId": "ANDHERI-SEG-314", "roadName": "Tertiary (1308998080)", "condition": "HEALTHY", "color": "#10b981", "score": 82}, "geometry": {"type": "Point", "coordinates": [72.855561, 19.127927]}}, {"type": "Feature", "id": "obs-ANDHERI-SEG-314-12", "properties": {"roadId": "ANDHERI-SEG-314", "roadName": "Tertiary (1308998080)", "condition": "HEALTHY", "color": "#10b981", "score": 82}, "geometry": {"type": "Point", "coordinates": [72.855567, 19.127568]}}, {"type": "Feature", "id": "obs-ANDHERI-SEG-314-13", "properties": {"roadId": "ANDHERI-SEG-314", "roadName": "Tertiary (1308998080)", "condition": "HEALTHY", "color": "#10b981", "score": 82}, "geometry": {"type": "Point", "coordinates": [72.855608, 19.127211]}}, {"type": "Feature", "id": "obs-ANDHERI-SEG-314-14", "properties": {"roadId": "ANDHERI-SEG-314", "roadName": "Tertiary (1308998080)", "condition": "HEALTHY", "color": "#10b981", "score": 82}, "geometry": {"type": "Point", "coordinates": [72.855676, 19.126857]}}, {"type": "Feature", "id": "obs-ANDHERI-SEG-314-15", "properties": {"roadId": "ANDHERI-SEG-314", "roadName": "Tertiary (1308998080)", "condition": "HEALTHY", "color": "#10b981", "score": 82}, "geometry": {"type": "Point", "coordinates": [72.855785, 19.126515]}}, {"type": "Feature", "id": "obs-ANDHERI-SEG-314-16", "properties": {"roadId": "ANDHERI-SEG-314", "roadName": "Tertiary (1308998080)", "condition": "HEALTHY", "color": "#10b981", "score": 82}, "geometry": {"type": "Point", "coordinates": [72.855972, 19.126201]}}, {"type": "Feature", "id": "obs-ANDHERI-SEG-314-17", "properties": {"roadId": "ANDHERI-SEG-314", "roadName": "Tertiary (1308998080)", "condition": "HEALTHY", "color": "#10b981", "score": 82}, "geometry": {"type": "Point", "coordinates": [72.856167, 19.125892]}}, {"type": "Feature", "id": "obs-ANDHERI-SEG-314-18", "properties": {"roadId": "ANDHERI-SEG-314", "roadName": "Tertiary (1308998080)", "condition": "HEALTHY", "color": "#10b981", "score": 82}, "geometry": {"type": "Point", "coordinates": [72.8561884, 19.1258584]}}, {"type": "Feature", "id": "obs-ANDHERI-SEG-315-0", "properties": {"roadId": "ANDHERI-SEG-315", "roadName": "Andheri Flyover", "condition": "POOR", "color": "#f97316", "score": 68}, "geometry": {"type": "Point", "coordinates": [72.8558619, 19.1202147]}}, {"type": "Feature", "id": "obs-ANDHERI-SEG-315-1", "properties": {"roadId": "ANDHERI-SEG-315", "roadName": "Andheri Flyover", "condition": "WATCH", "color": "#eab308", "score": 68}, "geometry": {"type": "Point", "coordinates": [72.855787, 19.119862]}}, {"type": "Feature", "id": "obs-ANDHERI-SEG-315-2", "properties": {"roadId": "ANDHERI-SEG-315", "roadName": "Andheri Flyover", "condition": "WATCH", "color": "#eab308", "score": 68}, "geometry": {"type": "Point", "coordinates": [72.855718, 19.119508]}}, {"type": "Feature", "id": "obs-ANDHERI-SEG-315-3", "properties": {"roadId": "ANDHERI-SEG-315", "roadName": "Andheri Flyover", "condition": "WATCH", "color": "#eab308", "score": 68}, "geometry": {"type": "Point", "coordinates": [72.85565, 19.119154]}}, {"type": "Feature", "id": "obs-ANDHERI-SEG-315-4", "properties": {"roadId": "ANDHERI-SEG-315", "roadName": "Andheri Flyover", "condition": "POOR", "color": "#f97316", "score": 68}, "geometry": {"type": "Point", "coordinates": [72.855582, 19.1188]}}, {"type": "Feature", "id": "obs-ANDHERI-SEG-315-5", "properties": {"roadId": "ANDHERI-SEG-315", "roadName": "Andheri Flyover", "condition": "WATCH", "color": "#eab308", "score": 68}, "geometry": {"type": "Point", "coordinates": [72.8555684, 19.1187302]}}, {"type": "Feature", "id": "obs-ANDHERI-SEG-316-0", "properties": {"roadId": "ANDHERI-SEG-316", "roadName": "N S Phadke Marg", "condition": "HEALTHY", "color": "#10b981", "score": 91}, "geometry": {"type": "Point", "coordinates": [72.8542283, 19.1133937]}}, {"type": "Feature", "id": "obs-ANDHERI-SEG-316-1", "properties": {"roadId": "ANDHERI-SEG-316", "roadName": "N S Phadke Marg", "condition": "HEALTHY", "color": "#10b981", "score": 91}, "geometry": {"type": "Point", "coordinates": [72.8544811, 19.113344]}}, {"type": "Feature", "id": "obs-ANDHERI-SEG-317-0", "properties": {"roadId": "ANDHERI-SEG-317", "roadName": "N S Phadke Marg", "condition": "POOR", "color": "#f97316", "score": 64}, "geometry": {"type": "Point", "coordinates": [72.854456, 19.1132132]}}, {"type": "Feature", "id": "obs-ANDHERI-SEG-317-1", "properties": {"roadId": "ANDHERI-SEG-317", "roadName": "N S Phadke Marg", "condition": "WATCH", "color": "#eab308", "score": 64}, "geometry": {"type": "Point", "coordinates": [72.854105, 19.1133223]}}, {"type": "Feature", "id": "obs-ANDHERI-SEG-318-0", "properties": {"roadId": "ANDHERI-SEG-318", "roadName": "Jiva Mahale Marg", "condition": "CRITICAL", "color": "#ef4444", "score": 46}, "geometry": {"type": "Point", "coordinates": [72.8531324, 19.1138102]}}, {"type": "Feature", "id": "obs-ANDHERI-SEG-318-1", "properties": {"roadId": "ANDHERI-SEG-318", "roadName": "Jiva Mahale Marg", "condition": "POOR", "color": "#f97316", "score": 46}, "geometry": {"type": "Point", "coordinates": [72.852886, 19.113545]}}, {"type": "Feature", "id": "obs-ANDHERI-SEG-318-2", "properties": {"roadId": "ANDHERI-SEG-318", "roadName": "Jiva Mahale Marg", "condition": "POOR", "color": "#f97316", "score": 46}, "geometry": {"type": "Point", "coordinates": [72.8528479, 19.1132564]}}, {"type": "Feature", "id": "obs-ANDHERI-SEG-319-0", "properties": {"roadId": "ANDHERI-SEG-319", "roadName": "Mahakali Caves Road", "condition": "HEALTHY", "color": "#10b981", "score": 85}, "geometry": {"type": "Point", "coordinates": [72.8672969, 19.1271234]}}, {"type": "Feature", "id": "obs-ANDHERI-SEG-319-1", "properties": {"roadId": "ANDHERI-SEG-319", "roadName": "Mahakali Caves Road", "condition": "HEALTHY", "color": "#10b981", "score": 85}, "geometry": {"type": "Point", "coordinates": [72.8672338, 19.1268641]}}, {"type": "Feature", "id": "obs-ANDHERI-SEG-320-0", "properties": {"roadId": "ANDHERI-SEG-320", "roadName": "Jijamata Road", "condition": "POOR", "color": "#f97316", "score": 71}, "geometry": {"type": "Point", "coordinates": [72.8576801, 19.126255]}}, {"type": "Feature", "id": "obs-ANDHERI-SEG-320-1", "properties": {"roadId": "ANDHERI-SEG-320", "roadName": "Jijamata Road", "condition": "WATCH", "color": "#eab308", "score": 71}, "geometry": {"type": "Point", "coordinates": [72.85797, 19.126471]}}, {"type": "Feature", "id": "obs-ANDHERI-SEG-320-2", "properties": {"roadId": "ANDHERI-SEG-320", "roadName": "Jijamata Road", "condition": "WATCH", "color": "#eab308", "score": 71}, "geometry": {"type": "Point", "coordinates": [72.858316, 19.12661]}}, {"type": "Feature", "id": "obs-ANDHERI-SEG-320-3", "properties": {"roadId": "ANDHERI-SEG-320", "roadName": "Jijamata Road", "condition": "WATCH", "color": "#eab308", "score": 71}, "geometry": {"type": "Point", "coordinates": [72.858696, 19.126598]}}, {"type": "Feature", "id": "obs-ANDHERI-SEG-320-4", "properties": {"roadId": "ANDHERI-SEG-320", "roadName": "Jijamata Road", "condition": "POOR", "color": "#f97316", "score": 71}, "geometry": {"type": "Point", "coordinates": [72.859068, 19.126525]}}, {"type": "Feature", "id": "obs-ANDHERI-SEG-320-5", "properties": {"roadId": "ANDHERI-SEG-320", "roadName": "Jijamata Road", "condition": "WATCH", "color": "#eab308", "score": 71}, "geometry": {"type": "Point", "coordinates": [72.859446, 19.126479]}}, {"type": "Feature", "id": "obs-ANDHERI-SEG-320-6", "properties": {"roadId": "ANDHERI-SEG-320", "roadName": "Jijamata Road", "condition": "WATCH", "color": "#eab308", "score": 71}, "geometry": {"type": "Point", "coordinates": [72.859824, 19.126434]}}, {"type": "Feature", "id": "obs-ANDHERI-SEG-320-7", "properties": {"roadId": "ANDHERI-SEG-320", "roadName": "Jijamata Road", "condition": "WATCH", "color": "#eab308", "score": 71}, "geometry": {"type": "Point", "coordinates": [72.860201, 19.126387]}}, {"type": "Feature", "id": "obs-ANDHERI-SEG-320-8", "properties": {"roadId": "ANDHERI-SEG-320", "roadName": "Jijamata Road", "condition": "POOR", "color": "#f97316", "score": 71}, "geometry": {"type": "Point", "coordinates": [72.860571, 19.12631]}}, {"type": "Feature", "id": "obs-ANDHERI-SEG-320-9", "properties": {"roadId": "ANDHERI-SEG-320", "roadName": "Jijamata Road", "condition": "WATCH", "color": "#eab308", "score": 71}, "geometry": {"type": "Point", "coordinates": [72.860903, 19.126134]}}, {"type": "Feature", "id": "obs-ANDHERI-SEG-320-10", "properties": {"roadId": "ANDHERI-SEG-320", "roadName": "Jijamata Road", "condition": "WATCH", "color": "#eab308", "score": 71}, "geometry": {"type": "Point", "coordinates": [72.861225, 19.125942]}}, {"type": "Feature", "id": "obs-ANDHERI-SEG-320-11", "properties": {"roadId": "ANDHERI-SEG-320", "roadName": "Jijamata Road", "condition": "WATCH", "color": "#eab308", "score": 71}, "geometry": {"type": "Point", "coordinates": [72.861575, 19.125807]}}, {"type": "Feature", "id": "obs-ANDHERI-SEG-320-12", "properties": {"roadId": "ANDHERI-SEG-320", "roadName": "Jijamata Road", "condition": "POOR", "color": "#f97316", "score": 71}, "geometry": {"type": "Point", "coordinates": [72.86195, 19.125747]}}, {"type": "Feature", "id": "obs-ANDHERI-SEG-320-13", "properties": {"roadId": "ANDHERI-SEG-320", "roadName": "Jijamata Road", "condition": "WATCH", "color": "#eab308", "score": 71}, "geometry": {"type": "Point", "coordinates": [72.862329, 19.125709]}}, {"type": "Feature", "id": "obs-ANDHERI-SEG-320-14", "properties": {"roadId": "ANDHERI-SEG-320", "roadName": "Jijamata Road", "condition": "WATCH", "color": "#eab308", "score": 71}, "geometry": {"type": "Point", "coordinates": [72.862708, 19.125679]}}, {"type": "Feature", "id": "obs-ANDHERI-SEG-320-15", "properties": {"roadId": "ANDHERI-SEG-320", "roadName": "Jijamata Road", "condition": "WATCH", "color": "#eab308", "score": 71}, "geometry": {"type": "Point", "coordinates": [72.863088, 19.125664]}}, {"type": "Feature", "id": "obs-ANDHERI-SEG-320-16", "properties": {"roadId": "ANDHERI-SEG-320", "roadName": "Jijamata Road", "condition": "POOR", "color": "#f97316", "score": 71}, "geometry": {"type": "Point", "coordinates": [72.8632293, 19.1256492]}}, {"type": "Feature", "id": "obs-ANDHERI-SEG-321-0", "properties": {"roadId": "ANDHERI-SEG-321", "roadName": "Swami Vivekanand Road", "condition": "CRITICAL", "color": "#ef4444", "score": 29}, "geometry": {"type": "Point", "coordinates": [72.846817, 19.1243281]}}, {"type": "Feature", "id": "obs-ANDHERI-SEG-321-1", "properties": {"roadId": "ANDHERI-SEG-321", "roadName": "Swami Vivekanand Road", "condition": "CRITICAL", "color": "#ef4444", "score": 29}, "geometry": {"type": "Point", "coordinates": [72.846739, 19.123976]}}, {"type": "Feature", "id": "obs-ANDHERI-SEG-321-2", "properties": {"roadId": "ANDHERI-SEG-321", "roadName": "Swami Vivekanand Road", "condition": "CRITICAL", "color": "#ef4444", "score": 29}, "geometry": {"type": "Point", "coordinates": [72.846662, 19.123624]}}, {"type": "Feature", "id": "obs-ANDHERI-SEG-321-3", "properties": {"roadId": "ANDHERI-SEG-321", "roadName": "Swami Vivekanand Road", "condition": "CRITICAL", "color": "#ef4444", "score": 29}, "geometry": {"type": "Point", "coordinates": [72.846584, 19.123272]}}, {"type": "Feature", "id": "obs-ANDHERI-SEG-321-4", "properties": {"roadId": "ANDHERI-SEG-321", "roadName": "Swami Vivekanand Road", "condition": "CRITICAL", "color": "#ef4444", "score": 29}, "geometry": {"type": "Point", "coordinates": [72.846506, 19.122919]}}, {"type": "Feature", "id": "obs-ANDHERI-SEG-321-5", "properties": {"roadId": "ANDHERI-SEG-321", "roadName": "Swami Vivekanand Road", "condition": "CRITICAL", "color": "#ef4444", "score": 29}, "geometry": {"type": "Point", "coordinates": [72.846428, 19.122567]}}, {"type": "Feature", "id": "obs-ANDHERI-SEG-321-6", "properties": {"roadId": "ANDHERI-SEG-321", "roadName": "Swami Vivekanand Road", "condition": "CRITICAL", "color": "#ef4444", "score": 29}, "geometry": {"type": "Point", "coordinates": [72.84635, 19.122215]}}, {"type": "Feature", "id": "obs-ANDHERI-SEG-321-7", "properties": {"roadId": "ANDHERI-SEG-321", "roadName": "Swami Vivekanand Road", "condition": "CRITICAL", "color": "#ef4444", "score": 29}, "geometry": {"type": "Point", "coordinates": [72.8463191, 19.122075]}}, {"type": "Feature", "id": "obs-ANDHERI-SEG-322-0", "properties": {"roadId": "ANDHERI-SEG-322", "roadName": "Sahar Road", "condition": "CRITICAL", "color": "#ef4444", "score": 42}, "geometry": {"type": "Point", "coordinates": [72.8529245, 19.1129907]}}, {"type": "Feature", "id": "obs-ANDHERI-SEG-322-1", "properties": {"roadId": "ANDHERI-SEG-322", "roadName": "Sahar Road", "condition": "POOR", "color": "#f97316", "score": 42}, "geometry": {"type": "Point", "coordinates": [72.8528479, 19.1132564]}}, {"type": "Feature", "id": "obs-ANDHERI-SEG-323-0", "properties": {"roadId": "ANDHERI-SEG-323", "roadName": "Jiva Mahale Marg", "condition": "HEALTHY", "color": "#10b981", "score": 79}, "geometry": {"type": "Point", "coordinates": [72.8528479, 19.1132564]}}, {"type": "Feature", "id": "obs-ANDHERI-SEG-323-1", "properties": {"roadId": "ANDHERI-SEG-323", "roadName": "Jiva Mahale Marg", "condition": "HEALTHY", "color": "#10b981", "score": 79}, "geometry": {"type": "Point", "coordinates": [72.853016, 19.1129536]}}, {"type": "Feature", "id": "obs-ANDHERI-SEG-324-0", "properties": {"roadId": "ANDHERI-SEG-324", "roadName": "Western Express Highway", "condition": "POOR", "color": "#f97316", "score": 65}, "geometry": {"type": "Point", "coordinates": [72.8564122, 19.1247313]}}, {"type": "Feature", "id": "obs-ANDHERI-SEG-324-1", "properties": {"roadId": "ANDHERI-SEG-324", "roadName": "Western Express Highway", "condition": "WATCH", "color": "#eab308", "score": 65}, "geometry": {"type": "Point", "coordinates": [72.856267, 19.125064]}}, {"type": "Feature", "id": "obs-ANDHERI-SEG-324-2", "properties": {"roadId": "ANDHERI-SEG-324", "roadName": "Western Express Highway", "condition": "WATCH", "color": "#eab308", "score": 65}, "geometry": {"type": "Point", "coordinates": [72.8562448, 19.1251154]}}, {"type": "Feature", "id": "obs-ANDHERI-SEG-325-0", "properties": {"roadId": "ANDHERI-SEG-325", "roadName": "Western Express Highway", "condition": "HEALTHY", "color": "#10b981", "score": 88}, "geometry": {"type": "Point", "coordinates": [72.8562448, 19.1251154]}}, {"type": "Feature", "id": "obs-ANDHERI-SEG-325-1", "properties": {"roadId": "ANDHERI-SEG-325", "roadName": "Western Express Highway", "condition": "HEALTHY", "color": "#10b981", "score": 88}, "geometry": {"type": "Point", "coordinates": [72.8560972, 19.1253885]}}, {"type": "Feature", "id": "obs-ANDHERI-SEG-326-0", "properties": {"roadId": "ANDHERI-SEG-326", "roadName": "Western Express Highway", "condition": "HEALTHY", "color": "#10b981", "score": 82}, "geometry": {"type": "Point", "coordinates": [72.8564198, 19.1251983]}}, {"type": "Feature", "id": "obs-ANDHERI-SEG-326-1", "properties": {"roadId": "ANDHERI-SEG-326", "roadName": "Western Express Highway", "condition": "HEALTHY", "color": "#10b981", "score": 82}, "geometry": {"type": "Point", "coordinates": [72.85657, 19.12487]}}, {"type": "Feature", "id": "obs-ANDHERI-SEG-326-2", "properties": {"roadId": "ANDHERI-SEG-326", "roadName": "Western Express Highway", "condition": "HEALTHY", "color": "#10b981", "score": 82}, "geometry": {"type": "Point", "coordinates": [72.8565964, 19.1247661]}}, {"type": "Feature", "id": "obs-ANDHERI-SEG-327-0", "properties": {"roadId": "ANDHERI-SEG-327", "roadName": "Western Express Highway", "condition": "POOR", "color": "#f97316", "score": 68}, "geometry": {"type": "Point", "coordinates": [72.8562837, 19.1254824]}}, {"type": "Feature", "id": "obs-ANDHERI-SEG-327-1", "properties": {"roadId": "ANDHERI-SEG-327", "roadName": "Western Express Highway", "condition": "WATCH", "color": "#eab308", "score": 68}, "geometry": {"type": "Point", "coordinates": [72.8564198, 19.1251983]}}, {"type": "Feature", "id": "obs-ANDHERI-SEG-328-0", "properties": {"roadId": "ANDHERI-SEG-328", "roadName": "Service Road", "condition": "HEALTHY", "color": "#10b981", "score": 91}, "geometry": {"type": "Point", "coordinates": [72.8552927, 19.1264346]}}, {"type": "Feature", "id": "obs-ANDHERI-SEG-328-1", "properties": {"roadId": "ANDHERI-SEG-328", "roadName": "Service Road", "condition": "HEALTHY", "color": "#10b981", "score": 91}, "geometry": {"type": "Point", "coordinates": [72.855172, 19.126775]}}, {"type": "Feature", "id": "obs-ANDHERI-SEG-328-2", "properties": {"roadId": "ANDHERI-SEG-328", "roadName": "Service Road", "condition": "HEALTHY", "color": "#10b981", "score": 91}, "geometry": {"type": "Point", "coordinates": [72.855116, 19.12713]}}, {"type": "Feature", "id": "obs-ANDHERI-SEG-328-3", "properties": {"roadId": "ANDHERI-SEG-328", "roadName": "Service Road", "condition": "HEALTHY", "color": "#10b981", "score": 91}, "geometry": {"type": "Point", "coordinates": [72.855098, 19.127489]}}, {"type": "Feature", "id": "obs-ANDHERI-SEG-328-4", "properties": {"roadId": "ANDHERI-SEG-328", "roadName": "Service Road", "condition": "HEALTHY", "color": "#10b981", "score": 91}, "geometry": {"type": "Point", "coordinates": [72.855092, 19.127849]}}, {"type": "Feature", "id": "obs-ANDHERI-SEG-328-5", "properties": {"roadId": "ANDHERI-SEG-328", "roadName": "Service Road", "condition": "HEALTHY", "color": "#10b981", "score": 91}, "geometry": {"type": "Point", "coordinates": [72.855085, 19.128209]}}, {"type": "Feature", "id": "obs-ANDHERI-SEG-328-6", "properties": {"roadId": "ANDHERI-SEG-328", "roadName": "Service Road", "condition": "HEALTHY", "color": "#10b981", "score": 91}, "geometry": {"type": "Point", "coordinates": [72.855079, 19.128569]}}, {"type": "Feature", "id": "obs-ANDHERI-SEG-328-7", "properties": {"roadId": "ANDHERI-SEG-328", "roadName": "Service Road", "condition": "HEALTHY", "color": "#10b981", "score": 91}, "geometry": {"type": "Point", "coordinates": [72.855073, 19.128928]}}, {"type": "Feature", "id": "obs-ANDHERI-SEG-328-8", "properties": {"roadId": "ANDHERI-SEG-328", "roadName": "Service Road", "condition": "HEALTHY", "color": "#10b981", "score": 91}, "geometry": {"type": "Point", "coordinates": [72.8550709, 19.1290421]}}, {"type": "Feature", "id": "obs-ANDHERI-SEG-329-0", "properties": {"roadId": "ANDHERI-SEG-329", "roadName": "G K Gokhale Flyover", "condition": "POOR", "color": "#f97316", "score": 64}, "geometry": {"type": "Point", "coordinates": [72.8484964, 19.1153648]}}, {"type": "Feature", "id": "obs-ANDHERI-SEG-329-1", "properties": {"roadId": "ANDHERI-SEG-329", "roadName": "G K Gokhale Flyover", "condition": "WATCH", "color": "#eab308", "score": 64}, "geometry": {"type": "Point", "coordinates": [72.848876, 19.115392]}}, {"type": "Feature", "id": "obs-ANDHERI-SEG-329-2", "properties": {"roadId": "ANDHERI-SEG-329", "roadName": "G K Gokhale Flyover", "condition": "WATCH", "color": "#eab308", "score": 64}, "geometry": {"type": "Point", "coordinates": [72.849256, 19.115419]}}, {"type": "Feature", "id": "obs-ANDHERI-SEG-329-3", "properties": {"roadId": "ANDHERI-SEG-329", "roadName": "G K Gokhale Flyover", "condition": "WATCH", "color": "#eab308", "score": 64}, "geometry": {"type": "Point", "coordinates": [72.849636, 19.11541]}}, {"type": "Feature", "id": "obs-ANDHERI-SEG-329-4", "properties": {"roadId": "ANDHERI-SEG-329", "roadName": "G K Gokhale Flyover", "condition": "POOR", "color": "#f97316", "score": 64}, "geometry": {"type": "Point", "coordinates": [72.8496873, 19.1154079]}}, {"type": "Feature", "id": "obs-ANDHERI-SEG-330-0", "properties": {"roadId": "ANDHERI-SEG-330", "roadName": "G K Gokhale Flyover", "condition": "CRITICAL", "color": "#ef4444", "score": 46}, "geometry": {"type": "Point", "coordinates": [72.8496844, 19.1153179]}}, {"type": "Feature", "id": "obs-ANDHERI-SEG-330-1", "properties": {"roadId": "ANDHERI-SEG-330", "roadName": "G K Gokhale Flyover", "condition": "POOR", "color": "#f97316", "score": 46}, "geometry": {"type": "Point", "coordinates": [72.849304, 19.115316]}}, {"type": "Feature", "id": "obs-ANDHERI-SEG-330-2", "properties": {"roadId": "ANDHERI-SEG-330", "roadName": "G K Gokhale Flyover", "condition": "POOR", "color": "#f97316", "score": 46}, "geometry": {"type": "Point", "coordinates": [72.848924, 19.115296]}}, {"type": "Feature", "id": "obs-ANDHERI-SEG-330-3", "properties": {"roadId": "ANDHERI-SEG-330", "roadName": "G K Gokhale Flyover", "condition": "CRITICAL", "color": "#ef4444", "score": 46}, "geometry": {"type": "Point", "coordinates": [72.848546, 19.115261]}}, {"type": "Feature", "id": "obs-ANDHERI-SEG-330-4", "properties": {"roadId": "ANDHERI-SEG-330", "roadName": "G K Gokhale Flyover", "condition": "POOR", "color": "#f97316", "score": 46}, "geometry": {"type": "Point", "coordinates": [72.8484942, 19.1152537]}}, {"type": "Feature", "id": "obs-ANDHERI-SEG-331-0", "properties": {"roadId": "ANDHERI-SEG-331", "roadName": "Jijamata Road", "condition": "HEALTHY", "color": "#10b981", "score": 85}, "geometry": {"type": "Point", "coordinates": [72.8632293, 19.1256492]}}, {"type": "Feature", "id": "obs-ANDHERI-SEG-331-1", "properties": {"roadId": "ANDHERI-SEG-331", "roadName": "Jijamata Road", "condition": "HEALTHY", "color": "#10b981", "score": 85}, "geometry": {"type": "Point", "coordinates": [72.863607, 19.125604]}}, {"type": "Feature", "id": "obs-ANDHERI-SEG-331-2", "properties": {"roadId": "ANDHERI-SEG-331", "roadName": "Jijamata Road", "condition": "HEALTHY", "color": "#10b981", "score": 85}, "geometry": {"type": "Point", "coordinates": [72.863977, 19.125521]}}, {"type": "Feature", "id": "obs-ANDHERI-SEG-331-3", "properties": {"roadId": "ANDHERI-SEG-331", "roadName": "Jijamata Road", "condition": "HEALTHY", "color": "#10b981", "score": 85}, "geometry": {"type": "Point", "coordinates": [72.864336, 19.125402]}}, {"type": "Feature", "id": "obs-ANDHERI-SEG-331-4", "properties": {"roadId": "ANDHERI-SEG-331", "roadName": "Jijamata Road", "condition": "HEALTHY", "color": "#10b981", "score": 85}, "geometry": {"type": "Point", "coordinates": [72.864684, 19.125258]}}, {"type": "Feature", "id": "obs-ANDHERI-SEG-331-5", "properties": {"roadId": "ANDHERI-SEG-331", "roadName": "Jijamata Road", "condition": "HEALTHY", "color": "#10b981", "score": 85}, "geometry": {"type": "Point", "coordinates": [72.8648216, 19.1251016]}}, {"type": "Feature", "id": "obs-ANDHERI-SEG-332-0", "properties": {"roadId": "ANDHERI-SEG-332", "roadName": "N S Phadke Marg", "condition": "POOR", "color": "#f97316", "score": 71}, "geometry": {"type": "Point", "coordinates": [72.848424, 19.1151798]}}, {"type": "Feature", "id": "obs-ANDHERI-SEG-332-1", "properties": {"roadId": "ANDHERI-SEG-332", "roadName": "N S Phadke Marg", "condition": "WATCH", "color": "#eab308", "score": 71}, "geometry": {"type": "Point", "coordinates": [72.848047, 19.11522]}}, {"type": "Feature", "id": "obs-ANDHERI-SEG-332-2", "properties": {"roadId": "ANDHERI-SEG-332", "roadName": "N S Phadke Marg", "condition": "WATCH", "color": "#eab308", "score": 71}, "geometry": {"type": "Point", "coordinates": [72.847675, 19.115294]}}, {"type": "Feature", "id": "obs-ANDHERI-SEG-332-3", "properties": {"roadId": "ANDHERI-SEG-332", "roadName": "N S Phadke Marg", "condition": "WATCH", "color": "#eab308", "score": 71}, "geometry": {"type": "Point", "coordinates": [72.8473, 19.115359]}}, {"type": "Feature", "id": "obs-ANDHERI-SEG-332-4", "properties": {"roadId": "ANDHERI-SEG-332", "roadName": "N S Phadke Marg", "condition": "POOR", "color": "#f97316", "score": 71}, "geometry": {"type": "Point", "coordinates": [72.8472852, 19.1153603]}}, {"type": "Feature", "id": "obs-ANDHERI-SEG-333-0", "properties": {"roadId": "ANDHERI-SEG-333", "roadName": "Squatters Colony Road", "condition": "CRITICAL", "color": "#ef4444", "score": 29}, "geometry": {"type": "Point", "coordinates": [72.8553944, 19.1349064]}}, {"type": "Feature", "id": "obs-ANDHERI-SEG-333-1", "properties": {"roadId": "ANDHERI-SEG-333", "roadName": "Squatters Colony Road", "condition": "CRITICAL", "color": "#ef4444", "score": 29}, "geometry": {"type": "Point", "coordinates": [72.855757, 19.134813]}}, {"type": "Feature", "id": "obs-ANDHERI-SEG-333-2", "properties": {"roadId": "ANDHERI-SEG-333", "roadName": "Squatters Colony Road", "condition": "CRITICAL", "color": "#ef4444", "score": 29}, "geometry": {"type": "Point", "coordinates": [72.856129, 19.134738]}}, {"type": "Feature", "id": "obs-ANDHERI-SEG-333-3", "properties": {"roadId": "ANDHERI-SEG-333", "roadName": "Squatters Colony Road", "condition": "CRITICAL", "color": "#ef4444", "score": 29}, "geometry": {"type": "Point", "coordinates": [72.856502, 19.134663]}}, {"type": "Feature", "id": "obs-ANDHERI-SEG-333-4", "properties": {"roadId": "ANDHERI-SEG-333", "roadName": "Squatters Colony Road", "condition": "CRITICAL", "color": "#ef4444", "score": 29}, "geometry": {"type": "Point", "coordinates": [72.856823, 19.134765]}}, {"type": "Feature", "id": "obs-ANDHERI-SEG-333-5", "properties": {"roadId": "ANDHERI-SEG-333", "roadName": "Squatters Colony Road", "condition": "CRITICAL", "color": "#ef4444", "score": 29}, "geometry": {"type": "Point", "coordinates": [72.857044, 19.135058]}}, {"type": "Feature", "id": "obs-ANDHERI-SEG-333-6", "properties": {"roadId": "ANDHERI-SEG-333", "roadName": "Squatters Colony Road", "condition": "CRITICAL", "color": "#ef4444", "score": 29}, "geometry": {"type": "Point", "coordinates": [72.857281, 19.135337]}}, {"type": "Feature", "id": "obs-ANDHERI-SEG-333-7", "properties": {"roadId": "ANDHERI-SEG-333", "roadName": "Squatters Colony Road", "condition": "CRITICAL", "color": "#ef4444", "score": 29}, "geometry": {"type": "Point", "coordinates": [72.8574769, 19.1354688]}}, {"type": "Feature", "id": "obs-ANDHERI-SEG-334-0", "properties": {"roadId": "ANDHERI-SEG-334", "roadName": "Vijay Raut Road", "condition": "CRITICAL", "color": "#ef4444", "score": 42}, "geometry": {"type": "Point", "coordinates": [72.8593201, 19.1274035]}}, {"type": "Feature", "id": "obs-ANDHERI-SEG-334-1", "properties": {"roadId": "ANDHERI-SEG-334", "roadName": "Vijay Raut Road", "condition": "POOR", "color": "#f97316", "score": 42}, "geometry": {"type": "Point", "coordinates": [72.859208, 19.12706]}}, {"type": "Feature", "id": "obs-ANDHERI-SEG-334-2", "properties": {"roadId": "ANDHERI-SEG-334", "roadName": "Vijay Raut Road", "condition": "POOR", "color": "#f97316", "score": 42}, "geometry": {"type": "Point", "coordinates": [72.859112, 19.126712]}}, {"type": "Feature", "id": "obs-ANDHERI-SEG-334-3", "properties": {"roadId": "ANDHERI-SEG-334", "roadName": "Vijay Raut Road", "condition": "CRITICAL", "color": "#ef4444", "score": 42}, "geometry": {"type": "Point", "coordinates": [72.8590493, 19.1264573]}}, {"type": "Feature", "id": "obs-ANDHERI-SEG-335-0", "properties": {"roadId": "ANDHERI-SEG-335", "roadName": "Sahar Road", "condition": "HEALTHY", "color": "#10b981", "score": 79}, "geometry": {"type": "Point", "coordinates": [72.8479977, 19.1181901]}}, {"type": "Feature", "id": "obs-ANDHERI-SEG-335-1", "properties": {"roadId": "ANDHERI-SEG-335", "roadName": "Sahar Road", "condition": "HEALTHY", "color": "#10b981", "score": 79}, "geometry": {"type": "Point", "coordinates": [72.8480421, 19.1185469]}}, {"type": "Feature", "id": "obs-ANDHERI-SEG-336-0", "properties": {"roadId": "ANDHERI-SEG-336", "roadName": "Rajmata Jijabai Marg", "condition": "POOR", "color": "#f97316", "score": 65}, "geometry": {"type": "Point", "coordinates": [72.8600486, 19.1282722]}}, {"type": "Feature", "id": "obs-ANDHERI-SEG-336-1", "properties": {"roadId": "ANDHERI-SEG-336", "roadName": "Rajmata Jijabai Marg", "condition": "WATCH", "color": "#eab308", "score": 65}, "geometry": {"type": "Point", "coordinates": [72.860209, 19.128596]}}, {"type": "Feature", "id": "obs-ANDHERI-SEG-336-2", "properties": {"roadId": "ANDHERI-SEG-336", "roadName": "Rajmata Jijabai Marg", "condition": "WATCH", "color": "#eab308", "score": 65}, "geometry": {"type": "Point", "coordinates": [72.860336, 19.128935]}}, {"type": "Feature", "id": "obs-ANDHERI-SEG-336-3", "properties": {"roadId": "ANDHERI-SEG-336", "roadName": "Rajmata Jijabai Marg", "condition": "WATCH", "color": "#eab308", "score": 65}, "geometry": {"type": "Point", "coordinates": [72.860469, 19.129267]}}, {"type": "Feature", "id": "obs-ANDHERI-SEG-336-4", "properties": {"roadId": "ANDHERI-SEG-336", "roadName": "Rajmata Jijabai Marg", "condition": "POOR", "color": "#f97316", "score": 65}, "geometry": {"type": "Point", "coordinates": [72.8604696, 19.129268]}}, {"type": "Feature", "id": "obs-ANDHERI-SEG-337-0", "properties": {"roadId": "ANDHERI-SEG-337", "roadName": "Tertiary (1465311856)", "condition": "HEALTHY", "color": "#10b981", "score": 88}, "geometry": {"type": "Point", "coordinates": [72.8604696, 19.129268]}}, {"type": "Feature", "id": "obs-ANDHERI-SEG-337-1", "properties": {"roadId": "ANDHERI-SEG-337", "roadName": "Tertiary (1465311856)", "condition": "HEALTHY", "color": "#10b981", "score": 88}, "geometry": {"type": "Point", "coordinates": [72.860387, 19.128922]}}, {"type": "Feature", "id": "obs-ANDHERI-SEG-337-2", "properties": {"roadId": "ANDHERI-SEG-337", "roadName": "Tertiary (1465311856)", "condition": "HEALTHY", "color": "#10b981", "score": 88}, "geometry": {"type": "Point", "coordinates": [72.86026, 19.128583]}}, {"type": "Feature", "id": "obs-ANDHERI-SEG-337-3", "properties": {"roadId": "ANDHERI-SEG-337", "roadName": "Tertiary (1465311856)", "condition": "HEALTHY", "color": "#10b981", "score": 88}, "geometry": {"type": "Point", "coordinates": [72.860105, 19.128258]}}, {"type": "Feature", "id": "obs-ANDHERI-SEG-337-4", "properties": {"roadId": "ANDHERI-SEG-337", "roadName": "Tertiary (1465311856)", "condition": "HEALTHY", "color": "#10b981", "score": 88}, "geometry": {"type": "Point", "coordinates": [72.8600491, 19.1282232]}}, {"type": "Feature", "id": "obs-ANDHERI-SEG-338-0", "properties": {"roadId": "ANDHERI-SEG-338", "roadName": "Tertiary (1465311859)", "condition": "HEALTHY", "color": "#10b981", "score": 82}, "geometry": {"type": "Point", "coordinates": [72.8600491, 19.1282232]}}, {"type": "Feature", "id": "obs-ANDHERI-SEG-338-1", "properties": {"roadId": "ANDHERI-SEG-338", "roadName": "Tertiary (1465311859)", "condition": "HEALTHY", "color": "#10b981", "score": 82}, "geometry": {"type": "Point", "coordinates": [72.859697, 19.128171]}}, {"type": "Feature", "id": "obs-ANDHERI-SEG-338-2", "properties": {"roadId": "ANDHERI-SEG-338", "roadName": "Tertiary (1465311859)", "condition": "HEALTHY", "color": "#10b981", "score": 82}, "geometry": {"type": "Point", "coordinates": [72.859546, 19.127841]}}, {"type": "Feature", "id": "obs-ANDHERI-SEG-338-3", "properties": {"roadId": "ANDHERI-SEG-338", "roadName": "Tertiary (1465311859)", "condition": "HEALTHY", "color": "#10b981", "score": 82}, "geometry": {"type": "Point", "coordinates": [72.859379, 19.127521]}}, {"type": "Feature", "id": "obs-ANDHERI-SEG-338-4", "properties": {"roadId": "ANDHERI-SEG-338", "roadName": "Tertiary (1465311859)", "condition": "HEALTHY", "color": "#10b981", "score": 82}, "geometry": {"type": "Point", "coordinates": [72.8593617, 19.1275068]}}, {"type": "Feature", "id": "obs-ANDHERI-SEG-339-0", "properties": {"roadId": "ANDHERI-SEG-339", "roadName": "Vijay Raut Road", "condition": "POOR", "color": "#f97316", "score": 68}, "geometry": {"type": "Point", "coordinates": [72.8596573, 19.1281934]}}, {"type": "Feature", "id": "obs-ANDHERI-SEG-339-1", "properties": {"roadId": "ANDHERI-SEG-339", "roadName": "Vijay Raut Road", "condition": "WATCH", "color": "#eab308", "score": 68}, "geometry": {"type": "Point", "coordinates": [72.859991, 19.12824]}}, {"type": "Feature", "id": "obs-ANDHERI-SEG-339-2", "properties": {"roadId": "ANDHERI-SEG-339", "roadName": "Vijay Raut Road", "condition": "WATCH", "color": "#eab308", "score": 68}, "geometry": {"type": "Point", "coordinates": [72.8600026, 19.128244]}}, {"type": "Feature", "id": "obs-ANDHERI-SEG-340-0", "properties": {"roadId": "ANDHERI-SEG-340", "roadName": "Secondary (1466464030)", "condition": "HEALTHY", "color": "#10b981", "score": 91}, "geometry": {"type": "Point", "coordinates": [72.8540833, 19.1236767]}}, {"type": "Feature", "id": "obs-ANDHERI-SEG-340-1", "properties": {"roadId": "ANDHERI-SEG-340", "roadName": "Secondary (1466464030)", "condition": "HEALTHY", "color": "#10b981", "score": 91}, "geometry": {"type": "Point", "coordinates": [72.854259, 19.12379]}}, {"type": "Feature", "id": "obs-ANDHERI-SEG-340-2", "properties": {"roadId": "ANDHERI-SEG-340", "roadName": "Secondary (1466464030)", "condition": "HEALTHY", "color": "#10b981", "score": 91}, "geometry": {"type": "Point", "coordinates": [72.8540833, 19.1236767]}}, {"type": "Feature", "id": "obs-ANDHERI-SEG-341-0", "properties": {"roadId": "ANDHERI-SEG-341", "roadName": "Mathuradas Vasanji Road", "condition": "POOR", "color": "#f97316", "score": 64}, "geometry": {"type": "Point", "coordinates": [72.8491744, 19.1203111]}}, {"type": "Feature", "id": "obs-ANDHERI-SEG-341-1", "properties": {"roadId": "ANDHERI-SEG-341", "roadName": "Mathuradas Vasanji Road", "condition": "WATCH", "color": "#eab308", "score": 64}, "geometry": {"type": "Point", "coordinates": [72.84949, 19.12011]}}, {"type": "Feature", "id": "obs-ANDHERI-SEG-341-2", "properties": {"roadId": "ANDHERI-SEG-341", "roadName": "Mathuradas Vasanji Road", "condition": "WATCH", "color": "#eab308", "score": 64}, "geometry": {"type": "Point", "coordinates": [72.849805, 19.119908]}}, {"type": "Feature", "id": "obs-ANDHERI-SEG-341-3", "properties": {"roadId": "ANDHERI-SEG-341", "roadName": "Mathuradas Vasanji Road", "condition": "WATCH", "color": "#eab308", "score": 64}, "geometry": {"type": "Point", "coordinates": [72.850122, 19.119708]}}, {"type": "Feature", "id": "obs-ANDHERI-SEG-341-4", "properties": {"roadId": "ANDHERI-SEG-341", "roadName": "Mathuradas Vasanji Road", "condition": "POOR", "color": "#f97316", "score": 64}, "geometry": {"type": "Point", "coordinates": [72.850439, 19.119509]}}, {"type": "Feature", "id": "obs-ANDHERI-SEG-341-5", "properties": {"roadId": "ANDHERI-SEG-341", "roadName": "Mathuradas Vasanji Road", "condition": "WATCH", "color": "#eab308", "score": 64}, "geometry": {"type": "Point", "coordinates": [72.850755, 19.119309]}}, {"type": "Feature", "id": "obs-ANDHERI-SEG-341-6", "properties": {"roadId": "ANDHERI-SEG-341", "roadName": "Mathuradas Vasanji Road", "condition": "WATCH", "color": "#eab308", "score": 64}, "geometry": {"type": "Point", "coordinates": [72.8509945, 19.1191589]}}, {"type": "Feature", "id": "obs-ANDHERI-SEG-342-0", "properties": {"roadId": "ANDHERI-SEG-342", "roadName": "Tertiary (1469369882)", "condition": "CRITICAL", "color": "#ef4444", "score": 46}, "geometry": {"type": "Point", "coordinates": [72.8552697, 19.1161745]}}, {"type": "Feature", "id": "obs-ANDHERI-SEG-342-1", "properties": {"roadId": "ANDHERI-SEG-342", "roadName": "Tertiary (1469369882)", "condition": "POOR", "color": "#f97316", "score": 46}, "geometry": {"type": "Point", "coordinates": [72.855289, 19.115833]}}, {"type": "Feature", "id": "obs-ANDHERI-SEG-342-2", "properties": {"roadId": "ANDHERI-SEG-342", "roadName": "Tertiary (1469369882)", "condition": "POOR", "color": "#f97316", "score": 46}, "geometry": {"type": "Point", "coordinates": [72.855239, 19.115477]}}, {"type": "Feature", "id": "obs-ANDHERI-SEG-342-3", "properties": {"roadId": "ANDHERI-SEG-342", "roadName": "Tertiary (1469369882)", "condition": "CRITICAL", "color": "#ef4444", "score": 46}, "geometry": {"type": "Point", "coordinates": [72.8551714, 19.1153735]}}, {"type": "Feature", "id": "obs-ANDHERI-SEG-343-0", "properties": {"roadId": "ANDHERI-SEG-343", "roadName": "Secondary (1486443821)", "condition": "HEALTHY", "color": "#10b981", "score": 85}, "geometry": {"type": "Point", "coordinates": [72.8647766, 19.1249023]}}, {"type": "Feature", "id": "obs-ANDHERI-SEG-343-1", "properties": {"roadId": "ANDHERI-SEG-343", "roadName": "Secondary (1486443821)", "condition": "HEALTHY", "color": "#10b981", "score": 85}, "geometry": {"type": "Point", "coordinates": [72.8646368, 19.1247858]}}, {"type": "Feature", "id": "obs-ANDHERI-SEG-344-0", "properties": {"roadId": "ANDHERI-SEG-344", "roadName": "Secondary (1486443822)", "condition": "POOR", "color": "#f97316", "score": 71}, "geometry": {"type": "Point", "coordinates": [72.8646368, 19.1247858]}}, {"type": "Feature", "id": "obs-ANDHERI-SEG-344-1", "properties": {"roadId": "ANDHERI-SEG-344", "roadName": "Secondary (1486443822)", "condition": "WATCH", "color": "#eab308", "score": 71}, "geometry": {"type": "Point", "coordinates": [72.8646765, 19.1249577]}}, {"type": "Feature", "id": "obs-ANDHERI-SEG-345-0", "properties": {"roadId": "ANDHERI-SEG-345", "roadName": "Guru Hargovindji Road", "condition": "CRITICAL", "color": "#ef4444", "score": 29}, "geometry": {"type": "Point", "coordinates": [72.8550367, 19.1132114]}}, {"type": "Feature", "id": "obs-ANDHERI-SEG-345-1", "properties": {"roadId": "ANDHERI-SEG-345", "roadName": "Guru Hargovindji Road", "condition": "CRITICAL", "color": "#ef4444", "score": 29}, "geometry": {"type": "Point", "coordinates": [72.855401, 19.113107]}}, {"type": "Feature", "id": "obs-ANDHERI-SEG-345-2", "properties": {"roadId": "ANDHERI-SEG-345", "roadName": "Guru Hargovindji Road", "condition": "CRITICAL", "color": "#ef4444", "score": 29}, "geometry": {"type": "Point", "coordinates": [72.855758, 19.112983]}}, {"type": "Feature", "id": "obs-ANDHERI-SEG-345-3", "properties": {"roadId": "ANDHERI-SEG-345", "roadName": "Guru Hargovindji Road", "condition": "CRITICAL", "color": "#ef4444", "score": 29}, "geometry": {"type": "Point", "coordinates": [72.856116, 19.112859]}}, {"type": "Feature", "id": "obs-ANDHERI-SEG-345-4", "properties": {"roadId": "ANDHERI-SEG-345", "roadName": "Guru Hargovindji Road", "condition": "CRITICAL", "color": "#ef4444", "score": 29}, "geometry": {"type": "Point", "coordinates": [72.856473, 19.112734]}}, {"type": "Feature", "id": "obs-ANDHERI-SEG-345-5", "properties": {"roadId": "ANDHERI-SEG-345", "roadName": "Guru Hargovindji Road", "condition": "CRITICAL", "color": "#ef4444", "score": 29}, "geometry": {"type": "Point", "coordinates": [72.85683, 19.112609]}}, {"type": "Feature", "id": "obs-ANDHERI-SEG-345-6", "properties": {"roadId": "ANDHERI-SEG-345", "roadName": "Guru Hargovindji Road", "condition": "CRITICAL", "color": "#ef4444", "score": 29}, "geometry": {"type": "Point", "coordinates": [72.857187, 19.112485]}}, {"type": "Feature", "id": "obs-ANDHERI-SEG-345-7", "properties": {"roadId": "ANDHERI-SEG-345", "roadName": "Guru Hargovindji Road", "condition": "CRITICAL", "color": "#ef4444", "score": 29}, "geometry": {"type": "Point", "coordinates": [72.857544, 19.11236]}}, {"type": "Feature", "id": "obs-ANDHERI-SEG-345-8", "properties": {"roadId": "ANDHERI-SEG-345", "roadName": "Guru Hargovindji Road", "condition": "CRITICAL", "color": "#ef4444", "score": 29}, "geometry": {"type": "Point", "coordinates": [72.857901, 19.112234]}}, {"type": "Feature", "id": "obs-ANDHERI-SEG-345-9", "properties": {"roadId": "ANDHERI-SEG-345", "roadName": "Guru Hargovindji Road", "condition": "CRITICAL", "color": "#ef4444", "score": 29}, "geometry": {"type": "Point", "coordinates": [72.8582327, 19.1121193]}}, {"type": "Feature", "id": "obs-ANDHERI-SEG-346-0", "properties": {"roadId": "ANDHERI-SEG-346", "roadName": "Tertiary (1486786891)", "condition": "CRITICAL", "color": "#ef4444", "score": 42}, "geometry": {"type": "Point", "coordinates": [72.8586643, 19.1118946]}}, {"type": "Feature", "id": "obs-ANDHERI-SEG-346-1", "properties": {"roadId": "ANDHERI-SEG-346", "roadName": "Tertiary (1486786891)", "condition": "POOR", "color": "#f97316", "score": 42}, "geometry": {"type": "Point", "coordinates": [72.858302, 19.112005]}}, {"type": "Feature", "id": "obs-ANDHERI-SEG-346-2", "properties": {"roadId": "ANDHERI-SEG-346", "roadName": "Tertiary (1486786891)", "condition": "POOR", "color": "#f97316", "score": 42}, "geometry": {"type": "Point", "coordinates": [72.857944, 19.112127]}}, {"type": "Feature", "id": "obs-ANDHERI-SEG-346-3", "properties": {"roadId": "ANDHERI-SEG-346", "roadName": "Tertiary (1486786891)", "condition": "CRITICAL", "color": "#ef4444", "score": 42}, "geometry": {"type": "Point", "coordinates": [72.857586, 19.112249]}}, {"type": "Feature", "id": "obs-ANDHERI-SEG-346-4", "properties": {"roadId": "ANDHERI-SEG-346", "roadName": "Tertiary (1486786891)", "condition": "POOR", "color": "#f97316", "score": 42}, "geometry": {"type": "Point", "coordinates": [72.857228, 19.112372]}}, {"type": "Feature", "id": "obs-ANDHERI-SEG-346-5", "properties": {"roadId": "ANDHERI-SEG-346", "roadName": "Tertiary (1486786891)", "condition": "POOR", "color": "#f97316", "score": 42}, "geometry": {"type": "Point", "coordinates": [72.85687, 19.112495]}}, {"type": "Feature", "id": "obs-ANDHERI-SEG-346-6", "properties": {"roadId": "ANDHERI-SEG-346", "roadName": "Tertiary (1486786891)", "condition": "CRITICAL", "color": "#ef4444", "score": 42}, "geometry": {"type": "Point", "coordinates": [72.856513, 19.112619]}}, {"type": "Feature", "id": "obs-ANDHERI-SEG-346-7", "properties": {"roadId": "ANDHERI-SEG-346", "roadName": "Tertiary (1486786891)", "condition": "POOR", "color": "#f97316", "score": 42}, "geometry": {"type": "Point", "coordinates": [72.856155, 19.112743]}}, {"type": "Feature", "id": "obs-ANDHERI-SEG-346-8", "properties": {"roadId": "ANDHERI-SEG-346", "roadName": "Tertiary (1486786891)", "condition": "POOR", "color": "#f97316", "score": 42}, "geometry": {"type": "Point", "coordinates": [72.855797, 19.112865]}}, {"type": "Feature", "id": "obs-ANDHERI-SEG-346-9", "properties": {"roadId": "ANDHERI-SEG-346", "roadName": "Tertiary (1486786891)", "condition": "CRITICAL", "color": "#ef4444", "score": 42}, "geometry": {"type": "Point", "coordinates": [72.855439, 19.112988]}}, {"type": "Feature", "id": "obs-ANDHERI-SEG-346-10", "properties": {"roadId": "ANDHERI-SEG-346", "roadName": "Tertiary (1486786891)", "condition": "POOR", "color": "#f97316", "score": 42}, "geometry": {"type": "Point", "coordinates": [72.855079, 19.113103]}}, {"type": "Feature", "id": "obs-ANDHERI-SEG-346-11", "properties": {"roadId": "ANDHERI-SEG-346", "roadName": "Tertiary (1486786891)", "condition": "POOR", "color": "#f97316", "score": 42}, "geometry": {"type": "Point", "coordinates": [72.8548015, 19.1131915]}}, {"type": "Feature", "id": "obs-ANDHERI-SEG-347-0", "properties": {"roadId": "ANDHERI-SEG-347", "roadName": "New Nagardas Road", "condition": "HEALTHY", "color": "#10b981", "score": 79}, "geometry": {"type": "Point", "coordinates": [72.8478024, 19.1210851]}}, {"type": "Feature", "id": "obs-ANDHERI-SEG-347-1", "properties": {"roadId": "ANDHERI-SEG-347", "roadName": "New Nagardas Road", "condition": "HEALTHY", "color": "#10b981", "score": 79}, "geometry": {"type": "Point", "coordinates": [72.847564, 19.121326]}}, {"type": "Feature", "id": "obs-ANDHERI-SEG-347-2", "properties": {"roadId": "ANDHERI-SEG-347", "roadName": "New Nagardas Road", "condition": "HEALTHY", "color": "#10b981", "score": 79}, "geometry": {"type": "Point", "coordinates": [72.847711, 19.121658]}}, {"type": "Feature", "id": "obs-ANDHERI-SEG-347-3", "properties": {"roadId": "ANDHERI-SEG-347", "roadName": "New Nagardas Road", "condition": "HEALTHY", "color": "#10b981", "score": 79}, "geometry": {"type": "Point", "coordinates": [72.8477957, 19.1219071]}}, {"type": "Feature", "id": "obs-ANDHERI-SEG-348-0", "properties": {"roadId": "ANDHERI-SEG-348", "roadName": "New Nagardas Road", "condition": "POOR", "color": "#f97316", "score": 65}, "geometry": {"type": "Point", "coordinates": [72.8477957, 19.1219071]}}, {"type": "Feature", "id": "obs-ANDHERI-SEG-348-1", "properties": {"roadId": "ANDHERI-SEG-348", "roadName": "New Nagardas Road", "condition": "WATCH", "color": "#eab308", "score": 65}, "geometry": {"type": "Point", "coordinates": [72.8478632, 19.1221441]}}, {"type": "Feature", "id": "obs-ANDHERI-SEG-349-0", "properties": {"roadId": "ANDHERI-SEG-349", "roadName": "R K Paramhans / Old Nagardas Road", "condition": "HEALTHY", "color": "#10b981", "score": 88}, "geometry": {"type": "Point", "coordinates": [72.8490834, 19.1203691]}}, {"type": "Feature", "id": "obs-ANDHERI-SEG-349-1", "properties": {"roadId": "ANDHERI-SEG-349", "roadName": "R K Paramhans / Old Nagardas Road", "condition": "HEALTHY", "color": "#10b981", "score": 88}, "geometry": {"type": "Point", "coordinates": [72.8491631, 19.1204581]}}, {"type": "Feature", "id": "obs-ANDHERI-SEG-350-0", "properties": {"roadId": "ANDHERI-SEG-350", "roadName": "Tertiary (1549273623)", "condition": "HEALTHY", "color": "#10b981", "score": 82}, "geometry": {"type": "Point", "coordinates": [72.8562888, 19.1257009]}}, {"type": "Feature", "id": "obs-ANDHERI-SEG-350-1", "properties": {"roadId": "ANDHERI-SEG-350", "roadName": "Tertiary (1549273623)", "condition": "HEALTHY", "color": "#10b981", "score": 82}, "geometry": {"type": "Point", "coordinates": [72.856397, 19.1255121]}}, {"type": "Feature", "id": "obs-ANDHERI-SEG-351-0", "properties": {"roadId": "ANDHERI-SEG-351", "roadName": "Tertiary (1549273626)", "condition": "POOR", "color": "#f97316", "score": 68}, "geometry": {"type": "Point", "coordinates": [72.8564966, 19.1253234]}}, {"type": "Feature", "id": "obs-ANDHERI-SEG-351-1", "properties": {"roadId": "ANDHERI-SEG-351", "roadName": "Tertiary (1549273626)", "condition": "WATCH", "color": "#eab308", "score": 68}, "geometry": {"type": "Point", "coordinates": [72.856631, 19.124987]}}, {"type": "Feature", "id": "obs-ANDHERI-SEG-351-2", "properties": {"roadId": "ANDHERI-SEG-351", "roadName": "Tertiary (1549273626)", "condition": "WATCH", "color": "#eab308", "score": 68}, "geometry": {"type": "Point", "coordinates": [72.856753, 19.124646]}}, {"type": "Feature", "id": "obs-ANDHERI-SEG-351-3", "properties": {"roadId": "ANDHERI-SEG-351", "roadName": "Tertiary (1549273626)", "condition": "WATCH", "color": "#eab308", "score": 68}, "geometry": {"type": "Point", "coordinates": [72.856815, 19.124292]}}, {"type": "Feature", "id": "obs-ANDHERI-SEG-351-4", "properties": {"roadId": "ANDHERI-SEG-351", "roadName": "Tertiary (1549273626)", "condition": "POOR", "color": "#f97316", "score": 68}, "geometry": {"type": "Point", "coordinates": [72.856824, 19.123932]}}, {"type": "Feature", "id": "obs-ANDHERI-SEG-351-5", "properties": {"roadId": "ANDHERI-SEG-351", "roadName": "Tertiary (1549273626)", "condition": "WATCH", "color": "#eab308", "score": 68}, "geometry": {"type": "Point", "coordinates": [72.856801, 19.123573]}}, {"type": "Feature", "id": "obs-ANDHERI-SEG-351-6", "properties": {"roadId": "ANDHERI-SEG-351", "roadName": "Tertiary (1549273626)", "condition": "WATCH", "color": "#eab308", "score": 68}, "geometry": {"type": "Point", "coordinates": [72.856713, 19.123223]}}, {"type": "Feature", "id": "obs-ANDHERI-SEG-351-7", "properties": {"roadId": "ANDHERI-SEG-351", "roadName": "Tertiary (1549273626)", "condition": "WATCH", "color": "#eab308", "score": 68}, "geometry": {"type": "Point", "coordinates": [72.856632, 19.122872]}}, {"type": "Feature", "id": "obs-ANDHERI-SEG-351-8", "properties": {"roadId": "ANDHERI-SEG-351", "roadName": "Tertiary (1549273626)", "condition": "POOR", "color": "#f97316", "score": 68}, "geometry": {"type": "Point", "coordinates": [72.856552, 19.12252]}}, {"type": "Feature", "id": "obs-ANDHERI-SEG-351-9", "properties": {"roadId": "ANDHERI-SEG-351", "roadName": "Tertiary (1549273626)", "condition": "WATCH", "color": "#eab308", "score": 68}, "geometry": {"type": "Point", "coordinates": [72.856472, 19.122168]}}, {"type": "Feature", "id": "obs-ANDHERI-SEG-351-10", "properties": {"roadId": "ANDHERI-SEG-351", "roadName": "Tertiary (1549273626)", "condition": "WATCH", "color": "#eab308", "score": 68}, "geometry": {"type": "Point", "coordinates": [72.856391, 19.121817]}}, {"type": "Feature", "id": "obs-ANDHERI-SEG-351-11", "properties": {"roadId": "ANDHERI-SEG-351", "roadName": "Tertiary (1549273626)", "condition": "WATCH", "color": "#eab308", "score": 68}, "geometry": {"type": "Point", "coordinates": [72.856308, 19.121466]}}, {"type": "Feature", "id": "obs-ANDHERI-SEG-351-12", "properties": {"roadId": "ANDHERI-SEG-351", "roadName": "Tertiary (1549273626)", "condition": "POOR", "color": "#f97316", "score": 68}, "geometry": {"type": "Point", "coordinates": [72.856225, 19.121115]}}, {"type": "Feature", "id": "obs-ANDHERI-SEG-351-13", "properties": {"roadId": "ANDHERI-SEG-351", "roadName": "Tertiary (1549273626)", "condition": "WATCH", "color": "#eab308", "score": 68}, "geometry": {"type": "Point", "coordinates": [72.856141, 19.120764]}}, {"type": "Feature", "id": "obs-ANDHERI-SEG-351-14", "properties": {"roadId": "ANDHERI-SEG-351", "roadName": "Tertiary (1549273626)", "condition": "WATCH", "color": "#eab308", "score": 68}, "geometry": {"type": "Point", "coordinates": [72.856059, 19.120413]}}, {"type": "Feature", "id": "obs-ANDHERI-SEG-351-15", "properties": {"roadId": "ANDHERI-SEG-351", "roadName": "Tertiary (1549273626)", "condition": "WATCH", "color": "#eab308", "score": 68}, "geometry": {"type": "Point", "coordinates": [72.855977, 19.120061]}}, {"type": "Feature", "id": "obs-ANDHERI-SEG-351-16", "properties": {"roadId": "ANDHERI-SEG-351", "roadName": "Tertiary (1549273626)", "condition": "POOR", "color": "#f97316", "score": 68}, "geometry": {"type": "Point", "coordinates": [72.855894, 19.11971]}}, {"type": "Feature", "id": "obs-ANDHERI-SEG-351-17", "properties": {"roadId": "ANDHERI-SEG-351", "roadName": "Tertiary (1549273626)", "condition": "WATCH", "color": "#eab308", "score": 68}, "geometry": {"type": "Point", "coordinates": [72.855853, 19.1195742]}}, {"type": "Feature", "id": "obs-ANDHERI-SEG-352-0", "properties": {"roadId": "ANDHERI-SEG-352", "roadName": "Jijamata Road", "condition": "HEALTHY", "color": "#10b981", "score": 91}, "geometry": {"type": "Point", "coordinates": [72.8565679, 19.1256111]}}, {"type": "Feature", "id": "obs-ANDHERI-SEG-352-1", "properties": {"roadId": "ANDHERI-SEG-352", "roadName": "Jijamata Road", "condition": "HEALTHY", "color": "#10b981", "score": 91}, "geometry": {"type": "Point", "coordinates": [72.856893, 19.125799]}}, {"type": "Feature", "id": "obs-ANDHERI-SEG-352-2", "properties": {"roadId": "ANDHERI-SEG-352", "roadName": "Jijamata Road", "condition": "HEALTHY", "color": "#10b981", "score": 91}, "geometry": {"type": "Point", "coordinates": [72.857217, 19.125987]}}, {"type": "Feature", "id": "obs-ANDHERI-SEG-352-3", "properties": {"roadId": "ANDHERI-SEG-352", "roadName": "Jijamata Road", "condition": "HEALTHY", "color": "#10b981", "score": 91}, "geometry": {"type": "Point", "coordinates": [72.857542, 19.126175]}}, {"type": "Feature", "id": "obs-ANDHERI-SEG-352-4", "properties": {"roadId": "ANDHERI-SEG-352", "roadName": "Jijamata Road", "condition": "HEALTHY", "color": "#10b981", "score": 91}, "geometry": {"type": "Point", "coordinates": [72.8576801, 19.126255]}}, {"type": "Feature", "id": "obs-ANDHERI-SEG-353-0", "properties": {"roadId": "ANDHERI-SEG-353", "roadName": "Guru Hargovindji Road", "condition": "POOR", "color": "#f97316", "score": 64}, "geometry": {"type": "Point", "coordinates": [72.8584016, 19.1118597]}}, {"type": "Feature", "id": "obs-ANDHERI-SEG-353-1", "properties": {"roadId": "ANDHERI-SEG-353", "roadName": "Guru Hargovindji Road", "condition": "WATCH", "color": "#eab308", "score": 64}, "geometry": {"type": "Point", "coordinates": [72.858041, 19.111976]}}, {"type": "Feature", "id": "obs-ANDHERI-SEG-353-2", "properties": {"roadId": "ANDHERI-SEG-353", "roadName": "Guru Hargovindji Road", "condition": "WATCH", "color": "#eab308", "score": 64}, "geometry": {"type": "Point", "coordinates": [72.857682, 19.112095]}}, {"type": "Feature", "id": "obs-ANDHERI-SEG-353-3", "properties": {"roadId": "ANDHERI-SEG-353", "roadName": "Guru Hargovindji Road", "condition": "WATCH", "color": "#eab308", "score": 64}, "geometry": {"type": "Point", "coordinates": [72.857323, 19.112214]}}, {"type": "Feature", "id": "obs-ANDHERI-SEG-353-4", "properties": {"roadId": "ANDHERI-SEG-353", "roadName": "Guru Hargovindji Road", "condition": "POOR", "color": "#f97316", "score": 64}, "geometry": {"type": "Point", "coordinates": [72.856964, 19.112334]}}, {"type": "Feature", "id": "obs-ANDHERI-SEG-353-5", "properties": {"roadId": "ANDHERI-SEG-353", "roadName": "Guru Hargovindji Road", "condition": "WATCH", "color": "#eab308", "score": 64}, "geometry": {"type": "Point", "coordinates": [72.856609, 19.112463]}}, {"type": "Feature", "id": "obs-ANDHERI-SEG-353-6", "properties": {"roadId": "ANDHERI-SEG-353", "roadName": "Guru Hargovindji Road", "condition": "WATCH", "color": "#eab308", "score": 64}, "geometry": {"type": "Point", "coordinates": [72.856253, 19.112592]}}, {"type": "Feature", "id": "obs-ANDHERI-SEG-353-7", "properties": {"roadId": "ANDHERI-SEG-353", "roadName": "Guru Hargovindji Road", "condition": "WATCH", "color": "#eab308", "score": 64}, "geometry": {"type": "Point", "coordinates": [72.855898, 19.112721]}}, {"type": "Feature", "id": "obs-ANDHERI-SEG-353-8", "properties": {"roadId": "ANDHERI-SEG-353", "roadName": "Guru Hargovindji Road", "condition": "POOR", "color": "#f97316", "score": 64}, "geometry": {"type": "Point", "coordinates": [72.855542, 19.11285]}}, {"type": "Feature", "id": "obs-ANDHERI-SEG-353-9", "properties": {"roadId": "ANDHERI-SEG-353", "roadName": "Guru Hargovindji Road", "condition": "WATCH", "color": "#eab308", "score": 64}, "geometry": {"type": "Point", "coordinates": [72.855187, 19.112978]}}, {"type": "Feature", "id": "obs-ANDHERI-SEG-353-10", "properties": {"roadId": "ANDHERI-SEG-353", "roadName": "Guru Hargovindji Road", "condition": "WATCH", "color": "#eab308", "score": 64}, "geometry": {"type": "Point", "coordinates": [72.8551791, 19.112981]}}, {"type": "Feature", "id": "obs-ANDHERI-SEG-354-0", "properties": {"roadId": "ANDHERI-SEG-354", "roadName": "Guru Hargovindji Road", "condition": "CRITICAL", "color": "#ef4444", "score": 46}, "geometry": {"type": "Point", "coordinates": [72.8586638, 19.111978]}}, {"type": "Feature", "id": "obs-ANDHERI-SEG-354-1", "properties": {"roadId": "ANDHERI-SEG-354", "roadName": "Guru Hargovindji Road", "condition": "POOR", "color": "#f97316", "score": 46}, "geometry": {"type": "Point", "coordinates": [72.859033, 19.111891]}}, {"type": "Feature", "id": "obs-ANDHERI-SEG-354-2", "properties": {"roadId": "ANDHERI-SEG-354", "roadName": "Guru Hargovindji Road", "condition": "POOR", "color": "#f97316", "score": 46}, "geometry": {"type": "Point", "coordinates": [72.859401, 19.1118]}}, {"type": "Feature", "id": "obs-ANDHERI-SEG-354-3", "properties": {"roadId": "ANDHERI-SEG-354", "roadName": "Guru Hargovindji Road", "condition": "CRITICAL", "color": "#ef4444", "score": 46}, "geometry": {"type": "Point", "coordinates": [72.85977, 19.111709]}}, {"type": "Feature", "id": "obs-ANDHERI-SEG-354-4", "properties": {"roadId": "ANDHERI-SEG-354", "roadName": "Guru Hargovindji Road", "condition": "POOR", "color": "#f97316", "score": 46}, "geometry": {"type": "Point", "coordinates": [72.860138, 19.111616]}}, {"type": "Feature", "id": "obs-ANDHERI-SEG-354-5", "properties": {"roadId": "ANDHERI-SEG-354", "roadName": "Guru Hargovindji Road", "condition": "POOR", "color": "#f97316", "score": 46}, "geometry": {"type": "Point", "coordinates": [72.860498, 19.111501]}}, {"type": "Feature", "id": "obs-ANDHERI-SEG-354-6", "properties": {"roadId": "ANDHERI-SEG-354", "roadName": "Guru Hargovindji Road", "condition": "CRITICAL", "color": "#ef4444", "score": 46}, "geometry": {"type": "Point", "coordinates": [72.860853, 19.111372]}}, {"type": "Feature", "id": "obs-ANDHERI-SEG-354-7", "properties": {"roadId": "ANDHERI-SEG-354", "roadName": "Guru Hargovindji Road", "condition": "POOR", "color": "#f97316", "score": 46}, "geometry": {"type": "Point", "coordinates": [72.861205, 19.111234]}}, {"type": "Feature", "id": "obs-ANDHERI-SEG-354-8", "properties": {"roadId": "ANDHERI-SEG-354", "roadName": "Guru Hargovindji Road", "condition": "POOR", "color": "#f97316", "score": 46}, "geometry": {"type": "Point", "coordinates": [72.861561, 19.111107]}}, {"type": "Feature", "id": "obs-ANDHERI-SEG-354-9", "properties": {"roadId": "ANDHERI-SEG-354", "roadName": "Guru Hargovindji Road", "condition": "CRITICAL", "color": "#ef4444", "score": 46}, "geometry": {"type": "Point", "coordinates": [72.861932, 19.111034]}}, {"type": "Feature", "id": "obs-ANDHERI-SEG-354-10", "properties": {"roadId": "ANDHERI-SEG-354", "roadName": "Guru Hargovindji Road", "condition": "POOR", "color": "#f97316", "score": 46}, "geometry": {"type": "Point", "coordinates": [72.862312, 19.111031]}}, {"type": "Feature", "id": "obs-ANDHERI-SEG-354-11", "properties": {"roadId": "ANDHERI-SEG-354", "roadName": "Guru Hargovindji Road", "condition": "POOR", "color": "#f97316", "score": 46}, "geometry": {"type": "Point", "coordinates": [72.86269, 19.111071]}}, {"type": "Feature", "id": "obs-ANDHERI-SEG-354-12", "properties": {"roadId": "ANDHERI-SEG-354", "roadName": "Guru Hargovindji Road", "condition": "CRITICAL", "color": "#ef4444", "score": 46}, "geometry": {"type": "Point", "coordinates": [72.863066, 19.111127]}}, {"type": "Feature", "id": "obs-ANDHERI-SEG-354-13", "properties": {"roadId": "ANDHERI-SEG-354", "roadName": "Guru Hargovindji Road", "condition": "POOR", "color": "#f97316", "score": 46}, "geometry": {"type": "Point", "coordinates": [72.863442, 19.111188]}}, {"type": "Feature", "id": "obs-ANDHERI-SEG-354-14", "properties": {"roadId": "ANDHERI-SEG-354", "roadName": "Guru Hargovindji Road", "condition": "POOR", "color": "#f97316", "score": 46}, "geometry": {"type": "Point", "coordinates": [72.863817, 19.111249]}}, {"type": "Feature", "id": "obs-ANDHERI-SEG-354-15", "properties": {"roadId": "ANDHERI-SEG-354", "roadName": "Guru Hargovindji Road", "condition": "CRITICAL", "color": "#ef4444", "score": 46}, "geometry": {"type": "Point", "coordinates": [72.864192, 19.11131]}}, {"type": "Feature", "id": "obs-ANDHERI-SEG-354-16", "properties": {"roadId": "ANDHERI-SEG-354", "roadName": "Guru Hargovindji Road", "condition": "POOR", "color": "#f97316", "score": 46}, "geometry": {"type": "Point", "coordinates": [72.864567, 19.11137]}}, {"type": "Feature", "id": "obs-ANDHERI-SEG-354-17", "properties": {"roadId": "ANDHERI-SEG-354", "roadName": "Guru Hargovindji Road", "condition": "POOR", "color": "#f97316", "score": 46}, "geometry": {"type": "Point", "coordinates": [72.864942, 19.111431]}}, {"type": "Feature", "id": "obs-ANDHERI-SEG-354-18", "properties": {"roadId": "ANDHERI-SEG-354", "roadName": "Guru Hargovindji Road", "condition": "CRITICAL", "color": "#ef4444", "score": 46}, "geometry": {"type": "Point", "coordinates": [72.865317, 19.111497]}}, {"type": "Feature", "id": "obs-ANDHERI-SEG-354-19", "properties": {"roadId": "ANDHERI-SEG-354", "roadName": "Guru Hargovindji Road", "condition": "POOR", "color": "#f97316", "score": 46}, "geometry": {"type": "Point", "coordinates": [72.865691, 19.111564]}}, {"type": "Feature", "id": "obs-ANDHERI-SEG-354-20", "properties": {"roadId": "ANDHERI-SEG-354", "roadName": "Guru Hargovindji Road", "condition": "POOR", "color": "#f97316", "score": 46}, "geometry": {"type": "Point", "coordinates": [72.866049, 19.111682]}}, {"type": "Feature", "id": "obs-ANDHERI-SEG-354-21", "properties": {"roadId": "ANDHERI-SEG-354", "roadName": "Guru Hargovindji Road", "condition": "CRITICAL", "color": "#ef4444", "score": 46}, "geometry": {"type": "Point", "coordinates": [72.866381, 19.111858]}}, {"type": "Feature", "id": "obs-ANDHERI-SEG-354-22", "properties": {"roadId": "ANDHERI-SEG-354", "roadName": "Guru Hargovindji Road", "condition": "POOR", "color": "#f97316", "score": 46}, "geometry": {"type": "Point", "coordinates": [72.866678, 19.112082]}}, {"type": "Feature", "id": "obs-ANDHERI-SEG-354-23", "properties": {"roadId": "ANDHERI-SEG-354", "roadName": "Guru Hargovindji Road", "condition": "POOR", "color": "#f97316", "score": 46}, "geometry": {"type": "Point", "coordinates": [72.8667646, 19.1121655]}}]}